Ticket_ID,Created_Date,Resolved_Date,Region,Category,Subcategory,Priority,Channel,Customer_Type,Agent,Status,SLA_Hours,Resolution_Hours,SLA_Status,Customer_Satisfaction
TKT00001,2026-04-13 00:58:00,2026-04-14 17:58:07.361858109,North,Login,Password Reset,High,Phone,Consumer,Agent_15,Closed,24,41.0,Breached,2.0
TKT00002,2026-09-28 02:40:00,2026-09-30 06:46:52.329171171,West,Account,Account Access,Medium,Chat,Consumer,Agent_15,Resolved,48,52.11,Breached,2.0
TKT00003,2026-04-17 04:43:00,2026-04-18 09:15:53.731331689,East,Login,Password Reset,Medium,Chat,Consumer,Agent_19,Resolved,48,28.55,Met,5.0
TKT00004,2026-03-13 01:45:00,2026-03-13 12:55:57.036406602,West,Login,Password Reset,High,Phone,Consumer,Agent_10,Closed,24,11.18,Met,3.0
TKT00005,2026-07-08 18:48:00,2026-07-09 21:37:56.221309513,North,Technical,System Issue,Medium,Web,Consumer,Agent_02,Resolved,48,26.83,Met,3.0
TKT00006,2026-01-21 03:47:00,2026-01-21 23:35:26.103214659,West,Payment,Card Declined,High,Web,Business,Agent_16,Closed,24,19.81,Met,3.0
TKT00007,2026-04-13 05:17:00,2026-04-13 17:56:15.217241860,North,Technical,System Issue,High,Web,Consumer,Agent_20,Closed,24,12.65,Met,4.0
TKT00008,2026-05-02 13:21:00,,South,Refund,Refund Failed,Low,Phone,Consumer,Agent_05,Pending,72,,Pending,3.0
TKT00009,2026-08-03 14:33:00,2026-08-05 03:15:58.901803498,West,Refund,Refund Failed,Medium,Phone,Consumer,Agent_17,Resolved,48,36.72,Met,5.0
TKT00010,2026-03-29 07:51:00,2026-03-30 10:51:31.973825077,East,Technical,App Error,Low,Web,Business,Agent_03,Closed,72,27.01,Met,4.0
TKT00011,2026-04-10 17:59:00,2026-04-12 01:32:15.987120181,West,Delivery,Wrong Item,Medium,Email,Business,Agent_08,Resolved,48,31.55,Met,4.0
TKT00012,2026-06-01 10:24:00,2026-06-02 00:10:35.354508488,North,Account,Account Verification,Critical,Chat,Consumer,Agent_11,Resolved,12,13.78,Breached,1.0
TKT00013,2026-05-11 00:12:00,2026-05-12 17:19:12.538216232,South,Login,Account Locked,High,Email,Consumer,Agent_05,Resolved,24,41.12,Breached,2.0
TKT00014,2026-05-30 17:21:00,2026-06-02 04:49:43.468355737,East,Payment,Duplicate Charge,Medium,Chat,Consumer,Agent_17,Resolved,48,59.48,Breached,2.0
TKT00015,2026-09-15 11:33:00,,West,Payment,Payment Failed,Medium,Chat,Consumer,Agent_04,Pending,48,,Pending,2.0
TKT00016,2026-07-11 16:12:00,2026-07-14 04:02:15.253460988,South,Login,OTP Issue,Low,Email,Business,Agent_08,Resolved,72,59.84,Met,4.0
TKT00017,2026-06-10 01:52:00,2026-06-10 19:55:51.544516050,North,Refund,Refund Request,Medium,Chat,Consumer,Agent_02,Closed,48,18.06,Met,3.0
TKT00018,2026-01-22 03:48:00,2026-01-24 05:03:32.939859106,East,Delivery,Damaged Item,Low,Email,Consumer,Agent_16,Resolved,72,49.26,Met,3.0
TKT00019,2026-09-10 02:50:00,2026-09-10 22:37:42.928165528,North,Payment,Payment Failed,Medium,Web,Business,Agent_09,Resolved,48,19.8,Met,3.0
TKT00020,2026-08-24 04:54:00,2026-08-26 12:42:17.219012824,West,Payment,Card Declined,Low,Phone,Consumer,Agent_17,Resolved,72,55.8,Met,5.0
TKT00021,2026-02-18 03:08:00,2026-02-18 17:51:42.971994724,North,Account,Account Access,Medium,Chat,Consumer,Agent_10,Resolved,48,14.73,Met,4.0
TKT00022,2026-02-28 07:05:00,,South,Account,Account Access,Low,Email,Business,Agent_13,Pending,72,,Pending,2.0
TKT00023,2026-06-19 16:16:00,2026-06-20 02:22:36.489510237,North,Delivery,Wrong Item,Critical,Phone,Consumer,Agent_17,Closed,12,10.11,Met,4.0
TKT00024,2026-07-07 18:22:00,2026-07-10 10:56:36.224840974,East,Delivery,Wrong Item,High,Chat,Consumer,Agent_12,Resolved,24,64.58,Breached,2.0
TKT00025,2026-09-28 10:57:00,2026-09-29 23:49:17.015859724,South,Payment,Card Declined,Medium,Chat,Consumer,Agent_09,Closed,48,36.87,Met,4.0
TKT00026,2026-07-09 15:18:00,2026-07-11 03:37:21.589570682,West,Account,Account Access,Low,Chat,Consumer,Agent_15,Resolved,72,36.32,Met,3.0
TKT00027,2026-06-24 20:05:00,2026-06-26 16:14:31.942548352,North,Account,Account Verification,Medium,Chat,Consumer,Agent_10,Resolved,48,44.16,Met,5.0
TKT00028,2026-02-20 08:18:00,2026-02-20 17:16:52.103436225,North,Technical,Website Error,Low,Phone,Consumer,Agent_19,Resolved,72,8.98,Met,5.0
TKT00029,2026-02-24 12:41:00,2026-02-26 03:53:31.579134393,West,Delivery,Late Delivery,Medium,Chat,Consumer,Agent_17,Resolved,48,39.21,Met,4.0
TKT00030,2026-09-01 14:25:00,,West,Payment,Card Declined,High,Chat,Consumer,Agent_07,Pending,24,,Pending,3.0
TKT00031,2026-05-11 13:45:00,2026-05-13 09:03:30.231203414,North,Payment,Duplicate Charge,Medium,Phone,Consumer,Agent_14,Resolved,48,43.31,Met,4.0
TKT00032,2026-05-15 01:10:00,2026-05-16 18:55:55.671599066,West,Payment,Payment Failed,Medium,Phone,Consumer,Agent_13,Resolved,48,41.77,Met,5.0
TKT00033,2026-01-21 04:07:00,2026-01-22 18:30:23.633300086,South,Payment,Payment Failed,Medium,Chat,Consumer,Agent_02,Resolved,48,38.39,Met,5.0
TKT00034,2026-06-16 02:25:00,2026-06-16 22:50:15.283503649,East,Technical,System Issue,Critical,Phone,Consumer,Agent_16,Resolved,12,20.42,Breached,1.0
TKT00035,2026-03-30 21:59:00,2026-03-31 16:42:02.188883618,South,Technical,App Error,Critical,Phone,Consumer,Agent_17,Resolved,12,18.72,Breached,2.0
TKT00036,2026-01-14 09:41:00,2026-01-16 02:55:53.882668564,North,Login,Account Locked,Medium,Email,Consumer,Agent_06,Resolved,48,41.25,Met,5.0
TKT00037,2026-08-30 07:49:00,2026-08-31 02:37:44.355631158,South,Login,Account Locked,Medium,Phone,Consumer,Agent_01,Closed,48,18.81,Met,4.0
TKT00038,2026-09-22 03:12:00,2026-09-23 04:25:03.698676249,North,Technical,System Issue,Medium,Web,Business,Agent_06,Resolved,48,25.22,Met,4.0
TKT00039,2026-02-22 18:11:00,2026-02-24 05:28:50.156814015,South,Payment,Card Declined,Low,Email,Consumer,Agent_01,Resolved,72,35.3,Met,5.0
TKT00040,2026-04-02 08:13:00,2026-04-03 20:09:13.567283577,North,Delivery,Late Delivery,Medium,Web,Consumer,Agent_10,Resolved,48,35.94,Met,4.0
TKT00041,2026-09-21 00:51:00,2026-09-23 07:45:25.806548552,West,Technical,Website Error,Medium,Email,Consumer,Agent_20,Resolved,48,54.91,Breached,2.0
TKT00042,2026-02-04 14:41:00,2026-02-07 03:18:23.125161097,South,Technical,Website Error,Low,Email,Consumer,Agent_08,Closed,72,60.62,Met,5.0
TKT00043,2026-07-25 06:02:00,2026-07-27 03:18:45.362646735,North,Account,Account Access,Low,Email,Consumer,Agent_16,Resolved,72,45.28,Met,5.0
TKT00044,2026-03-22 15:16:00,2026-03-24 18:48:02.283377172,West,Account,Account Verification,Medium,Email,Consumer,Agent_12,Resolved,48,51.53,Breached,3.0
TKT00045,2026-02-19 07:53:00,2026-02-20 02:36:54.699464031,North,Account,Profile Update,High,Phone,Business,Agent_19,Resolved,24,18.73,Met,4.0
TKT00046,2026-01-02 08:40:00,,South,Login,OTP Issue,Medium,Web,Consumer,Agent_14,Pending,48,,Pending,3.0
TKT00047,2026-02-23 22:01:00,2026-02-25 04:38:48.375931429,South,Payment,Payment Failed,High,Phone,Consumer,Agent_08,Closed,24,30.63,Breached,3.0
TKT00048,2026-04-16 11:30:00,2026-04-17 17:04:46.857880268,North,Delivery,Late Delivery,Medium,Phone,Business,Agent_19,Resolved,48,29.58,Met,4.0
TKT00049,2026-09-17 20:21:00,2026-09-19 22:29:06.777693509,West,Payment,Payment Failed,Medium,Chat,Business,Agent_15,Resolved,48,50.14,Breached,1.0
TKT00050,2026-07-10 19:11:00,2026-07-11 06:56:39.572214490,East,Login,Password Reset,Medium,Phone,Consumer,Agent_05,Resolved,48,11.76,Met,5.0
TKT00051,2026-08-06 08:51:00,2026-08-06 16:17:53.736069645,North,Payment,Payment Failed,High,Email,Business,Agent_17,Closed,24,7.45,Met,4.0
TKT00052,2026-02-13 23:54:00,2026-02-14 18:10:09.922490454,North,Account,Account Verification,Low,Chat,Consumer,Agent_14,Resolved,72,18.27,Met,3.0
TKT00053,2026-06-11 13:59:00,2026-06-13 00:36:21.198037569,East,Payment,Duplicate Charge,Medium,Chat,Business,Agent_15,Resolved,48,34.62,Met,4.0
TKT00054,2026-07-21 18:08:00,2026-07-24 01:38:45.915854454,North,Refund,Refund Failed,Medium,Phone,Consumer,Agent_08,Resolved,48,55.51,Breached,2.0
TKT00055,2026-09-27 04:00:00,2026-09-29 07:26:28.764655198,South,Account,Account Access,Medium,Web,Consumer,Agent_04,Resolved,48,51.44,Breached,3.0
TKT00056,2026-09-28 23:12:00,2026-09-29 03:08:27.863687533,South,Login,OTP Issue,Critical,Chat,Consumer,Agent_07,Resolved,12,3.94,Met,4.0
TKT00057,2026-08-03 08:55:00,2026-08-05 11:57:21.996380731,West,Account,Account Access,Low,Phone,Consumer,Agent_07,Resolved,72,51.04,Met,3.0
TKT00058,2026-09-09 23:27:00,2026-09-10 21:58:58.033373656,East,Delivery,Wrong Item,Medium,Phone,Consumer,Agent_05,Resolved,48,22.53,Met,5.0
TKT00059,2026-07-09 01:22:00,2026-07-09 19:52:10.335570073,North,Account,Profile Update,Medium,Email,Consumer,Agent_10,Resolved,48,18.5,Met,5.0
TKT00060,2026-08-01 16:21:00,2026-08-02 12:03:42.395525632,South,Login,OTP Issue,High,Web,Consumer,Agent_20,Resolved,24,19.71,Met,5.0
TKT00061,2026-07-27 15:50:00,2026-07-28 14:03:23.383945171,North,Account,Profile Update,Medium,Chat,Consumer,Agent_05,Resolved,48,22.22,Met,4.0
TKT00062,2026-08-25 10:10:00,2026-08-26 01:38:07.198925178,East,Login,Password Reset,High,Web,Business,Agent_04,Resolved,24,15.47,Met,3.0
TKT00063,2026-02-22 09:33:00,2026-02-22 20:10:30.596786515,South,Refund,Refund Request,High,Web,Consumer,Agent_11,Closed,24,10.63,Met,5.0
TKT00064,2026-08-05 04:45:00,2026-08-06 05:22:26.643973789,East,Login,Password Reset,Medium,Web,Consumer,Agent_06,Resolved,48,24.62,Met,3.0
TKT00065,2026-09-09 16:28:00,2026-09-11 23:03:04.361178793,North,Login,Password Reset,Medium,Chat,Consumer,Agent_15,Resolved,48,54.58,Breached,1.0
TKT00066,2026-07-07 07:38:00,2026-07-07 18:32:20.129823763,West,Account,Account Access,Medium,Chat,Consumer,Agent_11,Closed,48,10.91,Met,5.0
TKT00067,2026-02-10 20:35:00,2026-02-11 12:35:10.048410338,North,Account,Account Verification,High,Web,Consumer,Agent_07,Resolved,24,16.0,Met,
TKT00068,2026-06-06 02:05:00,2026-06-07 11:49:16.206234961,North,Login,OTP Issue,Low,Phone,Business,Agent_19,Resolved,72,33.74,Met,4.0
TKT00069,2026-01-15 23:56:00,2026-01-16 19:31:52.803833614,East,Payment,Card Declined,Medium,Chat,Consumer,Agent_05,Resolved,48,19.6,Met,5.0
TKT00070,2026-03-06 07:04:00,2026-03-07 05:57:09.657616066,South,Login,Account Locked,High,Email,Consumer,Agent_04,Resolved,24,22.89,Met,4.0
TKT00071,2026-01-09 09:13:00,2026-01-10 11:17:57.503269279,East,Refund,Refund Failed,Medium,Web,Consumer,Agent_01,Resolved,48,26.08,Met,3.0
TKT00072,2026-05-09 10:09:00,2026-05-10 17:24:09.659237047,South,Account,Account Access,Medium,Chat,Business,Agent_16,Resolved,48,31.25,Met,4.0
TKT00073,2026-05-16 19:41:00,2026-05-17 18:09:28.727127642,North,Account,Account Access,Medium,Chat,Consumer,Agent_12,Closed,48,22.47,Met,4.0
TKT00074,2026-03-04 01:51:00,2026-03-07 07:42:09.249004728,North,Payment,Card Declined,Low,Web,Consumer,Agent_20,Closed,72,77.85,Breached,4.0
TKT00075,2026-05-19 06:41:00,2026-05-20 23:43:14.507412990,West,Login,Account Locked,Medium,Email,Business,Agent_18,Resolved,48,41.04,Met,5.0
TKT00076,2026-03-22 02:01:00,2026-03-23 06:53:38.841871044,West,Delivery,Late Delivery,Medium,Phone,Consumer,Agent_20,Closed,48,28.88,Met,4.0
TKT00077,2026-06-12 04:32:00,2026-06-12 15:58:33.482080611,East,Account,Account Access,Critical,Phone,Consumer,Agent_02,Resolved,12,11.44,Met,3.0
TKT00078,2026-09-18 21:57:00,2026-09-19 22:54:44.294741859,South,Payment,Card Declined,Medium,Chat,Consumer,Agent_13,Resolved,48,24.96,Met,3.0
TKT00079,2026-08-19 06:37:00,2026-08-20 14:37:32.601717072,West,Account,Account Verification,High,Email,Consumer,Agent_12,Resolved,24,32.01,Breached,3.0
TKT00080,2026-02-10 07:50:00,2026-02-11 06:27:43.875092305,West,Login,Account Locked,Medium,Email,Consumer,Agent_04,Resolved,48,22.63,Met,5.0
TKT00081,2026-01-28 16:24:00,2026-01-30 04:44:22.669315900,North,Payment,Card Declined,Low,Web,Consumer,Agent_04,Resolved,72,36.34,Met,3.0
TKT00082,2026-05-15 20:30:00,2026-05-16 09:12:34.741533672,North,Technical,Website Error,High,,Business,Agent_13,Resolved,24,12.71,Met,5.0
TKT00083,2026-07-20 18:53:00,2026-07-21 06:36:35.610017044,East,Technical,App Error,Low,Email,Consumer,Agent_03,Resolved,72,11.73,Met,4.0
TKT00084,2026-09-25 21:41:00,2026-09-26 00:57:19.464957994,East,Login,Password Reset,Critical,Phone,Consumer,Agent_17,Closed,12,3.27,Met,4.0
TKT00085,2026-02-02 09:28:00,2026-02-02 16:15:51.346442004,South,Payment,Card Declined,High,Web,Business,Agent_07,Resolved,24,6.8,Met,3.0
TKT00086,2026-02-17 18:57:00,2026-02-19 07:43:32.843140964,West,Payment,Card Declined,Medium,Web,Consumer,Agent_13,Resolved,48,36.78,Met,5.0
TKT00087,2026-03-03 14:56:00,2026-03-05 01:38:19.650746761,North,Account,Profile Update,Medium,Phone,Consumer,Agent_15,Resolved,48,34.71,Met,4.0
TKT00088,2026-08-04 13:39:00,2026-08-06 03:27:07.309922749,South,Payment,Duplicate Charge,Medium,Phone,Consumer,Agent_14,Resolved,48,37.8,Met,5.0
TKT00089,2026-04-09 14:12:00,2026-04-10 19:43:03.330409670,West,Technical,Website Error,Medium,Web,Business,Agent_16,Closed,48,29.52,Met,4.0
TKT00090,2026-06-21 11:49:00,,South,Login,OTP Issue,Medium,Email,Consumer,Agent_17,Pending,48,,Pending,3.0
TKT00091,2026-08-02 05:20:00,2026-08-05 11:09:30.141392386,South,Login,OTP Issue,Medium,Web,Consumer,Agent_16,Closed,48,77.83,Breached,1.0
TKT00092,2026-02-04 02:58:00,2026-02-05 10:15:48.094076112,East,Account,Account Access,Medium,Phone,Consumer,Agent_16,Closed,48,31.3,Met,3.0
TKT00093,2026-08-15 14:56:00,2026-08-16 12:06:36.064376180,West,Login,Password Reset,Low,Web,Business,Agent_01,Resolved,72,21.18,Met,3.0
TKT00094,2026-04-11 03:38:00,2026-04-12 16:03:05.324053710,South,Account,Account Access,High,Chat,Business,Agent_14,Resolved,24,36.42,Breached,3.0
TKT00095,2026-05-11 13:08:00,2026-05-12 22:55:16.894958780,South,Delivery,Late Delivery,High,Phone,Consumer,Agent_02,Resolved,24,33.79,Breached,3.0
TKT00096,2026-09-14 08:11:00,,South,Payment,Duplicate Charge,Medium,Web,Consumer,Agent_09,Pending,48,,Pending,2.0
TKT00097,2026-01-05 01:00:00,2026-01-05 17:42:22.208865847,East,Payment,Payment Failed,High,Chat,Consumer,Agent_19,Resolved,24,16.71,Met,4.0
TKT00098,2026-08-06 17:57:00,2026-08-07 18:22:13.723359452,East,Login,Account Locked,Low,Phone,Consumer,Agent_05,Resolved,72,24.42,Met,5.0
TKT00099,2026-09-12 08:57:00,2026-09-13 15:16:08.851427821,North,Technical,App Error,Low,Chat,Consumer,Agent_10,Resolved,72,30.32,Met,4.0
TKT00100,2026-07-26 14:07:00,2026-07-28 16:29:57.110052838,East,Account,Account Verification,Medium,Email,Consumer,Agent_06,Resolved,48,50.38,Breached,4.0
TKT00101,2026-01-15 16:27:00,2026-01-17 12:53:34.525953978,East,Delivery,Wrong Item,Medium,Phone,Consumer,Agent_03,Resolved,48,44.44,Met,5.0
TKT00102,2026-02-11 01:04:00,2026-02-11 15:40:10.387506348,West,Technical,App Error,Medium,Chat,Consumer,Agent_02,Resolved,48,14.6,Met,5.0
TKT00103,2026-06-28 09:45:00,2026-06-29 10:24:20.148247720,West,Payment,Card Declined,High,Email,Consumer,Agent_19,Resolved,24,24.66,Breached,3.0
TKT00104,2026-03-04 02:50:00,2026-03-04 12:38:54.394201180,South,Technical,System Issue,Critical,Chat,Business,Agent_06,Closed,12,9.82,Met,5.0
TKT00105,2026-08-19 21:36:00,,North,Delivery,Late Delivery,Medium,Phone,Consumer,Agent_10,Pending,48,,Pending,2.0
TKT00106,2026-08-29 08:54:00,2026-08-29 22:11:40.268722700,East,Login,Password Reset,High,Phone,Consumer,Agent_18,Closed,24,13.29,Met,4.0
TKT00107,2026-02-21 23:34:00,2026-02-22 10:22:09.574049325,West,Login,Password Reset,Low,Phone,Consumer,Agent_14,Closed,72,10.8,Met,3.0
TKT00108,2026-04-06 11:32:00,2026-04-07 16:29:33.350097607,North,Payment,Payment Failed,Low,Email,Consumer,Agent_02,Resolved,72,28.96,Met,5.0
TKT00109,2026-08-10 22:30:00,,West,Delivery,Late Delivery,High,Web,Business,Agent_04,Pending,24,,Pending,3.0
TKT00110,2026-08-19 01:47:00,2026-08-19 19:08:28.898665268,South,Account,Account Verification,Medium,Phone,Consumer,Agent_15,Resolved,48,17.36,Met,3.0
TKT00111,2026-08-25 19:45:00,2026-08-29 07:54:50.752546819,East,Technical,Website Error,Medium,Email,Business,Agent_06,Closed,48,84.16,Breached,2.0
TKT00112,2026-05-23 13:33:00,2026-05-26 01:49:27.769777827,South,Login,OTP Issue,Medium,Email,Consumer,Agent_06,Resolved,48,60.27,Breached,2.0
TKT00113,2026-06-20 16:44:00,2026-06-21 05:38:36.391990953,South,Refund,Refund Pending,Medium,Phone,Business,Agent_09,Resolved,48,12.91,Met,5.0
TKT00114,2026-01-29 07:31:00,2026-01-30 00:04:27.313732674,West,Technical,App Error,Low,Phone,Business,Agent_20,Resolved,72,16.56,Met,4.0
TKT00115,2026-02-05 20:29:00,2026-02-05 22:53:03.747473949,North,Delivery,Wrong Item,Medium,Phone,Consumer,Agent_18,Resolved,48,2.4,Met,5.0
TKT00116,2026-01-13 09:49:00,,East,Payment,Duplicate Charge,Low,Phone,Business,Agent_04,Pending,72,,Pending,2.0
TKT00117,2026-06-09 17:19:00,2026-06-11 22:44:00.108863637,North,Delivery,Damaged Item,Low,Web,Consumer,Agent_01,Closed,72,53.42,Met,5.0
TKT00118,2026-07-06 05:26:00,2026-07-07 21:20:37.831853592,South,Payment,Duplicate Charge,Medium,Web,Consumer,Agent_04,Resolved,48,39.91,Met,4.0
TKT00119,2026-08-31 10:07:00,2026-09-03 06:24:54.788817238,East,Refund,Refund Pending,Low,Chat,Business,Agent_03,Resolved,72,68.3,Met,4.0
TKT00120,2026-03-27 10:58:00,2026-03-29 11:34:52.451685586,South,Delivery,Wrong Item,High,Web,Consumer,Agent_13,Closed,24,48.61,Breached,3.0
TKT00121,2026-03-07 00:01:00,2026-03-09 09:00:22.759599127,West,Account,Profile Update,Low,Chat,Consumer,Agent_15,Resolved,72,56.99,Met,5.0
TKT00122,2026-06-19 17:13:00,2026-06-22 14:13:34.595490474,North,Delivery,Wrong Item,Low,Chat,Consumer,Agent_01,Closed,72,69.01,Met,5.0
TKT00123,2026-02-14 07:13:00,2026-02-15 00:48:42.461096870,North,Delivery,Damaged Item,Medium,Email,Consumer,Agent_16,Resolved,48,17.6,Met,5.0
TKT00124,2026-03-03 02:04:00,2026-03-04 15:39:51.573147406,South,Login,Password Reset,Medium,Web,Business,Agent_02,Resolved,48,37.6,Met,4.0
TKT00125,2026-05-14 18:24:00,,North,Account,Account Access,Low,Web,Consumer,Agent_06,Pending,72,,Pending,4.0
TKT00126,2026-01-28 08:04:00,2026-01-30 09:50:46.971421262,North,Refund,Refund Failed,Low,Web,Consumer,Agent_01,Resolved,72,49.78,Met,5.0
TKT00127,2026-04-18 10:51:00,2026-04-18 17:17:04.447553773,South,Login,Account Locked,Critical,Email,Consumer,Agent_17,Resolved,12,6.43,Met,4.0
TKT00128,2026-02-13 19:33:00,2026-02-14 08:01:01.245158839,East,Refund,Refund Failed,High,Chat,Business,Agent_17,Closed,24,12.47,Met,4.0
TKT00129,2026-05-08 13:19:00,2026-05-10 04:23:54.101379367,West,Delivery,Late Delivery,Medium,Web,Consumer,Agent_01,Closed,48,39.08,Met,5.0
TKT00130,2026-08-19 14:32:00,,East,Login,Password Reset,Medium,Phone,Consumer,Agent_16,Pending,48,,Pending,3.0
TKT00131,2026-07-09 22:43:00,2026-07-13 09:14:54.243886029,East,Login,Account Locked,Medium,Email,Consumer,Agent_09,Resolved,48,82.53,Breached,3.0
TKT00132,2026-08-13 02:08:00,2026-08-15 06:01:42.993085516,West,Payment,Card Declined,Medium,Email,Business,Agent_02,Resolved,48,51.9,Breached,1.0
TKT00133,2026-05-01 07:17:00,2026-05-02 04:58:40.125777396,South,Payment,Payment Failed,Medium,Email,Consumer,Agent_05,Resolved,48,21.69,Met,5.0
TKT00134,2026-04-26 12:30:00,2026-04-27 02:33:10.214200317,South,Technical,Website Error,High,Email,Consumer,Agent_08,Resolved,24,14.05,Met,4.0
TKT00135,2026-08-21 08:20:00,2026-08-23 21:42:26.513990554,West,Login,Account Locked,Low,Chat,Business,Agent_01,Closed,72,61.37,Met,3.0
TKT00136,2026-09-16 18:01:00,2026-09-17 21:58:48.070066125,North,Technical,Website Error,High,Chat,Consumer,Agent_09,Resolved,24,27.96,Breached,3.0
TKT00137,2026-07-17 20:21:00,2026-07-18 21:18:21.714544040,East,Login,Password Reset,Low,Web,Business,Agent_14,Resolved,72,24.96,Met,5.0
TKT00138,2026-05-17 03:30:00,2026-05-18 11:16:05.701813341,North,Refund,Refund Request,Low,Web,Consumer,Agent_17,Closed,72,31.77,Met,4.0
TKT00139,2026-06-14 15:01:00,,South,Technical,System Issue,Low,Email,Business,Agent_05,Pending,72,,Pending,3.0
TKT00140,2026-08-13 00:44:00,2026-08-13 16:03:45.396059509,East,Login,Password Reset,Low,Phone,Business,Agent_08,Resolved,72,15.33,Met,4.0
TKT00141,2026-08-22 18:40:00,2026-08-23 16:11:23.716890051,South,Payment,Card Declined,Critical,Chat,Consumer,Agent_17,Resolved,12,21.52,Breached,1.0
TKT00142,2026-06-21 21:42:00,2026-06-23 18:34:01.871257976,West,Payment,Card Declined,Medium,Email,Consumer,Agent_12,Closed,48,44.87,Met,4.0
TKT00143,2026-06-01 08:54:00,2026-06-02 23:10:01.339894009,West,Account,Account Access,Low,Chat,Consumer,Agent_19,Resolved,72,38.27,Met,3.0
TKT00144,2026-06-09 23:53:00,2026-06-11 05:34:23.678847315,North,Delivery,Damaged Item,Critical,Email,Consumer,Agent_08,Closed,12,29.69,Breached,2.0
TKT00145,2026-04-06 07:40:00,2026-04-07 18:43:14.867949668,North,Account,Account Verification,High,Phone,Consumer,Agent_19,Closed,24,35.05,Breached,3.0
TKT00146,2026-08-21 06:30:00,2026-08-21 22:52:17.214768858,South,Payment,Duplicate Charge,High,Email,Business,Agent_12,Resolved,24,16.37,Met,3.0
TKT00147,2026-06-29 17:47:00,2026-06-30 02:25:34.590731244,South,Delivery,Damaged Item,Critical,Email,Consumer,Agent_08,Resolved,12,8.64,Met,3.0
TKT00148,2026-04-23 00:26:00,2026-04-24 10:07:35.761747146,West,Technical,Website Error,Low,Email,Business,Agent_11,Resolved,72,33.69,Met,5.0
TKT00149,2026-02-21 13:13:00,2026-02-23 05:24:07.502113795,East,Technical,System Issue,High,Phone,Consumer,Agent_11,Resolved,24,40.19,Breached,3.0
TKT00150,2026-09-25 18:40:00,2026-09-26 17:36:25.191034785,West,Payment,Payment Failed,High,Web,Consumer,Agent_15,Resolved,24,22.94,Met,3.0
TKT00151,2026-04-23 16:14:00,2026-04-24 00:09:59.345681826,South,Payment,Payment Failed,High,Web,Consumer,Agent_02,Closed,24,7.93,Met,3.0
TKT00152,2026-04-11 09:07:00,2026-04-12 07:16:16.742794831,West,Technical,Website Error,High,Web,Business,Agent_03,Closed,24,22.15,Met,5.0
TKT00153,2026-04-23 10:20:00,2026-04-24 21:40:10.956642194,North,Payment,Card Declined,Medium,Email,Consumer,Agent_01,Resolved,48,35.34,Met,4.0
TKT00154,2026-03-22 09:26:00,,North,Refund,Refund Pending,High,Web,Consumer,Agent_01,Pending,24,,Pending,3.0
TKT00155,2026-07-06 11:43:00,2026-07-07 13:31:53.875822608,South,Technical,System Issue,Medium,Email,Consumer,Agent_04,Resolved,48,25.81,Met,4.0
TKT00156,2026-04-23 20:42:00,2026-04-25 02:46:10.933646192,West,Payment,Payment Failed,Medium,Chat,Consumer,Agent_19,Closed,48,30.07,Met,5.0
TKT00157,2026-01-02 03:04:00,2026-01-02 17:02:38.128480770,South,Payment,Card Declined,Low,Email,Consumer,Agent_18,Resolved,72,13.98,Met,5.0
TKT00158,2026-05-10 18:12:00,2026-05-10 23:08:14.230336264,East,Delivery,Wrong Item,Critical,Chat,Consumer,Agent_01,Resolved,12,4.94,Met,3.0
TKT00159,2026-08-08 19:13:00,2026-08-10 08:53:41.379058974,North,Payment,Payment Failed,Medium,Email,Consumer,Agent_19,Resolved,48,37.68,Met,4.0
TKT00160,2026-02-23 14:07:00,2026-02-25 04:34:12.240655254,West,Account,Profile Update,Medium,Phone,Business,Agent_01,Resolved,48,38.45,Met,5.0
TKT00161,2026-08-12 09:58:00,2026-08-14 15:06:59.944623104,North,Refund,Refund Failed,Medium,Phone,Consumer,Agent_10,Resolved,48,53.15,Breached,1.0
TKT00162,2026-08-13 13:25:00,2026-08-14 02:12:06.262651593,West,Technical,System Issue,Critical,Web,Consumer,Agent_13,Closed,12,12.79,Breached,1.0
TKT00163,2026-05-06 22:37:00,2026-05-08 05:31:47.115638820,North,Login,Account Locked,Medium,Phone,Business,Agent_19,Resolved,48,30.91,Met,3.0
TKT00164,2026-05-10 19:37:00,,South,Payment,Duplicate Charge,High,Email,Consumer,Agent_20,Pending,24,,Pending,3.0
TKT00165,2026-02-22 01:18:00,2026-02-22 04:51:27.264835634,North,Delivery,Damaged Item,High,Phone,Consumer,Agent_08,Resolved,24,3.56,Met,5.0
TKT00166,2026-06-21 09:38:00,2026-06-23 12:37:50.045216326,West,Technical,App Error,Medium,,Consumer,Agent_05,Resolved,48,51.0,Breached,1.0
TKT00167,2026-08-06 06:52:00,2026-08-07 10:00:10.818325298,South,Technical,App Error,Medium,Email,Consumer,Agent_11,Resolved,48,27.14,Met,5.0
TKT00168,2026-06-09 09:05:00,,,Payment,Duplicate Charge,High,Web,Consumer,Agent_08,Pending,24,,Pending,3.0
TKT00169,2026-07-17 02:48:00,2026-07-17 16:33:38.252391292,East,Delivery,Late Delivery,Critical,Web,Business,Agent_14,Resolved,12,13.76,Breached,4.0
TKT00170,2026-09-04 11:20:00,2026-09-04 23:12:44.567242287,West,Technical,System Issue,High,Web,Business,Agent_12,Resolved,24,11.88,Met,5.0
TKT00171,2026-07-22 09:42:00,2026-07-25 10:13:27.179429815,West,Payment,Card Declined,Low,Chat,Consumer,Agent_11,Closed,72,72.52,Breached,4.0
TKT00172,2026-07-03 08:34:00,2026-07-03 21:01:19.806803424,South,Delivery,Late Delivery,High,Web,Consumer,Agent_13,Resolved,24,12.46,Met,5.0
TKT00173,2026-05-03 22:17:00,2026-05-05 10:47:44.875297386,West,Login,OTP Issue,Medium,Email,Consumer,Agent_10,Resolved,48,36.51,Met,4.0
TKT00174,2026-09-12 00:31:00,2026-09-14 18:52:50.064371154,East,Account,Account Access,Medium,Web,Consumer,Agent_20,Resolved,48,66.36,Breached,2.0
TKT00175,2026-04-08 04:46:00,2026-04-09 03:38:16.363398712,East,Payment,Payment Failed,High,Email,Consumer,Agent_08,Resolved,24,22.87,Met,4.0
TKT00176,2026-07-17 09:53:00,2026-07-18 03:26:47.669564368,South,Account,Account Access,Low,Chat,Consumer,Agent_10,Resolved,72,17.56,Met,4.0
TKT00177,2026-08-28 17:46:00,2026-08-29 05:20:58.071138373,East,Delivery,Late Delivery,High,Phone,Consumer,Agent_06,Closed,24,11.58,Met,4.0
TKT00178,2026-05-24 10:16:00,2026-05-26 07:09:45.573660553,South,Payment,Duplicate Charge,Medium,Email,Consumer,Agent_01,Closed,48,44.9,Met,5.0
TKT00179,2026-04-07 17:04:00,2026-04-08 04:17:44.708103393,North,Delivery,Wrong Item,High,Chat,Consumer,Agent_09,Resolved,24,11.23,Met,3.0
TKT00180,2026-07-20 04:29:00,2026-07-23 00:50:38.477086304,West,Login,OTP Issue,Low,Chat,Consumer,Agent_04,Resolved,72,68.36,Met,4.0
TKT00181,2026-05-04 20:03:00,2026-05-05 12:14:15.595348444,West,Refund,Refund Pending,Medium,Phone,Consumer,Agent_01,Resolved,48,16.19,Met,4.0
TKT00182,2026-07-06 08:37:00,2026-07-08 01:50:02.996853798,West,Payment,Payment Failed,High,Email,Consumer,Agent_10,Resolved,24,41.22,Breached,4.0
TKT00183,2026-09-16 18:46:00,2026-09-17 23:40:59.438932624,West,Delivery,Late Delivery,Low,Web,Consumer,Agent_20,Resolved,72,28.92,Met,3.0
TKT00184,2026-05-28 17:13:00,2026-05-30 19:45:11.209103116,South,Technical,App Error,Low,Chat,Consumer,Agent_07,Resolved,72,50.54,Met,5.0
TKT00185,2026-09-09 09:42:00,2026-09-10 01:12:43.680545301,West,Refund,Refund Pending,Critical,Web,Consumer,Agent_07,Resolved,12,15.51,Breached,1.0
TKT00186,2026-05-27 18:33:00,2026-05-29 03:14:16.216675080,East,Technical,App Error,Medium,Email,Business,Agent_05,Resolved,48,32.69,Met,5.0
TKT00187,2026-05-28 03:45:00,2026-05-28 11:47:14.497630094,East,Refund,Refund Pending,Critical,Email,Business,Agent_02,Closed,12,8.04,Met,4.0
TKT00188,2026-07-18 11:09:00,2026-07-20 06:53:22.177911040,North,Refund,Refund Failed,Low,Phone,Consumer,Agent_09,Closed,72,43.74,Met,4.0
TKT00189,2026-05-08 15:16:00,2026-05-09 18:24:09.962650359,South,Technical,Website Error,Medium,Web,Business,Agent_06,Resolved,48,27.14,Met,5.0
TKT00190,2026-02-08 02:05:00,2026-02-09 06:58:18.798214149,North,Account,Account Verification,High,Email,Consumer,Agent_09,Closed,24,28.89,Breached,1.0
TKT00191,2026-05-09 15:55:00,2026-05-09 23:13:20.556775814,West,Refund,Refund Failed,High,Phone,Consumer,Agent_15,Resolved,24,7.31,Met,4.0
TKT00192,2026-09-24 20:32:00,2026-09-26 13:19:24.225615096,East,Technical,App Error,Medium,Chat,Consumer,Agent_13,Resolved,48,40.79,Met,5.0
TKT00193,2026-05-31 18:40:00,2026-06-02 02:51:46.149792165,South,Login,Account Locked,Medium,Web,Consumer,Agent_15,Closed,48,32.2,Met,5.0
TKT00194,2026-04-09 01:13:00,2026-04-09 07:26:05.126092971,East,Login,Account Locked,High,Phone,Consumer,Agent_01,Closed,24,6.22,Met,5.0
TKT00195,2026-09-20 20:14:00,2026-09-22 03:58:00.353580928,South,Technical,System Issue,Low,Phone,Consumer,Agent_15,Resolved,72,31.73,Met,5.0
TKT00196,2026-09-09 00:55:00,2026-09-09 08:35:32.042129102,North,Payment,Duplicate Charge,Medium,Chat,Consumer,Agent_18,Resolved,48,7.68,Met,5.0
TKT00197,2026-05-24 11:59:00,2026-05-26 03:19:02.052305030,West,Technical,Website Error,Low,Phone,Consumer,Agent_11,Closed,72,39.33,Met,4.0
TKT00198,2026-04-22 09:12:00,2026-04-23 23:07:36.638237971,North,Technical,App Error,Medium,Phone,Consumer,Agent_03,Resolved,48,37.93,Met,5.0
TKT00199,2026-03-01 00:31:00,2026-03-02 12:53:07.076000204,West,Login,OTP Issue,Medium,Chat,Consumer,Agent_01,Resolved,48,36.37,Met,5.0
TKT00200,2026-01-02 09:33:00,2026-01-03 05:03:59.191517307,East,Payment,Payment Failed,Medium,Phone,Consumer,Agent_04,Closed,48,19.52,Met,4.0
TKT00201,2026-09-11 11:06:00,2026-09-12 10:36:39.938091411,North,Refund,Refund Failed,Medium,Web,Business,Agent_02,Resolved,48,23.51,Met,5.0
TKT00202,2026-05-20 04:43:00,2026-05-21 06:14:58.784386015,North,Delivery,Late Delivery,Low,Email,Consumer,Agent_16,Resolved,72,25.53,Met,4.0
TKT00203,2026-02-06 03:06:00,,East,Payment,Payment Failed,Low,Phone,Consumer,Agent_19,Pending,72,,Pending,3.0
TKT00204,2026-06-09 08:17:00,2026-06-09 13:56:44.109067741,East,Delivery,Late Delivery,High,Phone,Consumer,Agent_16,Resolved,24,5.66,Met,4.0
TKT00205,2026-01-09 02:09:00,2026-01-09 21:15:30.304917277,,Delivery,Damaged Item,Medium,Email,Consumer,Agent_12,Resolved,48,19.11,Met,4.0
TKT00206,2026-08-21 10:38:00,2026-08-21 18:04:43.212787900,South,Refund,Refund Failed,High,Phone,Consumer,Agent_08,Resolved,24,7.45,Met,5.0
TKT00207,2026-04-09 21:55:00,2026-04-11 05:43:47.776950432,East,Payment,Card Declined,High,Chat,Consumer,Agent_04,Resolved,24,31.81,Breached,1.0
TKT00208,2026-05-27 01:53:00,2026-05-30 02:36:40.877962060,South,Technical,Website Error,Low,Web,Business,Agent_16,Resolved,72,72.73,Breached,1.0
TKT00209,2026-07-27 20:22:00,2026-07-29 09:11:18.174511632,East,Refund,Refund Request,Medium,Chat,Business,Agent_09,Resolved,48,36.82,Met,3.0
TKT00210,2026-05-11 00:12:00,2026-05-14 23:08:46.444792351,South,Refund,Refund Pending,Low,Email,Consumer,Agent_15,Resolved,72,94.95,Breached,1.0
TKT00211,2026-06-01 21:34:00,2026-06-03 01:59:03.244708455,East,Delivery,Damaged Item,High,Chat,Consumer,Agent_12,Resolved,24,28.42,Breached,1.0
TKT00212,2026-02-23 20:38:00,2026-02-24 17:56:03.790196913,South,Account,Account Access,Critical,Web,Consumer,Agent_17,Resolved,12,21.3,Breached,3.0
TKT00213,2026-04-30 07:23:00,2026-05-01 20:38:25.237587013,West,Payment,Card Declined,Medium,Phone,Consumer,Agent_15,Resolved,48,37.26,Met,4.0
TKT00214,2026-06-10 07:26:00,2026-06-11 04:25:31.379177857,West,Login,OTP Issue,High,Chat,Business,Agent_04,Resolved,24,20.99,Met,4.0
TKT00215,2026-04-26 16:25:00,2026-04-29 10:11:26.903538969,North,Technical,App Error,Low,Phone,Consumer,Agent_08,Resolved,72,65.77,Met,5.0
TKT00216,2026-03-16 16:32:00,2026-03-17 21:24:01.828800890,East,Payment,Duplicate Charge,Medium,Phone,Consumer,Agent_03,Resolved,48,28.87,Met,5.0
TKT00217,2026-04-23 11:54:00,2026-04-24 08:28:07.968701780,East,Account,Profile Update,High,Web,Consumer,Agent_07,Resolved,24,20.57,Met,3.0
TKT00218,2026-04-14 01:13:00,2026-04-15 19:53:50.045791519,South,Payment,Payment Failed,Low,Web,Consumer,Agent_07,Closed,72,42.68,Met,5.0
TKT00219,2026-09-11 08:56:00,2026-09-12 01:54:06.134403252,North,Login,Password Reset,Medium,Phone,Consumer,Agent_15,Resolved,48,16.97,Met,5.0
TKT00220,2026-08-15 01:40:00,2026-08-17 07:23:14.565812469,West,Refund,Refund Request,Medium,Web,Consumer,Agent_20,Resolved,48,53.72,Breached,1.0
TKT00221,2026-04-22 02:55:00,2026-04-23 08:17:53.925463837,North,Payment,Payment Failed,High,Phone,Business,Agent_17,Resolved,24,29.38,Breached,3.0
TKT00222,2026-04-09 07:06:00,2026-04-11 01:12:28.747876208,South,Refund,Refund Failed,Medium,Phone,Consumer,Agent_10,Resolved,48,42.11,Met,3.0
TKT00223,2026-06-02 19:00:00,2026-06-03 12:20:32.054171989,East,Refund,Refund Pending,Critical,Chat,Consumer,Agent_16,Resolved,12,17.34,Breached,1.0
TKT00224,2026-07-13 19:49:00,2026-07-15 19:46:58.470558256,North,Login,Password Reset,Low,Phone,Consumer,Agent_16,Resolved,72,47.97,Met,4.0
TKT00225,2026-06-12 00:40:00,2026-06-14 07:36:00.228128424,East,Payment,Card Declined,Medium,Email,Consumer,Agent_15,Resolved,48,54.93,Breached,3.0
TKT00226,2026-07-27 07:08:00,2026-07-28 09:52:51.121890528,West,Technical,System Issue,High,Web,Consumer,Agent_12,Resolved,24,26.75,Breached,3.0
TKT00227,2026-06-18 05:43:00,,South,Login,OTP Issue,Low,Email,Consumer,Agent_07,Pending,72,,Pending,3.0
TKT00228,2026-06-10 06:05:00,2026-06-10 21:29:21.355849872,East,Technical,Website Error,High,Email,Consumer,Agent_03,Resolved,24,15.41,Met,4.0
TKT00229,2026-03-09 19:03:00,2026-03-11 05:10:10.598043799,North,Technical,Website Error,Low,Chat,Consumer,Agent_02,Closed,72,34.12,Met,4.0
TKT00230,2026-05-15 10:08:00,2026-05-18 16:59:14.846255697,South,Refund,Refund Failed,Low,Email,Consumer,Agent_04,Resolved,72,78.85,Breached,2.0
TKT00231,2026-07-14 10:56:00,2026-07-15 22:52:56.203243350,West,Payment,Payment Failed,Low,Web,Consumer,Agent_08,Resolved,72,35.95,Met,5.0
TKT00232,2026-05-08 12:07:00,2026-05-09 03:24:18.964627220,North,Account,Account Access,Critical,Phone,Consumer,Agent_10,Resolved,12,15.29,Breached,2.0
TKT00233,2026-02-02 03:48:00,,East,Payment,Payment Failed,Medium,Web,Business,Agent_12,Pending,48,,Pending,3.0
TKT00234,2026-06-25 13:44:00,2026-06-27 02:47:19.816448101,East,Delivery,Late Delivery,High,Chat,Consumer,Agent_12,Resolved,24,37.06,Breached,2.0
TKT00235,2026-01-22 19:13:00,2026-01-24 18:21:54.547341590,South,Refund,Refund Request,Medium,Chat,Consumer,Agent_09,Resolved,48,47.15,Met,5.0
TKT00236,2026-08-26 22:55:00,2026-08-28 20:13:29.172743996,West,Technical,System Issue,Medium,Phone,Consumer,Agent_11,Resolved,48,45.31,Met,5.0
TKT00237,2026-06-07 14:48:00,2026-06-08 21:33:25.686134060,North,Payment,Payment Failed,Medium,Email,Consumer,Agent_13,Closed,48,30.76,Met,3.0
TKT00238,2026-02-07 22:21:00,2026-02-08 09:19:59.060378294,West,Delivery,Late Delivery,Critical,Phone,Consumer,Agent_01,Resolved,12,10.98,Met,4.0
TKT00239,2026-08-18 16:23:00,2026-08-19 22:00:27.551666827,North,Delivery,Late Delivery,High,Email,Consumer,Agent_03,Resolved,24,29.62,Breached,2.0
TKT00240,2026-02-20 13:55:00,,North,Delivery,Wrong Item,High,Email,Consumer,Agent_11,Pending,24,,Pending,4.0
TKT00241,2026-09-21 22:40:00,2026-09-26 03:56:39.931595781,South,Technical,System Issue,Low,Email,Business,Agent_15,Resolved,72,101.28,Breached,2.0
TKT00242,2026-01-27 21:36:00,2026-01-29 00:41:43.712914790,East,Technical,Website Error,Medium,Email,Business,Agent_07,Resolved,48,27.1,Met,3.0
TKT00243,2026-08-14 01:56:00,2026-08-14 17:16:57.941025442,East,Refund,Refund Request,Medium,Email,Consumer,Agent_16,Resolved,48,15.35,Met,4.0
TKT00244,2026-04-07 13:37:00,2026-04-07 20:29:02.894015463,East,Refund,Refund Failed,Critical,Phone,Consumer,Agent_06,Closed,12,6.87,Met,4.0
TKT00245,2026-05-27 06:07:00,2026-05-27 15:38:28.213107211,West,Login,Password Reset,Medium,Chat,Consumer,Agent_20,Resolved,48,9.52,Met,5.0
TKT00246,2026-01-04 18:37:00,2026-01-05 13:53:33.355539786,North,Account,Account Verification,Medium,Chat,Consumer,Agent_10,Resolved,48,19.28,Met,4.0
TKT00247,2026-02-04 02:47:00,2026-02-05 18:04:55.165601612,South,Login,Password Reset,Medium,Chat,Business,Agent_04,Closed,48,39.3,Met,3.0
TKT00248,2026-07-11 15:53:00,2026-07-13 03:44:54.780831165,West,Login,OTP Issue,Low,Phone,Consumer,Agent_06,Resolved,72,35.87,Met,3.0
TKT00249,2026-02-18 22:44:00,2026-02-20 11:53:11.947101166,North,Payment,Card Declined,Low,Web,Business,Agent_12,Closed,72,37.15,Met,4.0
TKT00250,2026-01-17 11:00:00,2026-01-18 00:34:05.216726143,South,Login,Password Reset,High,Phone,Consumer,Agent_03,Resolved,24,13.57,Met,4.0
TKT00251,2026-06-21 11:34:00,2026-06-22 21:10:12.053456859,North,Login,Password Reset,Medium,Chat,Consumer,Agent_12,Resolved,48,33.6,Met,5.0
TKT00252,2026-08-08 15:24:00,2026-08-09 22:37:22.891643961,South,Payment,Card Declined,High,Web,Consumer,Agent_16,Resolved,24,31.22,Breached,2.0
TKT00253,2026-06-07 02:31:00,2026-06-07 18:36:35.323369278,West,Login,Password Reset,High,Email,Consumer,Agent_12,Closed,24,16.09,Met,3.0
TKT00254,2026-02-15 09:45:00,2026-02-15 21:52:49.726167657,North,Account,Account Verification,Medium,Chat,Consumer,Agent_15,Resolved,48,12.13,Met,5.0
TKT00255,2026-01-06 15:12:00,2026-01-08 17:32:12.590667283,North,Delivery,Wrong Item,Medium,Chat,Consumer,Agent_18,Resolved,48,50.34,Breached,3.0
TKT00256,2026-04-09 04:33:00,2026-04-12 03:15:35.449039861,West,Delivery,Wrong Item,Low,Email,Consumer,Agent_16,Resolved,72,70.71,Met,4.0
TKT00257,2026-08-21 08:15:00,,South,Refund,Refund Request,Critical,Web,Consumer,Agent_06,Pending,12,,Pending,2.0
TKT00258,2026-02-06 01:40:00,2026-02-07 23:18:07.323179654,East,Payment,Card Declined,Medium,Email,Consumer,Agent_17,Resolved,48,45.64,Met,5.0
TKT00259,2026-06-30 09:16:00,2026-06-30 18:05:42.147596755,East,Login,Account Locked,Medium,Email,Consumer,Agent_03,Resolved,48,8.83,Met,3.0
TKT00260,2026-04-05 18:25:00,,South,Account,Profile Update,Medium,Phone,Consumer,Agent_18,Pending,48,,Pending,4.0
TKT00261,2026-04-09 01:12:00,2026-04-09 15:21:37.984084981,South,Login,Password Reset,Medium,Email,Business,Agent_11,Closed,48,14.16,Met,5.0
TKT00262,2026-07-07 17:17:00,2026-07-10 00:19:03.062768809,East,Technical,Website Error,Medium,Chat,Consumer,Agent_17,Resolved,48,55.03,Breached,2.0
TKT00263,2026-04-26 02:36:00,2026-04-26 19:00:46.737765633,North,Payment,Duplicate Charge,Medium,Chat,Consumer,Agent_06,Closed,48,16.41,Met,4.0
TKT00264,2026-07-10 12:14:00,2026-07-11 06:12:22.738314133,West,Refund,Refund Pending,High,Chat,Consumer,Agent_18,Resolved,24,17.97,Met,3.0
TKT00265,2026-09-10 02:11:00,2026-09-11 05:33:13.146958488,East,Login,OTP Issue,High,Web,Business,Agent_05,Resolved,24,27.37,Breached,4.0
TKT00266,2026-06-10 22:41:00,2026-06-12 12:51:47.966973384,South,Refund,Refund Request,Medium,Chat,Consumer,Agent_16,Resolved,48,38.18,Met,5.0
TKT00267,2026-09-13 16:58:00,2026-09-15 08:33:35.924208147,North,Delivery,Damaged Item,Medium,Email,Consumer,Agent_20,Resolved,48,39.59,Met,4.0
TKT00268,2026-05-08 23:47:00,2026-05-09 17:24:56.192068790,South,Delivery,Late Delivery,High,Phone,Consumer,Agent_10,Closed,24,17.63,Met,3.0
TKT00269,2026-01-18 23:19:00,2026-01-20 12:07:28.736338626,East,Account,Profile Update,Low,Chat,Consumer,Agent_16,Closed,72,36.81,Met,5.0
TKT00270,2026-08-11 09:18:00,2026-08-13 05:12:58.047191488,West,Delivery,Wrong Item,High,Web,Consumer,Agent_03,Resolved,24,43.92,Breached,4.0
TKT00271,2026-02-23 01:46:00,2026-02-24 20:33:42.186377187,West,Technical,System Issue,Low,Email,Consumer,Agent_10,Closed,72,42.8,Met,5.0
TKT00272,2026-02-27 04:24:00,2026-02-27 22:42:47.242684101,North,Login,Account Locked,High,Email,Business,Agent_18,Resolved,24,18.31,Met,3.0
TKT00273,2026-06-23 20:28:00,2026-06-24 21:43:00.717356361,West,Account,Profile Update,Medium,Web,Consumer,Agent_16,Resolved,48,25.25,Met,4.0
TKT00274,2026-04-24 18:22:00,2026-04-26 01:27:40.692765166,East,Technical,Website Error,Medium,Phone,Business,Agent_17,Closed,48,31.09,Met,3.0
TKT00275,2026-05-31 02:34:00,2026-05-31 20:30:27.360188847,East,Technical,System Issue,High,Web,Consumer,Agent_17,Closed,24,17.94,Met,5.0
TKT00276,2026-05-07 16:27:00,2026-05-11 04:45:16.065261089,East,Payment,Card Declined,Low,Phone,Consumer,Agent_10,Resolved,72,84.3,Breached,2.0
TKT00277,2026-06-04 16:36:00,2026-06-06 11:04:04.036605614,North,Refund,Refund Request,Medium,Web,Consumer,Agent_05,Resolved,48,42.47,Met,5.0
TKT00278,2026-09-30 04:06:00,2026-10-01 07:04:27.435869403,East,Payment,Duplicate Charge,Medium,Email,Business,Agent_04,Resolved,48,26.97,Met,3.0
TKT00279,2026-04-14 08:50:00,2026-04-15 10:43:28.144234910,West,Delivery,Damaged Item,High,Chat,Consumer,Agent_15,Resolved,24,25.89,Breached,1.0
TKT00280,2026-09-03 14:17:00,2026-09-04 15:31:01.241319598,North,Technical,Website Error,Low,Chat,Consumer,Agent_16,Resolved,72,25.23,Met,5.0
TKT00281,2026-06-25 08:57:00,2026-06-26 08:53:12.774150524,East,Technical,Website Error,High,Phone,Consumer,Agent_18,Resolved,24,23.94,Met,5.0
TKT00282,2026-02-08 12:08:00,2026-02-10 08:47:34.210199224,East,Delivery,Wrong Item,Medium,Email,Business,Agent_19,Resolved,48,44.66,Met,4.0
TKT00283,2026-06-19 19:37:00,2026-06-22 00:11:49.554850666,South,Payment,Payment Failed,Low,Chat,Consumer,Agent_10,Closed,72,52.58,Met,4.0
TKT00284,2026-09-04 02:33:00,2026-09-04 19:41:33.338461408,East,Delivery,Damaged Item,High,Web,Consumer,Agent_11,Resolved,24,17.14,Met,5.0
TKT00285,2026-01-26 01:31:00,2026-01-27 18:01:54.472650080,North,Account,Account Verification,Low,Email,Business,Agent_09,Resolved,72,40.52,Met,5.0
TKT00286,2026-01-13 05:37:00,,South,Account,Profile Update,Medium,Email,Consumer,Agent_05,Pending,48,,Pending,3.0
TKT00287,2026-02-05 19:14:00,2026-02-07 16:20:42.342757200,North,Payment,Card Declined,Low,Chat,Business,Agent_06,Resolved,72,45.11,Met,3.0
TKT00288,2026-06-22 07:29:00,2026-06-23 23:51:13.909679342,East,Refund,Refund Pending,Medium,Web,Consumer,Agent_03,Closed,48,40.37,Met,4.0
TKT00289,2026-01-20 13:29:00,2026-01-22 19:26:21.915807588,West,Delivery,Late Delivery,Medium,Web,Consumer,Agent_13,Resolved,48,53.96,Breached,3.0
TKT00290,2026-09-21 13:06:00,2026-09-22 14:11:43.061014021,South,Refund,Refund Pending,Medium,Chat,Consumer,Agent_06,Resolved,48,25.1,Met,5.0
TKT00291,2026-05-22 04:32:00,2026-05-23 02:37:44.612569449,South,Login,Password Reset,Medium,Web,Consumer,Agent_11,Resolved,48,22.1,Met,5.0
TKT00292,2026-05-23 09:47:00,2026-05-24 21:04:39.711634864,South,Login,Account Locked,Medium,Chat,Consumer,Agent_16,Resolved,48,35.29,Met,5.0
TKT00293,2026-04-02 02:56:00,2026-04-02 22:04:07.779665785,North,Refund,Refund Failed,Low,Phone,Consumer,Agent_11,Resolved,72,19.14,Met,3.0
TKT00294,2026-08-03 13:50:00,2026-08-05 05:49:26.482047943,South,Refund,Refund Pending,Medium,Phone,Consumer,Agent_10,Resolved,48,39.99,Met,4.0
TKT00295,2026-02-20 10:42:00,2026-02-20 14:58:01.146311709,West,Login,Password Reset,Critical,Email,Business,Agent_16,Resolved,12,4.27,Met,5.0
TKT00296,2026-06-02 17:52:00,2026-06-07 13:26:51.970495677,West,Technical,Website Error,High,Chat,Business,Agent_14,Resolved,24,115.58,Breached,1.0
TKT00297,2026-07-05 09:26:00,2026-07-08 03:47:56.730692199,South,Technical,Website Error,Low,Web,Consumer,Agent_16,Resolved,72,66.37,Met,5.0
TKT00298,2026-03-04 11:05:00,,North,Technical,System Issue,Low,Web,Consumer,Agent_17,Pending,72,,Pending,3.0
TKT00299,2026-07-09 22:58:00,2026-07-10 17:58:08.893165341,North,Technical,App Error,Critical,Chat,Consumer,Agent_08,Closed,12,19.0,Breached,2.0
TKT00300,2026-05-05 22:11:00,2026-05-07 19:51:05.115967683,North,Technical,App Error,Medium,Email,Consumer,Agent_04,Closed,48,45.67,Met,4.0
TKT00301,2026-05-30 14:27:00,2026-05-31 23:09:25.870143888,East,Account,Profile Update,Medium,Chat,Business,Agent_17,Resolved,48,32.71,Met,4.0
TKT00302,2026-02-27 17:49:00,2026-03-01 19:26:43.962820964,North,Payment,Duplicate Charge,High,Web,Consumer,Agent_10,Resolved,24,49.63,Breached,2.0
TKT00303,2026-06-29 05:01:00,2026-07-02 09:28:24.172634332,North,Delivery,Wrong Item,Medium,Chat,Consumer,Agent_02,Resolved,48,76.46,Breached,2.0
TKT00304,2026-06-19 14:27:00,2026-06-23 00:11:07.279549656,South,Payment,Duplicate Charge,Medium,Web,Consumer,Agent_12,Closed,48,81.74,Breached,1.0
TKT00305,2026-09-28 15:11:00,2026-09-28 21:17:27.005976237,East,Technical,System Issue,Critical,Web,Consumer,Agent_19,Resolved,12,6.11,Met,5.0
TKT00306,2026-02-23 06:47:00,2026-02-24 18:19:32.738944297,South,Payment,Card Declined,High,Chat,Consumer,Agent_19,Resolved,24,35.54,Breached,1.0
TKT00307,2026-04-11 20:12:00,2026-04-13 12:00:26.039667085,North,Technical,Website Error,Low,Phone,Consumer,Agent_08,Resolved,72,39.81,Met,5.0
TKT00308,2026-09-21 13:41:00,2026-09-24 02:31:52.387283551,North,Account,Profile Update,Low,Web,Consumer,Agent_06,Resolved,72,60.85,Met,4.0
TKT00309,2026-02-22 19:12:00,2026-02-23 20:32:45.279690518,South,Refund,Refund Request,Low,Web,Consumer,Agent_19,Resolved,72,25.35,Met,4.0
TKT00310,2026-03-01 09:20:00,,East,Technical,System Issue,High,Email,Consumer,Agent_18,Pending,24,,Pending,3.0
TKT00311,2026-04-18 21:29:00,2026-04-19 21:51:14.014937546,East,Login,OTP Issue,Medium,Web,Consumer,Agent_14,Closed,48,24.37,Met,5.0
TKT00312,2026-01-05 19:01:00,2026-01-07 00:33:47.518681765,South,Login,OTP Issue,Low,Chat,Business,Agent_03,Resolved,72,29.55,Met,5.0
TKT00313,2026-04-13 07:43:00,2026-04-13 16:09:35.771728297,North,Refund,Refund Failed,Critical,Phone,Consumer,Agent_18,Resolved,12,8.44,Met,5.0
TKT00314,2026-07-15 02:23:00,2026-07-18 09:22:25.030357051,East,Account,Profile Update,Low,Web,Consumer,Agent_19,Resolved,72,78.99,Breached,2.0
TKT00315,2026-09-19 07:21:00,2026-09-21 16:48:05.689506135,East,Login,Account Locked,Low,Phone,Consumer,Agent_15,Resolved,72,57.45,Met,5.0
TKT00316,2026-02-16 20:23:00,2026-02-19 09:12:51.720427729,West,Delivery,Wrong Item,Low,Email,Consumer,Agent_16,Closed,72,60.83,Met,4.0
TKT00317,2026-05-24 19:40:00,2026-05-25 17:29:46.373697742,South,Account,Account Verification,Low,Chat,Consumer,Agent_17,Resolved,72,21.83,Met,5.0
TKT00318,2026-09-26 08:06:00,2026-09-27 10:19:32.183042599,East,Payment,Payment Failed,Medium,Web,Business,Agent_03,Closed,48,26.23,Met,5.0
TKT00319,2026-05-04 14:19:00,2026-05-05 19:15:35.988125406,West,Technical,App Error,Critical,Phone,Consumer,Agent_18,Resolved,12,28.94,Breached,2.0
TKT00320,2026-04-16 19:17:00,2026-04-17 14:56:08.257312738,West,Refund,Refund Pending,High,Web,Business,Agent_13,Resolved,24,19.65,Met,4.0
TKT00321,2026-06-07 02:27:00,2026-06-08 16:07:59.064621978,West,Account,Profile Update,Medium,Phone,Consumer,Agent_12,Resolved,48,37.68,Met,4.0
TKT00322,2026-05-27 22:39:00,2026-05-29 09:46:11.761847058,North,Login,Password Reset,Medium,Email,Consumer,Agent_19,Closed,48,35.12,Met,5.0
TKT00323,2026-05-25 18:14:00,2026-05-27 01:01:59.234895952,South,Login,OTP Issue,Medium,Phone,Consumer,Agent_02,Resolved,48,30.8,Met,5.0
TKT00324,2026-04-30 20:56:00,,East,Technical,System Issue,Low,Web,Consumer,Agent_01,Pending,72,,Pending,4.0
TKT00325,2026-04-02 22:37:00,2026-04-03 20:51:52.517060268,West,Login,Account Locked,Low,Chat,Business,Agent_10,Closed,72,22.25,Met,5.0
TKT00326,2026-02-27 13:30:00,2026-02-27 22:28:48.789661249,North,Delivery,Wrong Item,Critical,Phone,Consumer,Agent_18,Closed,12,8.98,Met,5.0
TKT00327,2026-08-17 11:05:00,2026-08-18 08:49:42.827885696,North,Technical,System Issue,Low,Phone,Consumer,Agent_12,Closed,72,21.75,Met,4.0
TKT00328,2026-04-27 01:29:00,2026-05-01 23:54:20.746836174,South,Delivery,Late Delivery,Low,Chat,Consumer,Agent_13,Resolved,72,118.42,Breached,3.0
TKT00329,2026-05-07 22:37:00,2026-05-08 13:48:23.911091386,South,Account,Profile Update,Medium,Web,Consumer,Agent_04,Resolved,48,15.19,Met,4.0
TKT00330,2026-05-09 03:18:00,2026-05-11 11:38:00.022880065,North,Payment,Card Declined,Medium,Phone,Consumer,Agent_01,Resolved,48,56.33,Breached,3.0
TKT00331,2026-02-27 19:44:00,2026-03-01 03:55:52.027841677,North,Login,OTP Issue,Low,Email,Consumer,Agent_04,Resolved,72,32.2,Met,3.0
TKT00332,2026-05-02 08:57:00,2026-05-03 08:48:42.733645218,West,Technical,App Error,Low,Web,Consumer,Agent_20,Closed,72,23.86,Met,3.0
TKT00333,2026-01-01 19:04:00,2026-01-03 03:28:12.790471060,West,Delivery,Late Delivery,Medium,Phone,Consumer,Agent_18,Resolved,48,32.4,Met,5.0
TKT00334,2026-08-27 05:00:00,2026-08-27 23:16:19.628580622,East,Technical,App Error,High,Email,Consumer,Agent_17,Resolved,24,18.27,Met,5.0
TKT00335,2026-04-06 12:03:00,2026-04-10 05:31:02.604837187,West,Delivery,Damaged Item,Low,Email,Consumer,Agent_20,Closed,72,89.47,Breached,3.0
TKT00336,2026-05-06 16:02:00,2026-05-09 09:59:39.646610632,West,Refund,Refund Failed,Medium,Chat,Consumer,Agent_14,Resolved,48,65.96,Breached,3.0
TKT00337,2026-04-28 01:07:00,2026-04-28 18:03:58.356795624,West,Technical,Website Error,Medium,Web,Consumer,Agent_02,Resolved,48,16.95,Met,5.0
TKT00338,2026-02-17 07:38:00,2026-02-17 23:53:47.185029518,East,Refund,Refund Failed,High,Email,Business,Agent_14,Resolved,24,16.26,Met,4.0
TKT00339,2026-03-30 06:37:00,2026-03-31 05:58:36.054954586,East,Refund,Refund Request,Medium,Phone,Business,Agent_10,Closed,48,23.36,Met,3.0
TKT00340,2026-08-25 10:19:00,2026-08-25 20:21:08.468727194,East,Payment,Card Declined,Low,Web,Consumer,Agent_20,Resolved,72,10.04,Met,5.0
TKT00341,2026-09-29 21:49:00,,East,Technical,Website Error,Medium,Chat,Business,Agent_03,Pending,48,,Pending,4.0
TKT00342,2026-07-08 19:23:00,2026-07-09 14:05:01.394782977,West,Refund,Refund Failed,High,Email,Business,Agent_15,Resolved,24,18.7,Met,4.0
TKT00343,2026-07-11 12:09:00,2026-07-13 06:59:01.591389542,South,Refund,Refund Pending,Low,Email,Consumer,Agent_07,Closed,72,42.83,Met,4.0
TKT00344,2026-03-10 09:15:00,2026-03-12 01:43:08.511911119,East,Payment,Card Declined,Medium,Email,Consumer,Agent_15,Resolved,48,40.47,Met,5.0
TKT00345,2026-09-04 13:00:00,2026-09-06 18:28:00.405841656,East,Payment,Duplicate Charge,Low,Phone,Business,Agent_19,Resolved,72,53.47,Met,5.0
TKT00346,2026-03-17 14:53:00,2026-03-19 23:09:22.731187861,East,Payment,Payment Failed,Low,Web,Consumer,Agent_12,Resolved,72,56.27,Met,3.0
TKT00347,2026-06-03 10:09:00,2026-06-04 10:11:41.846662280,West,Refund,Refund Failed,Medium,Phone,Consumer,Agent_04,Resolved,48,24.04,Met,3.0
TKT00348,2026-05-24 12:27:00,2026-05-25 11:01:22.632464413,North,Payment,Payment Failed,Medium,Email,Consumer,Agent_01,Resolved,48,22.57,Met,5.0
TKT00349,2026-03-27 04:41:00,2026-03-28 11:27:17.495647748,West,Login,Account Locked,High,Chat,Consumer,Agent_05,Resolved,24,30.77,Breached,1.0
TKT00350,2026-07-04 11:00:00,2026-07-08 23:10:28.486027304,East,Account,Account Verification,Medium,Phone,Consumer,Agent_09,Resolved,48,108.17,Breached,2.0
TKT00351,2026-08-08 15:23:00,2026-08-09 01:38:35.399268169,West,Payment,Payment Failed,Medium,Chat,Consumer,Agent_08,Closed,48,10.26,Met,4.0
TKT00352,2026-03-10 16:35:00,2026-03-12 16:56:31.919395010,South,Delivery,Wrong Item,Medium,Phone,Consumer,Agent_14,Resolved,48,48.36,Breached,1.0
TKT00353,2026-02-16 12:25:00,,West,Technical,System Issue,Medium,Chat,Business,Agent_14,Pending,48,,Pending,2.0
TKT00354,2026-04-04 01:26:00,2026-04-06 14:49:30.632191915,North,Account,Account Verification,Low,Chat,Consumer,Agent_04,Closed,72,61.39,Met,4.0
TKT00355,2026-08-26 18:22:00,2026-08-26 21:56:06.725446773,North,Technical,Website Error,High,Email,Consumer,Agent_07,Resolved,24,3.57,Met,4.0
TKT00356,2026-07-23 20:28:00,2026-07-24 06:37:38.542343482,East,Delivery,Damaged Item,Critical,Email,Consumer,Agent_02,Resolved,12,10.16,Met,5.0
TKT00357,2026-08-06 13:10:00,2026-08-07 17:32:57.006650157,North,Delivery,Wrong Item,Low,Web,Consumer,Agent_11,Resolved,72,28.38,Met,4.0
TKT00358,2026-02-08 22:40:00,2026-02-09 08:02:38.058665682,East,Technical,App Error,Low,Email,Consumer,Agent_07,Closed,72,9.38,Met,4.0
TKT00359,2026-04-10 21:17:00,2026-04-13 17:01:42.696121740,West,Payment,Duplicate Charge,Low,Web,Business,Agent_20,Closed,72,67.75,Met,4.0
TKT00360,2026-09-11 05:03:00,2026-09-12 01:19:52.232486016,West,Technical,App Error,High,Email,Business,Agent_17,Resolved,24,20.28,Met,3.0
TKT00361,2026-08-10 23:23:00,2026-08-11 21:12:58.194911726,East,Technical,App Error,High,Chat,Business,Agent_15,Resolved,24,21.83,Met,3.0
TKT00362,2026-01-23 02:09:00,2026-01-26 10:14:43.412450816,East,Account,Account Verification,High,Web,Business,Agent_04,Resolved,24,80.1,Breached,3.0
TKT00363,2026-09-07 09:55:00,2026-09-08 11:36:28.240749034,West,Account,Account Verification,High,Email,Business,Agent_02,Closed,24,25.69,Breached,1.0
TKT00364,2026-01-10 21:39:00,2026-01-11 11:21:36.053370180,South,Login,OTP Issue,Medium,Phone,Consumer,Agent_09,Resolved,48,13.71,Met,4.0
TKT00365,2026-09-03 09:17:00,2026-09-05 07:01:59.797740973,North,Delivery,Damaged Item,Medium,Email,Consumer,Agent_12,Closed,48,45.75,Met,
TKT00366,2026-04-10 14:58:00,2026-04-11 06:53:49.388385745,North,Delivery,Damaged Item,High,Email,Business,Agent_19,Resolved,24,15.93,Met,4.0
TKT00367,2026-06-29 20:06:00,2026-07-02 17:56:57.612554714,North,Account,Account Access,Medium,Phone,Business,Agent_19,Resolved,48,69.85,Breached,2.0
TKT00368,2026-08-11 21:31:00,,North,Login,Password Reset,Medium,Email,Consumer,Agent_03,Pending,48,,Pending,4.0
TKT00369,2026-09-07 22:25:00,2026-09-09 14:07:48.452212591,West,Technical,System Issue,Medium,Web,Consumer,Agent_20,Closed,48,39.71,Met,5.0
TKT00370,2026-05-27 01:17:00,2026-05-28 01:51:16.220089358,North,Technical,System Issue,Medium,Email,Consumer,Agent_05,Resolved,48,24.57,Met,5.0
TKT00371,2026-04-06 13:03:00,2026-04-11 19:23:39.099458346,West,Login,OTP Issue,Medium,Email,Consumer,Agent_09,Resolved,48,126.34,Breached,2.0
TKT00372,2026-09-14 22:42:00,2026-09-16 07:04:37.538050584,East,Login,Password Reset,Medium,Phone,Consumer,Agent_19,Resolved,48,32.38,Met,5.0
TKT00373,2026-01-04 11:13:00,2026-01-04 21:59:23.358349149,West,Login,Account Locked,High,Phone,Consumer,Agent_09,Closed,24,10.77,Met,5.0
TKT00374,2026-01-16 03:57:00,2026-01-18 04:36:36.322398572,East,Payment,Payment Failed,Medium,Email,Business,Agent_18,Resolved,48,48.66,Breached,2.0
TKT00375,2026-09-04 19:17:00,2026-09-06 04:15:45.508967511,East,Delivery,Wrong Item,Medium,Phone,Consumer,Agent_16,Resolved,48,32.98,Met,5.0
TKT00376,2026-09-15 20:15:00,2026-09-18 21:26:04.143488409,South,Payment,Duplicate Charge,High,Chat,Consumer,Agent_02,Resolved,24,73.18,Breached,1.0
TKT00377,2026-06-09 22:59:00,2026-06-11 14:21:42.488862168,South,Payment,Card Declined,Medium,Phone,Consumer,Agent_12,Resolved,48,39.38,Met,5.0
TKT00378,2026-06-01 04:37:00,2026-06-04 16:37:13.289022687,South,Technical,App Error,Low,Web,Consumer,Agent_18,Resolved,72,84.0,Breached,2.0
TKT00379,2026-06-27 17:21:00,2026-06-29 17:39:40.072220388,South,Technical,System Issue,Low,Email,Business,Agent_11,Resolved,72,48.31,Met,4.0
TKT00380,2026-06-12 08:43:00,2026-06-15 02:07:28.995042279,North,Delivery,Damaged Item,Medium,Phone,Consumer,Agent_03,Closed,48,65.41,Breached,1.0
TKT00381,2026-02-02 02:59:00,2026-02-03 16:29:01.155713378,South,Technical,System Issue,Medium,Email,Consumer,Agent_20,Resolved,48,37.5,Met,4.0
TKT00382,2026-06-28 02:02:00,2026-06-28 07:12:14.276174934,North,Login,Password Reset,Critical,Web,Consumer,Agent_03,Resolved,12,5.17,Met,4.0
TKT00383,2026-04-11 21:09:00,2026-04-14 01:05:36.373825640,North,Login,Password Reset,Medium,Chat,Consumer,Agent_15,Resolved,48,51.94,Breached,3.0
TKT00384,2026-09-25 23:16:00,2026-10-02 19:40:40.290287929,North,Payment,Payment Failed,Medium,Chat,Consumer,Agent_12,Resolved,48,164.41,Breached,2.0
TKT00385,2026-03-06 17:54:00,2026-03-08 14:53:06.288077738,East,Payment,Payment Failed,Low,Email,Consumer,Agent_01,Resolved,72,44.99,Met,5.0
TKT00386,2026-06-17 18:14:00,2026-06-20 17:06:40.821033568,East,Refund,Refund Pending,Low,Phone,Business,Agent_11,Resolved,72,70.88,Met,4.0
TKT00387,2026-02-12 07:59:00,2026-02-12 14:16:23.451614646,North,Login,OTP Issue,High,Chat,Business,Agent_02,Resolved,24,6.29,Met,5.0
TKT00388,2026-02-13 17:22:00,2026-02-18 04:44:10.653273141,South,Technical,App Error,Low,Email,Business,Agent_14,Closed,72,107.37,Breached,2.0
TKT00389,2026-01-12 01:23:00,2026-01-12 23:20:35.783010986,North,Payment,Payment Failed,Medium,Email,Business,Agent_01,Closed,48,21.96,Met,5.0
TKT00390,2026-04-05 19:38:00,2026-04-06 06:05:29.252066490,East,Login,Account Locked,High,Chat,Business,Agent_18,Resolved,24,10.46,Met,5.0
TKT00391,2026-09-10 09:24:00,2026-09-12 20:25:18.486250086,South,Login,Password Reset,Medium,Email,Consumer,Agent_18,Closed,48,59.02,Breached,3.0
TKT00392,2026-08-30 10:18:00,2026-08-31 00:59:32.452302242,East,Login,OTP Issue,High,Chat,Business,Agent_15,Closed,24,14.69,Met,4.0
TKT00393,2026-02-04 05:56:00,2026-02-05 21:16:11.496059462,South,Delivery,Damaged Item,Medium,Chat,Consumer,Agent_04,Closed,48,39.34,Met,4.0
TKT00394,2026-08-03 13:35:00,2026-08-05 22:53:45.296991986,East,Payment,Payment Failed,Medium,Phone,Consumer,Agent_02,Resolved,48,57.31,Breached,1.0
TKT00395,2026-03-31 10:46:00,2026-04-01 07:02:00.882469380,North,Technical,Website Error,High,Email,Consumer,Agent_15,Resolved,24,20.27,Met,4.0
TKT00396,2026-09-21 07:22:00,2026-09-23 23:05:47.708328493,West,Account,Account Access,High,Chat,Consumer,Agent_13,Resolved,24,63.73,Breached,2.0
TKT00397,2026-04-03 18:12:00,2026-04-05 02:14:00.736345399,West,Refund,Refund Request,Low,Chat,Consumer,Agent_10,Closed,72,32.03,Met,5.0
TKT00398,2026-03-31 08:42:00,2026-04-02 20:05:32.661288996,East,Payment,Card Declined,Low,Phone,Consumer,Agent_15,Resolved,72,59.39,Met,5.0
TKT00399,2026-04-25 02:22:00,2026-04-26 02:19:47.457012664,South,Login,OTP Issue,Low,Chat,Consumer,Agent_06,Resolved,72,23.96,Met,4.0
TKT00400,2026-04-15 03:11:00,2026-04-16 01:21:47.090738683,East,Payment,Duplicate Charge,Medium,Phone,Consumer,Agent_10,Resolved,48,22.18,Met,5.0
TKT00401,2026-07-15 23:30:00,2026-07-16 12:46:09.166965326,West,Payment,Payment Failed,Critical,Chat,Consumer,Agent_03,Closed,12,13.27,Breached,1.0
TKT00402,2026-04-24 06:17:00,2026-04-25 01:21:43.474115708,South,Technical,System Issue,Medium,Email,Business,Agent_13,Closed,48,19.08,Met,4.0
TKT00403,2026-03-16 09:40:00,2026-03-18 03:24:33.151996572,East,Payment,Card Declined,Medium,Email,Business,Agent_18,Resolved,48,41.74,Met,5.0
TKT00404,2026-08-05 08:54:00,2026-08-05 14:25:46.432394036,West,Delivery,Damaged Item,High,Email,Consumer,Agent_06,Resolved,24,5.53,Met,5.0
TKT00405,2026-09-06 21:56:00,2026-09-07 13:05:57.147788275,East,Login,OTP Issue,Medium,Phone,Consumer,Agent_14,Resolved,48,15.17,Met,5.0
TKT00406,2026-06-13 17:12:00,2026-06-14 23:46:55.380343400,North,Payment,Payment Failed,Medium,Email,Consumer,Agent_18,Resolved,48,30.58,Met,4.0
TKT00407,2026-07-11 21:34:00,2026-07-12 11:21:30.838669681,South,Payment,Card Declined,Critical,Phone,Consumer,Agent_11,Resolved,12,13.79,Breached,2.0
TKT00408,2026-08-15 23:30:00,2026-08-16 19:03:56.099683303,South,Account,Profile Update,High,Web,Consumer,Agent_20,Closed,24,19.57,Met,5.0
TKT00409,2026-06-26 01:32:00,2026-06-27 01:09:27.787514109,North,Payment,Duplicate Charge,High,Phone,Consumer,Agent_15,Closed,24,23.62,Met,5.0
TKT00410,2026-04-09 08:48:00,2026-04-10 08:25:53.213823210,West,Delivery,Damaged Item,Medium,Web,Consumer,Agent_13,Resolved,48,23.63,Met,4.0
TKT00411,2026-02-05 19:37:00,2026-02-06 00:51:44.340936288,East,Technical,Website Error,High,Phone,Business,Agent_16,Resolved,24,5.25,Met,5.0
TKT00412,2026-04-06 06:44:00,2026-04-09 04:39:27.083379298,West,Delivery,Damaged Item,Low,Chat,Consumer,Agent_12,Closed,72,69.92,Met,4.0
TKT00413,2026-06-01 13:59:00,2026-06-02 15:31:26.791863806,South,Technical,App Error,Medium,Phone,Consumer,Agent_01,Closed,48,25.54,Met,4.0
TKT00414,2026-05-31 19:32:00,2026-06-02 05:44:29.938483544,West,Payment,Duplicate Charge,Critical,Chat,Business,Agent_14,Resolved,12,34.21,Breached,3.0
TKT00415,2026-07-09 14:48:00,2026-07-11 08:07:32.051070984,South,Technical,App Error,Medium,Phone,Business,Agent_03,Resolved,48,41.33,Met,4.0
TKT00416,2026-08-12 21:30:00,2026-08-13 07:26:57.704910504,South,Payment,Payment Failed,High,Phone,Consumer,Agent_10,Resolved,24,9.95,Met,5.0
TKT00417,2026-02-06 07:01:00,,North,Login,Account Locked,Medium,Web,Consumer,Agent_10,Pending,48,,Pending,3.0
TKT00418,2026-09-25 07:51:00,2026-09-28 21:36:27.999302781,North,Delivery,Late Delivery,Low,Web,Consumer,Agent_01,Resolved,72,85.76,Breached,3.0
TKT00419,2026-07-02 14:52:00,2026-07-03 04:32:28.120280707,South,Technical,System Issue,High,Chat,Consumer,Agent_18,Resolved,24,13.67,Met,3.0
TKT00420,2026-01-13 09:06:00,2026-01-16 20:24:44.929971586,East,Payment,Card Declined,Low,Chat,Consumer,Agent_17,Resolved,72,83.31,Breached,3.0
TKT00421,2026-08-05 10:30:00,2026-08-07 15:03:34.108267467,East,Login,Password Reset,Medium,Email,Consumer,Agent_19,Resolved,48,52.56,Breached,4.0
TKT00422,2026-09-30 17:17:00,2026-10-01 11:13:58.752081153,North,Delivery,Late Delivery,Low,Email,Consumer,Agent_01,Resolved,72,17.95,Met,4.0
TKT00423,2026-03-03 12:57:00,2026-03-04 02:56:34.763184729,East,Refund,Refund Request,Critical,Web,Business,Agent_05,Resolved,12,13.99,Breached,1.0
TKT00424,2026-03-25 06:03:00,2026-03-26 19:35:42.494392770,North,Delivery,Late Delivery,Medium,Chat,Consumer,Agent_06,Resolved,48,37.55,Met,5.0
TKT00425,2026-08-05 01:58:00,2026-08-09 01:44:40.420669458,South,Login,Account Locked,Low,Email,Business,Agent_01,Resolved,72,95.78,Breached,2.0
TKT00426,2026-07-06 21:01:00,2026-07-11 23:21:10.316808603,South,Delivery,Late Delivery,Low,Chat,Consumer,Agent_17,Resolved,72,122.34,Breached,2.0
TKT00427,2026-01-19 09:05:00,2026-01-19 18:46:14.813303172,South,Refund,Refund Pending,Critical,Web,Consumer,Agent_12,Closed,12,9.69,Met,3.0
TKT00428,2026-06-26 19:52:00,2026-06-28 11:03:52.401520705,North,Account,Account Access,High,Chat,Consumer,Agent_04,Resolved,24,39.2,Breached,1.0
TKT00429,2026-04-10 08:41:00,2026-04-11 13:33:38.367883632,East,Technical,System Issue,High,Web,Consumer,Agent_04,Closed,24,28.88,Breached,1.0
TKT00430,2026-08-21 10:33:00,2026-08-22 21:49:39.198130550,South,Technical,System Issue,Medium,Email,Consumer,Agent_10,Resolved,48,35.28,Met,4.0
TKT00431,2026-03-17 16:02:00,2026-03-20 07:05:15.522893704,West,Technical,Website Error,Medium,Chat,Consumer,Agent_08,Resolved,48,63.05,Breached,2.0
TKT00432,2026-09-22 15:57:00,2026-09-24 10:52:47.717525110,East,Login,OTP Issue,Low,Chat,Business,Agent_12,Resolved,72,42.93,Met,5.0
TKT00433,2026-07-25 14:42:00,,East,Account,Account Verification,Medium,Email,Business,Agent_12,Pending,48,,Pending,3.0
TKT00434,2026-08-11 12:59:00,2026-08-12 15:39:10.789023806,North,Login,Password Reset,Low,Phone,Business,Agent_03,Resolved,72,26.67,Met,4.0
TKT00435,2026-02-21 14:30:00,2026-02-21 19:41:26.896349288,North,Payment,Card Declined,Critical,Phone,Consumer,Agent_16,Resolved,12,5.19,Met,5.0
TKT00436,2026-05-24 08:35:00,2026-05-25 08:37:14.992768298,East,Delivery,Late Delivery,High,Web,Consumer,Agent_04,Resolved,24,24.04,Breached,4.0
TKT00437,2026-03-10 15:37:00,2026-03-11 20:31:56.020944610,East,Account,Account Access,Medium,Chat,Consumer,Agent_05,Resolved,48,28.92,Met,4.0
TKT00438,2026-04-09 23:40:00,2026-04-11 14:44:58.629985287,South,Technical,Website Error,Low,Email,Business,Agent_15,Resolved,72,39.08,Met,3.0
TKT00439,2026-01-25 14:25:00,2026-01-26 05:58:56.300198252,South,Delivery,Late Delivery,High,Web,Consumer,Agent_08,Closed,24,15.57,Met,4.0
TKT00440,2026-02-22 01:45:00,2026-02-24 12:10:13.172065662,West,Login,Account Locked,Low,Email,Consumer,Agent_20,Resolved,72,58.42,Met,3.0
TKT00441,2026-05-31 18:28:00,2026-06-03 20:29:09.132493872,South,Refund,Refund Failed,Low,Phone,Consumer,Agent_10,Resolved,72,74.02,Breached,3.0
TKT00442,2026-05-24 03:33:00,,East,Account,Account Verification,Low,Chat,Business,Agent_01,Pending,72,,Pending,2.0
TKT00443,2026-02-26 19:04:00,2026-02-28 02:55:52.743771172,North,Login,Account Locked,Medium,Web,Consumer,Agent_10,Resolved,48,31.86,Met,4.0
TKT00444,2026-02-08 19:15:00,2026-02-09 17:50:07.774076911,West,Delivery,Late Delivery,High,Phone,Business,Agent_18,Resolved,24,22.59,Met,3.0
TKT00445,2026-04-19 14:09:00,2026-04-23 04:53:12.765471572,East,Refund,Refund Failed,Medium,Phone,Business,Agent_17,Resolved,48,86.74,Breached,2.0
TKT00446,2026-06-30 03:16:00,2026-07-02 05:34:19.065059470,West,Login,Password Reset,Low,Chat,Consumer,Agent_04,Resolved,72,50.31,Met,3.0
TKT00447,2026-02-11 00:18:00,2026-02-12 13:48:19.386071139,West,Technical,App Error,Medium,Chat,Business,Agent_13,Resolved,48,37.51,Met,5.0
TKT00448,2026-07-05 10:41:00,2026-07-06 21:37:58.373907122,West,Account,Profile Update,High,Chat,Consumer,Agent_06,Resolved,24,34.95,Breached,4.0
TKT00449,2026-08-11 17:15:00,2026-08-12 18:55:33.559880372,South,Technical,App Error,Low,Chat,Consumer,Agent_01,Closed,72,25.68,Met,4.0
TKT00450,2026-05-02 18:24:00,2026-05-04 19:24:24.410573996,South,Technical,App Error,Low,Web,Consumer,Agent_01,Resolved,72,49.01,Met,4.0
TKT00451,2026-05-13 05:29:00,2026-05-14 08:55:08.559037647,North,Account,Profile Update,Critical,Chat,Consumer,Agent_03,Closed,12,27.44,Breached,2.0
TKT00452,2026-06-12 14:25:00,2026-06-13 06:09:52.828359651,East,Delivery,Late Delivery,Critical,Web,Consumer,Agent_05,Resolved,12,15.75,Breached,3.0
TKT00453,2026-08-03 12:53:00,2026-08-04 05:41:59.639673988,,Technical,System Issue,Critical,Chat,Business,Agent_18,Resolved,12,16.82,Breached,1.0
TKT00454,2026-08-09 06:31:00,2026-08-09 18:44:02.525113491,South,Payment,Card Declined,High,Web,Business,Agent_12,Resolved,24,12.22,Met,5.0
TKT00455,2026-08-23 10:36:00,2026-08-26 02:10:13.497177262,North,Technical,App Error,Low,Web,Business,Agent_01,Resolved,72,63.57,Met,4.0
TKT00456,2026-05-26 05:06:00,2026-06-01 12:19:39.666245908,South,Technical,Website Error,Low,Chat,Business,Agent_09,Resolved,72,151.23,Breached,1.0
TKT00457,2026-08-27 21:30:00,2026-08-28 14:49:32.590725027,North,Payment,Payment Failed,Medium,Email,Consumer,Agent_17,Resolved,48,17.33,Met,4.0
TKT00458,2026-03-17 14:54:00,2026-03-19 03:03:59.261501602,East,Account,Profile Update,Medium,Web,Consumer,Agent_13,Closed,48,36.17,Met,3.0
TKT00459,2026-01-09 10:51:00,,West,Technical,Website Error,Critical,Web,Consumer,Agent_14,Pending,12,,Pending,3.0
TKT00460,2026-03-15 14:00:00,2026-03-16 06:34:26.009216976,North,Login,Account Locked,High,Email,Consumer,Agent_11,Resolved,24,16.57,Met,4.0
TKT00461,2026-09-10 17:05:00,2026-09-11 11:45:05.157524560,West,Technical,System Issue,High,Web,Consumer,Agent_11,Closed,24,18.67,Met,5.0
TKT00462,2026-08-18 08:39:00,2026-08-20 07:57:55.611089053,East,Refund,Refund Request,Low,Phone,Consumer,Agent_04,Closed,72,47.32,Met,4.0
TKT00463,2026-01-07 10:35:00,2026-01-07 11:45:41.259458557,East,Technical,Website Error,Critical,Phone,Consumer,Agent_09,Resolved,12,1.18,Met,5.0
TKT00464,2026-06-23 22:12:00,2026-06-24 18:15:50.775073743,South,Payment,Duplicate Charge,High,Email,Consumer,Agent_18,Resolved,24,20.06,Met,4.0
TKT00465,2026-05-21 12:19:00,,East,Payment,Duplicate Charge,Low,Email,Business,Agent_19,Pending,72,,Pending,2.0
TKT00466,2026-06-17 07:48:00,2026-06-18 09:22:29.462898648,West,Delivery,Wrong Item,High,Chat,Business,Agent_04,Resolved,24,25.57,Breached,3.0
TKT00467,2026-06-19 03:31:00,,South,Delivery,Late Delivery,Medium,Web,Consumer,Agent_12,Pending,48,,Pending,2.0
TKT00468,2026-05-02 18:55:00,2026-05-04 09:24:50.468573266,West,Technical,App Error,Low,Phone,Business,Agent_18,Resolved,72,38.5,Met,4.0
TKT00469,2026-07-13 17:11:00,2026-07-15 10:34:43.694603073,South,Login,Password Reset,High,Email,Business,Agent_18,Resolved,24,41.4,Breached,2.0
TKT00470,2026-01-05 13:23:00,2026-01-06 09:46:14.917120641,West,Payment,Payment Failed,High,Chat,Consumer,Agent_06,Resolved,24,20.39,Met,4.0
TKT00471,2026-01-29 07:56:00,,East,Login,Password Reset,Low,Email,Consumer,Agent_11,Pending,72,,Pending,3.0
TKT00472,2026-06-14 14:33:00,2026-06-14 21:46:22.561094521,North,Login,Account Locked,Medium,Phone,Consumer,Agent_05,Resolved,48,7.22,Met,5.0
TKT00473,2026-05-16 07:39:00,2026-05-17 06:38:29.234770522,East,Payment,Card Declined,Critical,Email,Consumer,Agent_16,Resolved,12,22.99,Breached,2.0
TKT00474,2026-05-25 04:12:00,2026-05-25 08:09:16.991096148,West,Payment,Duplicate Charge,High,Email,Business,Agent_11,Resolved,24,3.95,Met,5.0
TKT00475,2026-08-05 12:31:00,2026-08-06 08:31:28.231611066,East,Payment,Card Declined,High,Web,Consumer,Agent_05,Resolved,24,20.01,Met,5.0
TKT00476,2026-05-12 16:20:00,2026-05-14 18:18:31.060544916,North,Payment,Card Declined,Low,Phone,Consumer,Agent_09,Resolved,72,49.98,Met,4.0
TKT00477,2026-03-11 14:13:00,2026-03-12 23:22:52.448739350,West,Delivery,Late Delivery,Low,Web,Consumer,Agent_11,Resolved,72,33.16,Met,4.0
TKT00478,2026-09-09 03:55:00,2026-09-10 10:22:21.848615751,West,Payment,Payment Failed,Medium,Email,Consumer,Agent_15,Resolved,48,30.46,Met,4.0
TKT00479,2026-07-01 22:09:00,2026-07-04 06:56:32.965729220,South,Technical,App Error,Low,Phone,Business,Agent_17,Resolved,72,56.79,Met,4.0
TKT00480,2026-06-16 07:57:00,2026-06-16 13:45:02.934714207,South,Payment,Duplicate Charge,Low,Chat,Consumer,Agent_18,Resolved,72,5.8,Met,4.0
TKT00481,2026-04-01 11:18:00,2026-04-03 17:19:59.827130490,East,Refund,Refund Request,Low,Web,Business,Agent_14,Resolved,72,54.03,Met,4.0
TKT00482,2026-07-21 17:23:00,2026-07-27 04:25:19.895529271,North,Account,Profile Update,Medium,Web,Consumer,Agent_07,Resolved,48,131.04,Breached,2.0
TKT00483,2026-01-19 03:35:00,2026-01-19 18:50:54.780431705,North,Technical,Website Error,Medium,Chat,Consumer,Agent_16,Resolved,48,15.27,Met,5.0
TKT00484,2026-02-08 14:14:00,2026-02-09 03:14:21.862251882,North,Technical,App Error,High,Email,Consumer,Agent_09,Resolved,24,13.01,Met,3.0
TKT00485,2026-05-06 02:14:00,2026-05-06 13:37:54.029309100,North,Payment,Card Declined,Low,Chat,Business,Agent_03,Resolved,72,11.4,Met,5.0
TKT00486,2026-06-22 15:04:00,2026-06-23 14:11:00.917597269,West,Login,Account Locked,Medium,Phone,Business,Agent_16,Resolved,48,23.12,Met,5.0
TKT00487,2026-05-21 19:12:00,2026-05-23 08:39:15.825440354,East,Payment,Payment Failed,Low,Web,Consumer,Agent_07,Resolved,72,37.45,Met,5.0
TKT00488,2026-08-30 06:49:00,2026-09-07 00:53:09.146944743,West,Delivery,Damaged Item,Medium,Phone,Consumer,Agent_07,Resolved,48,186.07,Breached,1.0
TKT00489,2026-08-08 21:57:00,2026-08-10 22:19:01.271200681,East,Login,OTP Issue,Low,Email,Consumer,Agent_20,Resolved,72,48.37,Met,3.0
TKT00490,2026-05-06 21:09:00,2026-05-07 05:18:11.901422948,South,Refund,Refund Pending,Critical,Chat,Consumer,Agent_01,Resolved,12,8.15,Met,4.0
TKT00491,2026-02-27 01:25:00,2026-02-27 08:48:09.360770503,North,Payment,Duplicate Charge,High,Phone,Consumer,Agent_08,Closed,24,7.39,Met,5.0
TKT00492,2026-05-28 09:15:00,2026-05-29 06:09:17.466487239,East,Account,Profile Update,Medium,Web,Business,Agent_01,Closed,48,20.9,Met,5.0
TKT00493,2026-01-01 23:18:00,2026-01-02 23:44:29.304954474,West,Account,Profile Update,Low,Phone,Business,Agent_12,Resolved,72,24.44,Met,5.0
TKT00494,2026-07-09 06:17:00,2026-07-09 23:53:58.012994354,West,Payment,Duplicate Charge,Medium,Web,Business,Agent_17,Resolved,48,17.62,Met,3.0
TKT00495,2026-07-10 23:33:00,2026-07-11 08:54:44.073400046,West,Technical,App Error,High,Email,Consumer,Agent_10,Closed,24,9.36,Met,5.0
TKT00496,2026-04-27 17:54:00,2026-04-29 01:35:36.716448591,West,Payment,Payment Failed,Low,Chat,Business,Agent_19,Resolved,72,31.69,Met,5.0
TKT00497,2026-05-14 04:01:00,2026-05-15 06:06:42.155312265,East,Technical,App Error,Medium,Phone,Consumer,Agent_09,Resolved,48,26.1,Met,5.0
TKT00498,2026-02-27 21:57:00,2026-03-01 00:45:01.996626967,North,Technical,Website Error,High,Email,Consumer,Agent_10,Resolved,24,26.8,Breached,3.0
TKT00499,2026-02-13 15:19:00,2026-02-15 04:15:37.745283937,West,Login,Password Reset,High,Email,Consumer,Agent_11,Resolved,24,36.94,Breached,2.0
TKT00500,2026-06-22 04:25:00,2026-06-23 06:17:25.197497126,North,Technical,Website Error,High,Phone,Consumer,Agent_10,Resolved,24,25.87,Breached,3.0
TKT00501,2026-06-09 19:03:00,2026-06-10 23:43:49.725085324,South,Refund,Refund Request,High,Phone,Consumer,Agent_17,Resolved,24,28.68,Breached,4.0
TKT00502,2026-06-22 11:51:00,2026-06-22 20:00:36.444281590,North,Payment,Card Declined,Critical,Web,Consumer,Agent_07,Resolved,12,8.16,Met,5.0
TKT00503,2026-05-29 21:11:00,2026-05-31 12:08:59.770775869,South,Refund,Refund Request,Medium,Email,Consumer,Agent_05,Closed,48,38.97,Met,4.0
TKT00504,2026-03-21 01:09:00,2026-03-23 17:38:37.312845662,South,Technical,System Issue,Medium,Chat,Consumer,Agent_20,Resolved,48,64.49,Breached,3.0
TKT00505,2026-08-01 00:56:00,2026-08-01 15:38:02.545683138,North,Account,Account Verification,High,Email,Consumer,Agent_12,Resolved,24,14.7,Met,5.0
TKT00506,2026-07-22 23:25:00,2026-07-23 11:19:40.671624855,North,Technical,App Error,High,Chat,Consumer,Agent_05,Resolved,24,11.91,Met,5.0
TKT00507,2026-09-09 00:38:00,2026-09-09 06:33:16.792079394,East,Payment,Duplicate Charge,Critical,Phone,Consumer,Agent_01,Resolved,12,5.92,Met,4.0
TKT00508,2026-08-17 13:20:00,2026-08-18 03:39:22.034515152,West,Account,Profile Update,Low,Web,Consumer,Agent_10,Resolved,72,14.32,Met,5.0
TKT00509,2026-06-13 17:21:00,2026-06-14 23:45:38.093384271,North,Technical,Website Error,Medium,Web,Consumer,Agent_07,Resolved,48,30.41,Met,5.0
TKT00510,2026-08-15 12:11:00,,North,Delivery,Damaged Item,Medium,Phone,Consumer,Agent_12,Pending,48,,Pending,2.0
TKT00511,2026-05-27 13:44:00,2026-05-29 12:29:54.190497614,South,Login,OTP Issue,Medium,Web,Business,Agent_02,Closed,48,46.77,Met,5.0
TKT00512,2026-01-20 12:35:00,2026-01-24 04:14:48.808125468,North,Login,Account Locked,Low,Phone,Business,Agent_09,Resolved,72,87.66,Breached,2.0
TKT00513,2026-02-16 05:51:00,2026-02-17 02:49:02.481735954,West,Login,OTP Issue,High,Web,Consumer,Agent_05,Closed,24,20.97,Met,5.0
TKT00514,2026-08-21 22:01:00,2026-08-22 15:16:16.277568775,East,Account,Profile Update,Low,Email,Consumer,Agent_05,Resolved,72,17.25,Met,5.0
TKT00515,2026-01-14 04:42:00,2026-01-15 18:11:46.527858715,West,Payment,Duplicate Charge,High,Web,Consumer,Agent_14,Resolved,24,37.5,Breached,2.0
TKT00516,2026-05-23 01:49:00,2026-05-24 14:15:29.450372506,West,Delivery,Damaged Item,High,Chat,Consumer,Agent_19,Resolved,24,36.44,Breached,4.0
TKT00517,2026-01-01 16:56:00,2026-01-03 00:21:44.977031194,East,Refund,Refund Pending,Medium,Email,Business,Agent_18,Resolved,48,31.43,Met,4.0
TKT00518,2026-02-23 20:03:00,2026-02-25 07:13:44.992525724,North,Payment,Duplicate Charge,Medium,Web,Consumer,Agent_08,Resolved,48,35.18,Met,5.0
TKT00519,2026-09-16 09:03:00,2026-09-18 11:55:33.391403378,North,Payment,Payment Failed,Medium,Email,Business,Agent_03,Resolved,48,50.88,Breached,1.0
TKT00520,2026-05-24 00:24:00,2026-05-25 08:05:16.021699656,South,Delivery,Damaged Item,High,Email,Consumer,Agent_14,Closed,24,31.69,Breached,1.0
TKT00521,2026-01-12 14:02:00,2026-01-13 15:32:19.641167531,North,Login,Account Locked,High,Chat,Consumer,Agent_11,Resolved,24,25.51,Breached,3.0
TKT00522,2026-08-12 13:10:00,2026-08-12 22:40:22.355573583,South,Technical,System Issue,High,Chat,Business,Agent_08,Resolved,24,9.51,Met,5.0
TKT00523,2026-09-29 12:17:00,2026-09-29 15:33:42.289768970,North,Payment,Payment Failed,Critical,Phone,Business,Agent_12,Resolved,12,3.28,Met,4.0
TKT00524,2026-06-05 00:56:00,2026-06-05 16:13:28.369333554,South,Login,Password Reset,Medium,Email,Consumer,Agent_11,Resolved,48,15.29,Met,4.0
TKT00525,2026-01-08 02:59:00,2026-01-08 10:42:56.228048598,East,Payment,Payment Failed,Critical,Web,Consumer,Agent_09,Resolved,12,7.73,Met,4.0
TKT00526,2026-05-02 03:51:00,2026-05-03 06:53:49.606433635,North,Login,OTP Issue,High,Chat,Consumer,Agent_04,Resolved,24,27.05,Breached,3.0
TKT00527,2026-06-13 05:42:00,2026-06-13 18:36:16.475918378,North,Account,Account Access,High,Email,Consumer,Agent_19,Resolved,24,12.9,Met,4.0
TKT00528,2026-03-31 07:56:00,2026-04-02 12:55:00.595400596,West,Technical,System Issue,Low,Phone,Consumer,Agent_07,Resolved,72,52.98,Met,4.0
TKT00529,2026-05-16 09:35:00,2026-05-16 19:45:37.577100842,South,Login,Password Reset,Critical,Phone,Consumer,Agent_17,Resolved,12,10.18,Met,5.0
TKT00530,2026-07-05 07:34:00,,South,Refund,Refund Request,Medium,Email,Consumer,Agent_16,Pending,48,,Pending,4.0
TKT00531,2026-06-27 20:55:00,2026-06-28 07:45:48.116271260,West,Delivery,Wrong Item,High,Phone,Business,Agent_19,Resolved,24,10.85,Met,3.0
TKT00532,2026-01-28 04:48:00,2026-01-29 06:37:35.606448958,North,Account,Account Access,Low,Web,Consumer,Agent_12,Closed,72,25.83,Met,5.0
TKT00533,2026-08-08 20:36:00,2026-08-09 09:51:34.813530871,South,Technical,System Issue,Medium,Web,Consumer,Agent_07,Resolved,48,13.26,Met,5.0
TKT00534,2026-02-10 04:17:00,2026-02-13 00:00:00.978301218,North,Account,Profile Update,Medium,Web,Consumer,Agent_14,Resolved,48,67.72,Breached,1.0
TKT00535,2026-08-16 08:49:00,2026-08-17 12:41:10.378700421,East,Payment,Payment Failed,Medium,Web,Consumer,Agent_11,Resolved,48,27.87,Met,5.0
TKT00536,2026-07-11 11:26:00,2026-07-13 02:19:18.671401377,South,Payment,Payment Failed,Low,Chat,Consumer,Agent_11,Resolved,72,38.89,Met,5.0
TKT00537,2026-05-25 15:28:00,2026-05-26 18:10:15.091816132,North,Payment,Card Declined,High,Web,Consumer,Agent_07,Resolved,24,26.7,Breached,1.0
TKT00538,2026-07-20 03:48:00,2026-07-22 11:52:23.611131076,East,Technical,Website Error,Low,Chat,Consumer,Agent_11,Resolved,72,56.07,Met,4.0
TKT00539,2026-07-31 20:49:00,2026-08-01 15:28:40.502189613,North,Account,Account Verification,Medium,Chat,Business,Agent_03,Resolved,48,18.66,Met,5.0
TKT00540,2026-08-08 09:55:00,2026-08-11 06:25:17.693327257,North,Technical,System Issue,Low,Chat,Consumer,Agent_15,Resolved,72,68.5,Met,4.0
TKT00541,2026-08-28 07:14:00,2026-08-29 08:00:05.541837826,East,Delivery,Late Delivery,Medium,Phone,Consumer,Agent_03,Resolved,48,24.77,Met,4.0
TKT00542,2026-02-15 14:41:00,2026-02-16 14:55:18.360848644,South,Delivery,Late Delivery,Medium,Chat,Consumer,Agent_09,Resolved,48,24.24,Met,3.0
TKT00543,2026-02-04 17:00:00,2026-02-07 01:17:13.646363258,West,Delivery,Damaged Item,Medium,Phone,Consumer,Agent_17,Closed,48,56.29,Breached,2.0
TKT00544,2026-09-10 06:41:00,2026-09-11 14:44:49.438789250,West,Technical,App Error,Medium,Web,Consumer,Agent_17,Resolved,48,32.06,Met,4.0
TKT00545,2026-03-23 10:21:00,2026-03-25 09:57:21.352620837,East,Delivery,Late Delivery,High,Phone,Consumer,Agent_12,Resolved,24,47.61,Breached,2.0
TKT00546,2026-09-13 01:27:00,2026-09-14 15:37:48.737401960,North,Technical,System Issue,Low,Email,Business,Agent_07,Resolved,72,38.18,Met,3.0
TKT00547,2026-07-16 09:43:00,2026-07-17 12:30:07.782132958,West,Payment,Duplicate Charge,Low,Phone,Consumer,Agent_11,Closed,72,26.79,Met,4.0
TKT00548,2026-01-10 05:08:00,2026-01-12 08:40:14.753925772,East,Refund,Refund Failed,Low,Email,Consumer,Agent_14,Resolved,72,51.54,Met,4.0
TKT00549,2026-08-30 15:05:00,2026-08-30 20:05:25.191755712,West,Payment,Payment Failed,Critical,Phone,Consumer,Agent_20,Resolved,12,5.01,Met,5.0
TKT00550,2026-09-08 05:42:00,2026-09-09 02:00:35.365519098,North,Payment,Duplicate Charge,Medium,Chat,Consumer,Agent_01,Resolved,48,20.31,Met,5.0
TKT00551,2026-01-05 07:15:00,2026-01-06 14:09:17.232054649,East,Refund,Refund Pending,Medium,Email,Consumer,Agent_06,Resolved,48,30.9,Met,3.0
TKT00552,2026-04-29 02:56:00,2026-05-02 13:12:17.505990559,South,Technical,System Issue,Low,Phone,Consumer,Agent_17,Resolved,72,82.27,Breached,4.0
TKT00553,2026-03-06 02:18:00,2026-03-08 14:05:52.404396007,East,Delivery,Damaged Item,Medium,Web,Consumer,Agent_09,Resolved,48,59.8,Breached,3.0
TKT00554,2026-05-26 03:13:00,2026-05-28 03:11:19.412205344,East,Technical,System Issue,Low,Phone,Consumer,Agent_01,Resolved,72,47.97,Met,5.0
TKT00555,2026-08-12 20:09:00,2026-08-14 05:03:41.949124635,West,Technical,Website Error,Low,Email,Business,Agent_12,Closed,72,32.91,Met,4.0
TKT00556,2026-08-27 20:41:00,2026-08-28 04:52:45.717330429,West,Technical,System Issue,Medium,Web,Consumer,Agent_20,Resolved,48,8.2,Met,4.0
TKT00557,2026-06-26 19:47:00,2026-06-30 14:40:44.156387047,South,Technical,App Error,Medium,Email,Business,Agent_17,Resolved,48,90.9,Breached,4.0
TKT00558,2026-09-24 19:44:00,,West,Technical,System Issue,Low,Chat,Consumer,Agent_04,Pending,72,,Pending,2.0
TKT00559,2026-03-04 15:42:00,2026-03-05 14:22:45.608207152,West,Delivery,Damaged Item,High,Chat,Business,Agent_08,Resolved,24,22.68,Met,5.0
TKT00560,2026-08-05 08:44:00,2026-08-05 17:33:46.138606478,West,Login,Account Locked,Critical,Phone,Business,Agent_19,Resolved,12,8.83,Met,4.0
TKT00561,2026-06-26 17:45:00,2026-06-28 13:49:25.313396638,North,Refund,Refund Failed,Medium,Phone,Business,Agent_19,Resolved,48,44.07,Met,5.0
TKT00562,2026-04-08 15:14:00,,East,Payment,Card Declined,Medium,Phone,Consumer,Agent_05,Pending,48,,Pending,3.0
TKT00563,2026-04-15 03:29:00,2026-04-15 12:43:10.714867324,West,Login,Password Reset,Critical,Phone,Business,Agent_11,Resolved,12,9.24,Met,4.0
TKT00564,2026-04-09 12:20:00,2026-04-09 19:28:46.038576227,North,Delivery,Wrong Item,High,Email,Business,Agent_06,Resolved,24,7.15,Met,5.0
TKT00565,2026-01-06 14:21:00,2026-01-08 09:15:02.094107133,East,Refund,Refund Failed,Medium,Email,Consumer,Agent_13,Closed,48,42.9,Met,3.0
TKT00566,2026-07-16 21:38:00,2026-07-18 12:11:56.815207790,South,Payment,Payment Failed,High,Phone,Consumer,Agent_19,Resolved,24,38.57,Breached,1.0
TKT00567,2026-05-13 15:53:00,2026-05-16 22:09:43.435923153,East,Delivery,Late Delivery,Low,Phone,Consumer,Agent_06,Closed,72,78.28,Breached,1.0
TKT00568,2026-09-16 21:42:00,,North,Account,Profile Update,Medium,Chat,Consumer,Agent_13,Pending,48,,Pending,2.0
TKT00569,2026-01-23 21:14:00,2026-01-24 15:02:57.462026248,North,Technical,System Issue,Medium,Phone,Consumer,Agent_06,Resolved,48,17.82,Met,3.0
TKT00570,2026-02-22 22:13:00,2026-02-25 14:51:56.356452207,South,Refund,Refund Pending,Low,Chat,Consumer,Agent_16,Resolved,72,64.65,Met,5.0
TKT00571,2026-06-14 13:52:00,2026-06-16 20:29:31.420600507,North,Payment,Payment Failed,Medium,Chat,Consumer,Agent_18,Closed,48,54.63,Breached,3.0
TKT00572,2026-07-21 02:19:00,2026-07-22 17:09:06.535580964,South,Account,Profile Update,Low,Phone,Business,Agent_11,Resolved,72,38.84,Met,5.0
TKT00573,2026-03-24 13:11:00,2026-03-25 17:20:57.631649310,South,Refund,Refund Pending,High,Email,Business,Agent_20,Closed,24,28.17,Breached,2.0
TKT00574,2026-05-25 09:05:00,2026-05-26 09:48:26.983274260,North,Delivery,Late Delivery,Medium,Chat,Business,Agent_17,Resolved,48,24.72,Met,4.0
TKT00575,2026-03-26 16:56:00,2026-03-27 18:22:38.620735051,North,Login,Password Reset,Medium,Chat,Business,Agent_10,Resolved,48,25.44,Met,5.0
TKT00576,2026-03-19 00:56:00,2026-03-21 00:41:25.409803532,West,Payment,Duplicate Charge,Low,Phone,Consumer,Agent_16,Resolved,72,47.76,Met,5.0
TKT00577,2026-01-01 01:51:00,2026-01-03 17:17:35.521457946,West,Refund,Refund Failed,Low,Email,Business,Agent_05,Resolved,72,63.44,Met,5.0
TKT00578,2026-02-20 00:04:00,2026-02-21 09:40:09.795654795,South,Login,Password Reset,Medium,Web,Consumer,Agent_10,Resolved,48,33.6,Met,4.0
TKT00579,2026-06-22 23:53:00,2026-06-24 01:52:17.325765427,North,Payment,Payment Failed,Critical,Chat,Consumer,Agent_03,Resolved,12,25.99,Breached,4.0
TKT00580,2026-07-24 23:57:00,2026-07-25 20:19:31.391739400,West,Delivery,Wrong Item,Low,Phone,Consumer,Agent_19,Resolved,72,20.38,Met,4.0
TKT00581,2026-09-17 20:05:00,2026-09-19 05:35:39.732269659,West,Login,Password Reset,Medium,Email,Consumer,Agent_04,Resolved,48,33.51,Met,3.0
TKT00582,2026-02-03 17:16:00,2026-02-04 03:08:36.972945339,West,Payment,Duplicate Charge,High,Email,Consumer,Agent_12,Closed,24,9.88,Met,5.0
TKT00583,2026-04-05 22:42:00,2026-04-08 07:29:47.220992991,West,Payment,Duplicate Charge,Low,Email,Consumer,Agent_10,Closed,72,56.8,Met,5.0
TKT00584,2026-03-13 21:22:00,2026-03-15 04:25:08.444603516,South,Payment,Duplicate Charge,High,Chat,Consumer,Agent_11,Resolved,24,31.05,Breached,1.0
TKT00585,2026-02-08 01:29:00,2026-02-09 04:29:41.225597179,East,Delivery,Late Delivery,Medium,Web,Business,Agent_08,Resolved,48,27.01,Met,5.0
TKT00586,2026-06-03 10:15:00,2026-06-06 01:08:21.779107018,North,Delivery,Late Delivery,Medium,Email,Consumer,Agent_12,Resolved,48,62.89,Breached,3.0
TKT00587,2026-09-07 14:50:00,2026-09-09 20:57:10.942564558,North,Login,Password Reset,Medium,Chat,Business,Agent_14,Resolved,48,54.12,Breached,3.0
TKT00588,2026-06-11 11:37:00,2026-06-14 21:26:48.436165524,West,Account,Profile Update,Medium,Phone,Business,Agent_03,Resolved,48,81.83,Breached,2.0
TKT00589,2026-04-28 21:13:00,2026-04-29 22:44:56.930279016,South,Account,Profile Update,Medium,Email,Consumer,Agent_11,Closed,48,25.53,Met,3.0
TKT00590,2026-09-16 21:18:00,2026-09-18 03:00:29.083303281,East,Delivery,Wrong Item,High,Chat,Consumer,Agent_07,Resolved,24,29.71,Breached,2.0
TKT00591,2026-09-25 14:57:00,2026-09-27 06:37:28.658769798,East,Payment,Payment Failed,High,Web,Business,Agent_15,Resolved,24,39.67,Breached,3.0
TKT00592,2026-02-23 16:10:00,2026-02-24 14:08:53.404284864,North,Delivery,Late Delivery,High,Email,Consumer,Agent_11,Closed,24,21.98,Met,4.0
TKT00593,2026-08-24 18:51:00,2026-08-27 21:12:47.420741703,South,Technical,System Issue,High,Web,Business,Agent_07,Resolved,24,74.36,Breached,2.0
TKT00594,2026-08-10 11:07:00,2026-08-11 09:43:59.439283084,South,Login,OTP Issue,Medium,Chat,Consumer,Agent_19,Resolved,48,22.62,Met,4.0
TKT00595,2026-09-08 09:53:00,2026-09-10 03:02:47.483123313,North,Delivery,Late Delivery,Medium,Phone,Consumer,Agent_16,Resolved,48,41.16,Met,3.0
TKT00596,2026-04-22 09:48:00,2026-04-23 15:14:22.343662795,East,Technical,App Error,Medium,Chat,Consumer,Agent_19,Resolved,48,29.44,Met,5.0
TKT00597,2026-09-12 08:04:00,2026-09-12 18:54:14.000237898,South,Refund,Refund Failed,High,Web,Consumer,Agent_13,Resolved,24,10.84,Met,3.0
TKT00598,2026-07-26 16:21:00,2026-07-27 16:06:04.901723946,West,Payment,Payment Failed,Medium,Web,Consumer,Agent_17,Resolved,48,23.75,Met,5.0
TKT00599,2026-08-17 16:11:00,2026-08-19 17:44:38.311557631,South,Delivery,Late Delivery,Medium,Phone,Consumer,Agent_14,Resolved,48,49.56,Breached,2.0
TKT00600,2026-03-07 21:21:00,2026-03-08 14:42:48.876835204,North,Payment,Duplicate Charge,High,Email,Consumer,Agent_02,Resolved,24,17.36,Met,4.0
TKT00601,2026-03-16 10:38:00,2026-03-18 00:39:35.136990048,North,Refund,Refund Pending,Medium,Chat,Consumer,Agent_10,Resolved,48,38.03,Met,5.0
TKT00602,2026-04-13 16:36:00,2026-04-16 17:22:41.064538771,West,Payment,Payment Failed,Low,Phone,Consumer,Agent_06,Resolved,72,72.78,Breached,3.0
TKT00603,2026-07-11 04:41:00,2026-07-13 05:30:32.664989665,,Payment,Payment Failed,Medium,Email,Business,Agent_16,Resolved,48,48.83,Breached,3.0
TKT00604,2026-09-09 16:25:00,2026-09-10 16:41:08.988677637,East,Technical,App Error,Medium,Phone,Consumer,Agent_07,Resolved,48,24.27,Met,5.0
TKT00605,2026-08-14 18:31:00,2026-08-16 14:31:41.265804916,West,Technical,Website Error,High,Web,Business,Agent_19,Resolved,24,44.01,Breached,2.0
TKT00606,2026-04-08 20:27:00,2026-04-09 06:14:36.332412936,South,Payment,Card Declined,Critical,Email,Consumer,Agent_10,Closed,12,9.79,Met,5.0
TKT00607,2026-09-06 00:15:00,2026-09-07 11:30:16.415291739,North,Delivery,Damaged Item,Medium,Phone,Consumer,Agent_20,Closed,48,35.25,Met,4.0
TKT00608,2026-06-15 19:34:00,2026-06-17 02:26:24.221877535,West,Login,Account Locked,Medium,Chat,Consumer,Agent_15,Resolved,48,30.87,Met,5.0
TKT00609,2026-01-30 15:35:00,2026-01-31 03:21:41.221460251,North,Payment,Card Declined,High,Phone,Consumer,Agent_12,Resolved,24,11.78,Met,5.0
TKT00610,2026-09-04 04:13:00,2026-09-05 16:05:27.744327012,North,Technical,Website Error,Low,Email,Consumer,Agent_09,Closed,72,35.87,Met,4.0
TKT00611,2026-04-16 20:11:00,2026-04-18 01:22:39.895430218,West,Account,Account Verification,Medium,Phone,Consumer,Agent_18,Resolved,48,29.19,Met,5.0
TKT00612,2026-02-20 05:28:00,2026-02-20 08:50:17.239853863,East,Delivery,Damaged Item,Critical,Phone,Consumer,Agent_17,Resolved,12,3.37,Met,5.0
TKT00613,2026-03-22 09:03:00,2026-03-23 06:31:31.648719432,East,Delivery,Wrong Item,High,Chat,Consumer,Agent_19,Resolved,24,21.48,Met,4.0
TKT00614,2026-05-13 13:02:00,2026-05-16 01:07:45.652535880,West,Delivery,Wrong Item,Low,Email,Consumer,Agent_10,Resolved,72,60.1,Met,3.0
TKT00615,2026-05-18 16:36:00,2026-05-19 13:29:13.938149421,,Technical,App Error,Low,Email,Consumer,Agent_08,Resolved,72,20.89,Met,5.0
TKT00616,2026-07-03 23:40:00,,South,Payment,Duplicate Charge,High,Web,Consumer,Agent_20,Pending,24,,Pending,4.0
TKT00617,2026-09-30 22:33:00,2026-10-02 06:19:26.841296294,West,Technical,System Issue,High,Phone,Business,Agent_05,Resolved,24,31.77,Breached,2.0
TKT00618,2026-03-10 14:04:00,2026-03-10 16:20:59.945651162,North,Account,Profile Update,High,Email,Consumer,Agent_13,Closed,24,2.28,Met,4.0
TKT00619,2026-02-03 19:52:00,2026-02-04 23:25:34.287083042,East,Refund,Refund Pending,Medium,Email,Business,Agent_02,Resolved,48,27.56,Met,4.0
TKT00620,2026-09-19 06:05:00,2026-09-20 06:04:41.363299532,North,Login,Account Locked,Critical,Email,Consumer,Agent_01,Resolved,12,23.99,Breached,2.0
TKT00621,2026-02-22 20:01:00,2026-02-24 05:57:11.504925787,East,Payment,Duplicate Charge,Medium,Chat,Business,Agent_08,Resolved,48,33.94,Met,5.0
TKT00622,2026-07-24 10:54:00,2026-07-24 22:36:27.744264036,North,Payment,Card Declined,High,Chat,Business,Agent_10,Closed,24,11.71,Met,3.0
TKT00623,2026-05-06 23:05:00,2026-05-07 13:19:43.690947716,West,Technical,System Issue,Medium,Chat,Consumer,Agent_05,Resolved,48,14.25,Met,5.0
TKT00624,2026-08-23 12:39:00,2026-08-26 05:07:40.411263079,West,Delivery,Damaged Item,Low,Email,Consumer,Agent_18,Resolved,72,64.48,Met,4.0
TKT00625,2026-02-12 10:38:00,2026-02-13 00:36:10.094254262,South,Payment,Payment Failed,Critical,Chat,Business,Agent_02,Closed,12,13.97,Breached,3.0
TKT00626,2026-08-28 17:43:00,2026-08-31 12:24:46.120414621,East,Refund,Refund Request,Low,Email,Consumer,Agent_09,Resolved,72,66.7,Met,4.0
TKT00627,2026-04-21 15:23:00,2026-04-23 20:30:06.351969788,West,Technical,App Error,Medium,Chat,Consumer,Agent_16,Resolved,48,53.12,Breached,1.0
TKT00628,2026-09-06 06:55:00,2026-09-07 13:18:37.738915584,East,Refund,Refund Failed,High,Phone,Consumer,Agent_20,Resolved,24,30.39,Breached,2.0
TKT00629,2026-05-31 22:58:00,2026-06-01 19:55:47.620449234,West,Account,Account Verification,Medium,Email,Consumer,Agent_17,Resolved,48,20.96,Met,5.0
TKT00630,2026-07-02 04:14:00,2026-07-03 20:20:35.063294598,South,Account,Account Access,High,Web,Consumer,Agent_16,Closed,24,40.11,Breached,3.0
TKT00631,2026-04-05 19:26:00,2026-04-06 16:36:09.776172943,West,Delivery,Wrong Item,Medium,Phone,Consumer,Agent_01,Resolved,48,21.17,Met,4.0
TKT00632,2026-01-08 11:49:00,2026-01-09 12:41:38.591678690,West,Delivery,Late Delivery,Medium,Phone,Consumer,Agent_05,Resolved,48,24.88,Met,4.0
TKT00633,2026-07-03 09:36:00,2026-07-03 23:05:11.235614132,South,Delivery,Late Delivery,Critical,Phone,Consumer,Agent_19,Resolved,12,13.49,Breached,3.0
TKT00634,2026-07-14 14:59:00,2026-07-15 14:53:27.145306987,North,Delivery,Damaged Item,Low,Web,Consumer,Agent_18,Resolved,72,23.91,Met,5.0
TKT00635,2026-07-14 00:10:00,2026-07-14 16:27:02.138967142,East,Login,Account Locked,High,Web,Business,Agent_20,Resolved,24,16.28,Met,5.0
TKT00636,2026-06-04 00:25:00,2026-06-05 18:38:24.474637254,North,Refund,Refund Pending,Low,Web,Consumer,Agent_03,Resolved,72,42.22,Met,4.0
TKT00637,2026-04-03 15:56:00,,North,Account,Profile Update,High,Chat,Consumer,Agent_18,Pending,24,,Pending,3.0
TKT00638,2026-06-09 07:00:00,2026-06-11 22:52:30.749058069,North,Account,Account Access,Low,Chat,Business,Agent_11,Closed,72,63.88,Met,4.0
TKT00639,2026-03-02 20:44:00,2026-03-03 08:29:11.326773531,East,Refund,Refund Pending,Medium,Phone,Business,Agent_11,Resolved,48,11.75,Met,4.0
TKT00640,2026-05-02 08:15:00,2026-05-04 07:42:05.915863767,South,Payment,Duplicate Charge,High,Web,Consumer,Agent_11,Resolved,24,47.45,Breached,2.0
TKT00641,2026-02-20 21:00:00,2026-02-24 11:22:16.867388226,West,Payment,Payment Failed,Medium,Phone,Consumer,Agent_10,Resolved,48,86.37,Breached,1.0
TKT00642,2026-01-05 03:56:00,2026-01-06 00:42:34.717758193,West,Login,OTP Issue,High,Phone,Consumer,Agent_10,Resolved,24,20.78,Met,4.0
TKT00643,2026-04-02 16:48:00,2026-04-03 20:42:16.614582390,North,Login,Account Locked,High,Web,Business,Agent_04,Resolved,24,27.9,Breached,1.0
TKT00644,2026-06-19 03:38:00,2026-06-20 08:41:23.856590548,East,Account,Account Access,High,Chat,Business,Agent_09,Resolved,24,29.06,Breached,2.0
TKT00645,2026-01-22 07:40:00,2026-01-23 07:17:48.499383601,North,Login,Account Locked,Critical,Phone,Business,Agent_10,Resolved,12,23.63,Breached,3.0
TKT00646,2026-01-01 11:02:00,2026-01-03 07:25:07.066538851,South,Delivery,Late Delivery,Medium,Phone,Consumer,Agent_13,Resolved,48,44.39,Met,5.0
TKT00647,2026-05-13 10:34:00,2026-05-15 15:37:46.348105507,West,Login,Account Locked,Low,Email,Consumer,Agent_01,Closed,72,53.06,Met,3.0
TKT00648,2026-08-21 19:27:00,2026-08-26 14:23:07.763051270,West,Payment,Duplicate Charge,Low,Web,Consumer,Agent_16,Resolved,72,114.94,Breached,2.0
TKT00649,2026-01-12 16:29:00,2026-01-14 00:12:36.164156491,West,Delivery,Wrong Item,Low,Phone,Consumer,Agent_19,Resolved,72,31.73,Met,4.0
TKT00650,2026-02-15 03:08:00,2026-02-16 15:25:11.946610266,West,Account,Account Access,Low,Web,Consumer,Agent_12,Resolved,72,36.29,Met,4.0
TKT00651,2026-02-03 04:14:00,2026-02-05 08:55:33.884211508,South,Payment,Duplicate Charge,Medium,Email,Consumer,Agent_05,Resolved,48,52.69,Breached,1.0
TKT00652,2026-03-19 01:07:00,,East,Delivery,Wrong Item,Low,Web,Consumer,Agent_05,Pending,72,,Pending,3.0
TKT00653,2026-08-06 10:15:00,2026-08-09 08:47:02.320393722,East,Delivery,Late Delivery,Low,Email,Consumer,Agent_07,Resolved,72,70.53,Met,5.0
TKT00654,2026-03-14 05:35:00,,South,Payment,Duplicate Charge,Low,Email,Consumer,Agent_12,Pending,72,,Pending,4.0
TKT00655,2026-09-06 11:10:00,2026-09-07 00:53:54.127223490,West,Payment,Duplicate Charge,High,Chat,Consumer,Agent_14,Resolved,24,13.73,Met,5.0
TKT00656,2026-02-16 13:40:00,2026-02-17 19:15:50.489128255,East,Refund,Refund Request,Medium,Phone,Consumer,Agent_01,Resolved,48,29.6,Met,
TKT00657,2026-05-01 14:33:00,2026-05-03 08:25:55.747583569,South,Technical,System Issue,Medium,Phone,Consumer,Agent_06,Resolved,48,41.88,Met,4.0
TKT00658,2026-08-02 23:52:00,2026-08-03 11:09:46.780228201,North,Technical,Website Error,High,Web,Consumer,Agent_18,Closed,24,11.3,Met,5.0
TKT00659,2026-08-27 04:59:00,2026-08-28 00:27:52.384584568,South,Payment,Payment Failed,Low,Web,Business,Agent_06,Resolved,72,19.48,Met,4.0
TKT00660,2026-02-25 05:56:00,,West,Delivery,Wrong Item,Critical,Email,Consumer,Agent_19,Pending,12,,Pending,3.0
TKT00661,2026-04-17 04:15:00,2026-04-18 23:12:06.582332246,West,Delivery,Damaged Item,Medium,Email,Consumer,Agent_12,Resolved,48,42.95,Met,5.0
TKT00662,2026-02-17 16:47:00,2026-02-18 15:50:25.425271126,West,Delivery,Late Delivery,Low,Web,Consumer,Agent_18,Resolved,72,23.06,Met,5.0
TKT00663,2026-03-02 05:52:00,2026-03-02 19:57:45.607251498,North,Payment,Duplicate Charge,High,Web,Business,Agent_03,Resolved,24,14.1,Met,5.0
TKT00664,2026-01-26 08:43:00,2026-01-27 03:18:12.084644684,East,Refund,Refund Request,High,Web,Consumer,Agent_11,Resolved,24,18.59,Met,3.0
TKT00665,2026-09-14 15:49:00,2026-09-16 00:07:58.965307038,West,Technical,App Error,Medium,Email,Consumer,Agent_04,Resolved,48,32.32,Met,5.0
TKT00666,2026-01-08 12:35:00,2026-01-09 05:52:48.019847085,North,Technical,System Issue,High,Web,Business,Agent_13,Closed,24,17.3,Met,5.0
TKT00667,2026-04-23 04:43:00,2026-04-25 13:06:26.757615854,South,Login,OTP Issue,Low,Email,Business,Agent_01,Resolved,72,56.39,Met,4.0
TKT00668,2026-09-10 22:15:00,2026-09-11 18:53:14.846105248,East,Technical,Website Error,Medium,Phone,Consumer,Agent_20,Resolved,48,20.64,Met,4.0
TKT00669,2026-06-29 01:38:00,2026-06-30 05:32:57.211261981,East,Account,Profile Update,Low,Phone,Consumer,Agent_06,Resolved,72,27.92,Met,3.0
TKT00670,2026-07-26 03:16:00,2026-07-29 22:46:43.552909742,South,Refund,Refund Failed,Low,Email,Consumer,Agent_14,Resolved,72,91.51,Breached,1.0
TKT00671,2026-05-07 08:01:00,2026-05-09 22:46:15.718297374,East,Technical,App Error,Low,Email,Business,Agent_09,Resolved,72,62.75,Met,5.0
TKT00672,2026-02-25 14:37:00,2026-02-26 01:52:56.852383928,South,Account,Profile Update,Critical,Email,Business,Agent_09,Resolved,12,11.27,Met,4.0
TKT00673,2026-08-02 20:49:00,2026-08-04 13:42:29.556994812,North,Account,Account Access,Low,Email,Consumer,Agent_07,Closed,72,40.89,Met,5.0
TKT00674,2026-01-14 10:14:00,2026-01-16 04:32:53.621935038,West,Refund,Refund Failed,Medium,Chat,Consumer,Agent_15,Resolved,48,42.31,Met,5.0
TKT00675,2026-01-28 10:17:00,2026-01-30 07:41:33.490523419,North,Technical,App Error,Medium,Phone,Consumer,Agent_10,Closed,48,45.41,Met,4.0
TKT00676,2026-03-19 23:08:00,2026-03-23 07:22:25.881913136,West,Delivery,Damaged Item,High,Phone,Consumer,Agent_09,Resolved,24,80.24,Breached,2.0
TKT00677,2026-08-04 06:07:00,2026-08-05 02:34:13.287409398,East,Technical,App Error,Critical,Chat,Business,Agent_15,Resolved,12,20.45,Breached,2.0
TKT00678,2026-06-03 09:29:00,2026-06-03 20:32:30.728717665,South,Account,Account Verification,High,Web,Consumer,Agent_09,Resolved,24,11.06,Met,3.0
TKT00679,2026-01-14 09:49:00,2026-01-14 16:27:04.380014310,South,Payment,Payment Failed,Critical,Email,Consumer,Agent_07,Closed,12,6.63,Met,3.0
TKT00680,2026-07-06 18:18:00,2026-07-08 03:14:42.101553753,North,Login,Account Locked,High,Email,Consumer,Agent_08,Closed,24,32.95,Breached,2.0
TKT00681,2026-01-07 17:45:00,2026-01-07 23:34:47.374964058,North,Technical,App Error,Critical,Web,Consumer,Agent_02,Resolved,12,5.83,Met,5.0
TKT00682,2026-01-03 07:01:00,2026-01-03 18:55:12.709700996,East,Technical,Website Error,High,Phone,Consumer,Agent_03,Resolved,24,11.9,Met,5.0
TKT00683,2026-04-21 13:55:00,2026-04-23 16:24:40.771224315,South,Delivery,Wrong Item,Low,Chat,Consumer,Agent_02,Resolved,72,50.49,Met,5.0
TKT00684,2026-08-26 20:04:00,2026-08-28 22:14:38.044591658,West,Account,Account Verification,Medium,Email,Consumer,Agent_01,Closed,48,50.18,Breached,3.0
TKT00685,2026-08-27 09:04:00,2026-08-28 18:17:01.953724134,East,Delivery,Wrong Item,Medium,Phone,Consumer,Agent_12,Closed,48,33.22,Met,5.0
TKT00686,2026-08-15 01:10:00,2026-08-16 18:56:24.371088477,East,Account,Account Verification,Medium,Phone,Consumer,Agent_05,Resolved,48,41.77,Met,4.0
TKT00687,2026-01-15 18:48:00,2026-01-18 22:33:42.312427833,East,Technical,App Error,Medium,Phone,Consumer,Agent_18,Resolved,48,75.76,Breached,1.0
TKT00688,2026-07-11 20:23:00,2026-07-13 15:26:05.878947326,South,Login,Password Reset,Medium,Chat,Business,Agent_19,Closed,48,43.05,Met,5.0
TKT00689,2026-04-29 18:44:00,2026-04-29 23:06:03.316815822,North,Login,Account Locked,Critical,Chat,Consumer,Agent_02,Resolved,12,4.37,Met,5.0
TKT00690,2026-01-28 12:47:00,2026-01-29 21:47:08.920071226,South,Payment,Payment Failed,Low,Chat,Consumer,Agent_16,Resolved,72,33.0,Met,3.0
TKT00691,2026-07-21 05:06:00,2026-07-21 21:31:27.125492674,West,Login,Account Locked,High,Chat,Consumer,Agent_06,Resolved,24,16.42,Met,4.0
TKT00692,2026-02-08 06:16:00,2026-02-08 23:18:43.881868269,South,Delivery,Late Delivery,High,Chat,Business,Agent_03,Resolved,24,17.05,Met,4.0
TKT00693,2026-09-30 10:54:00,,West,Delivery,Late Delivery,Critical,Chat,Consumer,Agent_08,Pending,12,,Pending,2.0
TKT00694,2026-08-19 11:17:00,2026-08-20 16:09:46.731207342,West,Account,Account Access,Critical,Web,Consumer,Agent_04,Closed,12,28.88,Breached,1.0
TKT00695,2026-03-27 06:38:00,2026-03-29 04:17:34.625447298,West,Delivery,Late Delivery,High,Phone,Consumer,Agent_18,Resolved,24,45.66,Breached,2.0
TKT00696,2026-05-06 03:40:00,2026-05-06 21:09:19.853432268,South,Payment,Payment Failed,Medium,Phone,Consumer,Agent_20,Resolved,48,17.49,Met,5.0
TKT00697,2026-01-25 03:01:00,2026-01-29 16:37:49.826314954,West,Payment,Payment Failed,Low,Web,Consumer,Agent_04,Closed,72,109.61,Breached,3.0
TKT00698,2026-05-25 05:06:00,2026-05-26 03:43:34.847663728,West,Delivery,Late Delivery,Medium,Email,Consumer,Agent_08,Resolved,48,22.63,Met,5.0
TKT00699,2026-01-13 08:41:00,2026-01-13 21:26:30.029305503,East,Technical,Website Error,High,Web,Consumer,Agent_07,Resolved,24,12.76,Met,3.0
TKT00700,2026-07-31 23:39:00,2026-08-01 08:34:57.749676873,East,Payment,Duplicate Charge,High,Email,Consumer,Agent_20,Resolved,24,8.93,Met,3.0
TKT00701,2026-01-25 16:53:00,2026-01-26 09:13:03.537810423,South,Login,Password Reset,High,Email,Business,Agent_18,Resolved,24,16.33,Met,3.0
TKT00702,2026-03-09 00:03:00,2026-03-10 17:26:24.662239486,East,Login,Account Locked,Low,Web,Consumer,Agent_01,Resolved,72,41.39,Met,5.0
TKT00703,2026-03-08 14:22:00,2026-03-10 01:01:04.388544849,East,Technical,App Error,Medium,Web,Consumer,Agent_18,Resolved,48,34.65,Met,4.0
TKT00704,2026-08-21 14:07:00,2026-08-23 11:39:57.363529718,North,Delivery,Wrong Item,Medium,Chat,Business,Agent_02,Resolved,48,45.55,Met,5.0
TKT00705,2026-04-19 13:23:00,2026-04-20 13:34:31.890360260,South,Delivery,Wrong Item,Low,Web,Consumer,Agent_19,Closed,72,24.19,Met,4.0
TKT00706,2026-05-26 21:44:00,2026-05-28 00:40:27.750203088,South,Technical,Website Error,Low,Chat,Consumer,Agent_10,Closed,72,26.94,Met,3.0
TKT00707,2026-04-21 03:34:00,2026-04-26 17:10:09.572684763,East,Account,Account Verification,Low,Web,Consumer,Agent_01,Closed,72,133.6,Breached,1.0
TKT00708,2026-08-16 16:11:00,2026-08-17 02:11:28.724051271,South,Delivery,Damaged Item,High,Web,Business,Agent_07,Resolved,24,10.01,Met,5.0
TKT00709,2026-04-21 01:40:00,2026-04-23 00:27:54.120878469,South,Delivery,Damaged Item,Medium,Email,Consumer,Agent_14,Resolved,48,46.8,Met,4.0
TKT00710,2026-02-03 16:02:00,2026-02-05 23:46:44.545591662,South,Login,Password Reset,Medium,Web,Consumer,Agent_01,Closed,48,55.75,Breached,1.0
TKT00711,2026-04-21 09:32:00,2026-04-21 11:31:11.465737911,South,Payment,Payment Failed,Critical,Email,Consumer,Agent_04,Closed,12,1.99,Met,4.0
TKT00712,2026-09-21 22:12:00,2026-09-22 01:58:34.557076729,East,Delivery,Wrong Item,Medium,Chat,Consumer,Agent_11,Resolved,48,3.78,Met,5.0
TKT00713,2026-08-24 10:57:00,2026-08-25 22:12:43.896322962,North,Technical,System Issue,Low,Web,Business,Agent_02,Resolved,72,35.26,Met,4.0
TKT00714,2026-03-24 15:38:00,2026-03-27 04:16:01.321420358,East,Refund,Refund Failed,Medium,Chat,Consumer,Agent_08,Resolved,48,60.63,Breached,4.0
TKT00715,2026-02-11 18:06:00,2026-02-13 17:58:46.783228159,North,Account,Account Verification,Low,Web,Consumer,Agent_18,Resolved,72,47.88,Met,4.0
TKT00716,2026-04-11 03:45:00,2026-04-13 00:53:51.411015171,South,Delivery,Wrong Item,Low,Web,Business,Agent_17,Resolved,72,45.15,Met,4.0
TKT00717,2026-01-06 01:44:00,,West,Technical,System Issue,Low,Phone,Business,Agent_14,Pending,72,,Pending,3.0
TKT00718,2026-06-29 12:51:00,2026-06-30 19:45:09.902411463,South,Payment,Duplicate Charge,Medium,Web,Business,Agent_18,Resolved,48,30.9,Met,4.0
TKT00719,2026-08-14 21:18:00,2026-08-15 20:29:58.161581685,South,Technical,Website Error,Low,Email,Business,Agent_10,Resolved,72,23.2,Met,5.0
TKT00720,2026-08-17 07:08:00,,West,Login,Account Locked,Medium,Chat,Business,Agent_20,Pending,48,,Pending,4.0
TKT00721,2026-05-30 07:13:00,2026-05-31 12:45:02.137819840,South,Technical,Website Error,High,Phone,Consumer,Agent_18,Resolved,24,29.53,Breached,3.0
TKT00722,2026-07-17 20:30:00,2026-07-18 18:04:24.746833704,South,Login,Password Reset,Medium,Phone,Consumer,Agent_20,Closed,48,21.57,Met,4.0
TKT00723,2026-03-11 17:31:00,2026-03-12 06:32:26.794933716,West,Payment,Payment Failed,Critical,Chat,Consumer,Agent_05,Resolved,12,13.02,Breached,1.0
TKT00724,2026-04-22 11:21:00,,South,Refund,Refund Failed,Medium,Chat,Consumer,Agent_08,Pending,48,,Pending,4.0
TKT00725,2026-01-04 22:39:00,2026-01-06 02:09:40.941945291,South,Payment,Card Declined,Medium,Phone,Consumer,Agent_10,Resolved,48,27.51,Met,4.0
TKT00726,2026-04-05 09:47:00,,North,Refund,Refund Failed,High,Web,Consumer,Agent_01,Pending,24,,Pending,3.0
TKT00727,2026-06-01 18:12:00,2026-06-04 03:42:21.852961819,East,Refund,Refund Failed,Low,Phone,Business,Agent_17,Resolved,72,57.51,Met,5.0
TKT00728,2026-05-17 14:25:00,2026-05-20 01:48:58.737573542,South,Login,Password Reset,Low,Web,Consumer,Agent_19,Resolved,72,59.4,Met,5.0
TKT00729,2026-09-04 12:25:00,2026-09-05 23:31:13.482763653,South,Delivery,Wrong Item,High,Chat,Business,Agent_17,Resolved,24,35.1,Breached,2.0
TKT00730,2026-08-31 19:50:00,2026-09-01 20:03:00.914733282,South,Login,Password Reset,Medium,Web,Consumer,Agent_10,Resolved,48,24.22,Met,5.0
TKT00731,2026-01-31 14:23:00,2026-02-02 03:18:00.112365933,North,Delivery,Late Delivery,High,Web,Business,Agent_18,Resolved,24,36.92,Breached,1.0
TKT00732,2026-02-09 06:07:00,,South,Technical,Website Error,Critical,Web,Business,Agent_01,Pending,12,,Pending,3.0
TKT00733,2026-08-17 04:10:00,2026-08-18 08:10:07.042100691,East,Technical,Website Error,Medium,Email,Business,Agent_17,Resolved,48,28.0,Met,4.0
TKT00734,2026-02-05 14:18:00,2026-02-06 16:37:16.970583399,West,Delivery,Wrong Item,Medium,Web,Consumer,Agent_13,Resolved,48,26.32,Met,4.0
TKT00735,2026-08-11 14:15:00,2026-08-12 08:54:45.281729660,North,Login,Password Reset,Medium,Email,Business,Agent_10,Resolved,48,18.66,Met,5.0
TKT00736,2026-01-06 19:53:00,2026-01-07 09:22:40.385174290,West,Delivery,Late Delivery,Critical,Web,Business,Agent_01,Closed,12,13.49,Breached,2.0
TKT00737,2026-08-08 18:33:00,2026-08-10 10:38:58.648256541,North,Technical,System Issue,High,Web,Business,Agent_20,Resolved,24,40.1,Breached,3.0
TKT00738,2026-03-16 09:20:00,,South,Technical,App Error,Critical,Email,Consumer,Agent_07,Pending,12,,Pending,4.0
TKT00739,2026-01-04 04:53:00,2026-01-04 21:40:19.775029261,North,Payment,Duplicate Charge,Medium,Web,Business,Agent_13,Resolved,48,16.79,Met,4.0
TKT00740,2026-05-14 15:18:00,2026-05-15 17:53:14.453994966,South,Payment,Card Declined,High,Web,Consumer,Agent_07,Resolved,24,26.59,Breached,3.0
TKT00741,2026-04-28 19:33:00,2026-04-29 19:06:57.168989481,West,Technical,Website Error,Medium,Email,Consumer,Agent_06,Resolved,48,23.57,Met,4.0
TKT00742,2026-04-04 19:15:00,2026-04-05 19:33:09.931096882,West,Payment,Payment Failed,Low,Email,Consumer,Agent_13,Closed,72,24.3,Met,5.0
TKT00743,2026-03-03 07:12:00,2026-03-03 14:40:50.397126589,East,Payment,Payment Failed,Critical,Email,Consumer,Agent_08,Resolved,12,7.48,Met,5.0
TKT00744,2026-07-13 00:58:00,2026-07-15 03:38:35.105852377,East,Account,Account Access,Low,Email,Consumer,Agent_16,Closed,72,50.68,Met,4.0
TKT00745,2026-07-22 16:08:00,2026-07-23 09:53:26.733180405,North,Payment,Payment Failed,Critical,Web,Consumer,Agent_09,Resolved,12,17.76,Breached,3.0
TKT00746,2026-01-26 13:55:00,2026-01-28 13:08:58.257403431,North,Delivery,Late Delivery,Low,Web,Business,Agent_13,Resolved,72,47.23,Met,4.0
TKT00747,2026-06-22 03:18:00,2026-06-22 18:52:30.854802500,South,Technical,Website Error,High,Chat,Consumer,Agent_02,Closed,24,15.58,Met,5.0
TKT00748,2026-05-13 03:34:00,2026-05-14 05:41:25.842816303,West,Refund,Refund Failed,Medium,Web,Business,Agent_12,Resolved,48,26.12,Met,5.0
TKT00749,2026-04-28 14:57:00,2026-04-29 10:11:50.846546529,West,Login,Password Reset,Medium,Phone,Consumer,Agent_12,Resolved,48,19.25,Met,5.0
TKT00750,2026-07-31 07:51:00,2026-08-03 12:18:29.265888236,North,Technical,System Issue,Low,Phone,Consumer,Agent_15,Resolved,72,76.46,Breached,2.0
TKT00751,2026-08-13 04:06:00,2026-08-13 16:07:57.924137560,West,Login,OTP Issue,Medium,Phone,Consumer,Agent_20,Resolved,48,12.03,Met,5.0
TKT00752,2026-01-20 06:21:00,2026-01-21 19:02:22.891352452,East,Technical,System Issue,Medium,Web,Business,Agent_10,Resolved,48,36.69,Met,
TKT00753,2026-04-23 16:30:00,2026-04-25 21:30:51.378167055,North,Login,Account Locked,High,Phone,Consumer,Agent_14,Resolved,24,53.01,Breached,2.0
TKT00754,2026-05-20 21:02:00,,East,Payment,Payment Failed,Low,Web,Consumer,Agent_17,Pending,72,,Pending,3.0
TKT00755,2026-02-16 15:26:00,2026-02-18 19:51:46.870634647,South,Refund,Refund Pending,Low,Email,Business,Agent_10,Closed,72,52.43,Met,4.0
TKT00756,2026-01-01 23:10:00,2026-01-03 02:42:42.834898014,East,Login,Account Locked,Low,Web,Consumer,Agent_11,Resolved,72,27.55,Met,3.0
TKT00757,2026-03-31 19:51:00,2026-04-01 05:22:03.575663331,North,Technical,App Error,Medium,Chat,Consumer,Agent_17,Resolved,48,9.52,Met,4.0
TKT00758,2026-05-22 09:19:00,2026-05-24 01:58:46.341973530,East,Delivery,Damaged Item,High,Web,Consumer,Agent_11,Resolved,24,40.66,Breached,1.0
TKT00759,2026-02-07 17:54:00,2026-02-08 07:36:45.552908671,East,Technical,Website Error,High,Phone,Business,Agent_15,Closed,24,13.71,Met,5.0
TKT00760,2026-05-19 11:28:00,2026-05-20 18:25:23.950382788,North,Account,Profile Update,Low,Email,Consumer,Agent_04,Resolved,72,30.96,Met,5.0
TKT00761,2026-09-16 06:19:00,2026-09-19 05:06:52.928522552,South,Login,Password Reset,Medium,Email,Consumer,Agent_04,Closed,48,70.8,Breached,3.0
TKT00762,2026-06-10 07:53:00,2026-06-10 14:28:24.003071746,East,Delivery,Damaged Item,High,Email,Consumer,Agent_15,Resolved,24,6.59,Met,5.0
TKT00763,2026-06-27 18:23:00,2026-06-28 21:39:54.835630669,North,Payment,Card Declined,Medium,Chat,Consumer,Agent_14,Resolved,48,27.28,Met,4.0
TKT00764,2026-01-10 11:36:00,2026-01-12 06:43:18.305135702,East,Account,Account Verification,Medium,Chat,Business,Agent_09,Resolved,48,43.12,Met,4.0
TKT00765,2026-09-18 23:10:00,2026-09-21 16:17:52.167858981,East,Account,Profile Update,Medium,Chat,Consumer,Agent_16,Resolved,48,65.13,Breached,4.0
TKT00766,2026-05-18 15:10:00,2026-05-19 06:03:40.130158560,West,Payment,Card Declined,Low,Phone,Consumer,Agent_01,Closed,72,14.89,Met,5.0
TKT00767,2026-06-21 15:59:00,2026-07-01 04:30:24.400246580,East,Payment,Duplicate Charge,Low,Phone,Business,Agent_03,Resolved,72,228.52,Breached,1.0
TKT00768,2026-01-13 07:57:00,2026-01-14 16:34:43.789556848,South,Technical,App Error,Low,Chat,Consumer,Agent_04,Resolved,72,32.63,Met,4.0
TKT00769,2026-06-17 16:43:00,2026-06-18 17:41:08.859977925,East,Refund,Refund Pending,Medium,Web,Consumer,Agent_19,Resolved,48,24.97,Met,3.0
TKT00770,2026-05-10 15:25:00,2026-05-11 21:08:28.571488532,North,Technical,Website Error,Low,Chat,Business,Agent_09,Closed,72,29.72,Met,4.0
TKT00771,2026-03-25 11:46:00,2026-03-29 06:32:29.348682398,North,Login,Password Reset,Low,Chat,Business,Agent_19,Resolved,72,90.77,Breached,2.0
TKT00772,2026-04-11 20:37:00,2026-04-14 18:34:43.747235074,West,Payment,Payment Failed,Medium,Chat,Business,Agent_08,Resolved,48,69.96,Breached,3.0
TKT00773,2026-09-30 23:12:00,2026-10-02 14:44:09.947147935,West,Technical,App Error,Low,Email,Business,Agent_04,Resolved,72,39.54,Met,5.0
TKT00774,2026-09-22 14:13:00,2026-09-23 13:59:01.242465960,East,Delivery,Late Delivery,Low,Phone,Consumer,Agent_13,Closed,72,23.77,Met,4.0
TKT00775,2026-02-07 18:57:00,2026-02-08 01:54:25.737485310,West,Refund,Refund Failed,Critical,Email,Consumer,Agent_19,Resolved,12,6.96,Met,4.0
TKT00776,2026-04-04 16:56:00,2026-04-05 20:12:49.594288087,South,Login,Password Reset,Low,Web,Business,Agent_14,Closed,72,27.28,Met,5.0
TKT00777,2026-04-05 12:33:00,2026-04-07 21:06:50.249247390,West,Account,Profile Update,High,Web,Consumer,Agent_05,Closed,24,56.56,Breached,2.0
TKT00778,2026-03-10 08:22:00,2026-03-15 12:49:12.431967962,North,Login,Account Locked,Medium,Phone,Consumer,Agent_18,Closed,48,124.45,Breached,3.0
TKT00779,2026-08-24 13:36:00,,West,Payment,Duplicate Charge,High,Web,Business,Agent_18,Pending,24,,Pending,2.0
TKT00780,2026-05-17 09:47:00,2026-05-18 01:11:18.025345947,South,Technical,App Error,Medium,Email,Consumer,Agent_15,Closed,48,15.41,Met,4.0
TKT00781,2026-03-17 22:14:00,2026-03-18 19:52:20.510880543,South,Delivery,Wrong Item,Low,Email,Consumer,Agent_17,Resolved,72,21.64,Met,3.0
TKT00782,2026-02-04 11:47:00,2026-02-05 01:12:27.972027202,West,Refund,Refund Request,High,Email,Consumer,Agent_03,Resolved,24,13.42,Met,5.0
TKT00783,2026-01-01 17:47:00,2026-01-06 02:45:37.143876576,West,Account,Profile Update,Medium,Web,Consumer,Agent_01,Resolved,48,104.98,Breached,1.0
TKT00784,2026-03-01 23:58:00,2026-03-05 16:36:50.160325736,West,Technical,System Issue,High,Chat,Consumer,Agent_18,Resolved,24,88.65,Breached,1.0
TKT00785,2026-09-24 21:09:00,2026-09-27 03:35:27.778648689,North,Technical,App Error,Medium,Email,Business,Agent_16,Resolved,48,54.44,Breached,2.0
TKT00786,2026-08-17 18:27:00,2026-08-18 02:20:28.748885337,North,Payment,Payment Failed,Critical,Email,Consumer,Agent_06,Resolved,12,7.89,Met,5.0
TKT00787,2026-09-27 03:26:00,2026-09-27 08:28:25.376690274,South,Refund,Refund Request,High,Chat,Consumer,Agent_09,Resolved,24,5.04,Met,5.0
TKT00788,2026-08-01 02:30:00,2026-08-01 13:42:37.152229849,West,Account,Account Access,Critical,Chat,Consumer,Agent_10,Resolved,12,11.21,Met,3.0
TKT00789,2026-06-14 11:07:00,2026-06-15 17:50:17.571772894,East,Account,Profile Update,Medium,Phone,Consumer,Agent_17,Closed,48,30.72,Met,3.0
TKT00790,2026-01-05 08:47:00,2026-01-05 23:11:13.062618972,South,Technical,Website Error,Medium,Web,Business,Agent_07,Closed,48,14.4,Met,5.0
TKT00791,2026-03-19 02:44:00,,North,Login,OTP Issue,High,Email,Consumer,Agent_14,Pending,24,,Pending,3.0
TKT00792,2026-03-03 15:16:00,2026-03-04 20:22:44.745704820,South,Login,OTP Issue,High,Phone,Consumer,Agent_14,Resolved,24,29.11,Breached,3.0
TKT00793,2026-05-12 19:28:00,2026-05-13 00:22:44.710989804,North,Technical,App Error,Critical,Web,Consumer,Agent_12,Resolved,12,4.91,Met,5.0
TKT00794,2026-03-30 16:49:00,2026-04-01 14:18:03.635244286,East,Login,OTP Issue,Medium,Phone,Consumer,Agent_06,Resolved,48,45.48,Met,5.0
TKT00795,2026-08-25 00:36:00,2026-08-26 04:58:06.581203564,West,Payment,Payment Failed,High,Web,Business,Agent_14,Resolved,24,28.37,Breached,2.0
TKT00796,2026-02-11 05:32:00,2026-02-12 07:17:22.772768972,West,Payment,Card Declined,Low,Email,Consumer,Agent_08,Resolved,72,25.76,Met,5.0
TKT00797,2026-03-30 06:42:00,2026-03-31 04:19:16.761410184,West,Refund,Refund Failed,Medium,Phone,Consumer,Agent_17,Resolved,48,21.62,Met,5.0
TKT00798,2026-04-14 06:53:00,2026-04-15 12:18:24.367056981,East,Account,Account Verification,Low,Web,Consumer,Agent_08,Resolved,72,29.42,Met,4.0
TKT00799,2026-01-14 00:44:00,2026-01-15 13:41:36.489691764,East,Login,Account Locked,Medium,Web,Consumer,Agent_08,Resolved,48,36.96,Met,4.0
TKT00800,2026-06-28 23:45:00,2026-06-30 11:59:20.702762916,East,Login,OTP Issue,Critical,Web,Business,Agent_17,Closed,12,36.24,Breached,3.0
TKT00801,2026-05-05 03:25:00,2026-05-12 04:39:48.476208062,East,Technical,System Issue,Low,Chat,Consumer,Agent_11,Resolved,72,169.25,Breached,2.0
TKT00802,2026-01-23 01:01:00,2026-01-25 01:04:00.268534310,North,Account,Account Access,Medium,Web,Consumer,Agent_07,Resolved,48,48.05,Breached,3.0
TKT00803,2026-03-04 06:59:00,2026-03-05 12:03:36.151649644,South,Account,Account Access,Medium,Chat,Consumer,Agent_07,Resolved,48,29.08,Met,4.0
TKT00804,2026-05-23 14:27:00,2026-05-27 05:53:47.680976670,East,Account,Account Access,Low,Email,Consumer,Agent_12,Resolved,72,87.45,Breached,1.0
TKT00805,2026-06-02 13:39:00,,North,Delivery,Wrong Item,Medium,Phone,Consumer,Agent_16,Pending,48,,Pending,2.0
TKT00806,2026-05-25 00:18:00,2026-05-28 07:05:06.160279808,South,Payment,Duplicate Charge,Medium,Email,Consumer,Agent_13,Closed,48,78.79,Breached,4.0
TKT00807,2026-08-13 06:04:00,2026-08-14 06:25:51.340301352,South,Technical,System Issue,Low,Chat,Consumer,Agent_15,Resolved,72,24.36,Met,5.0
TKT00808,2026-04-14 22:03:00,2026-04-15 22:16:56.657680489,East,Login,Account Locked,High,Email,Business,Agent_19,Resolved,24,24.23,Breached,1.0
TKT00809,2026-04-14 17:10:00,2026-04-15 04:01:11.362182933,East,Technical,Website Error,Critical,Chat,Consumer,Agent_03,Resolved,12,10.85,Met,3.0
TKT00810,2026-02-08 07:07:00,2026-02-08 23:59:51.245186559,South,Account,Profile Update,Low,Chat,Consumer,Agent_11,Resolved,72,16.88,Met,3.0
TKT00811,2026-07-17 19:00:00,2026-07-18 19:26:34.773833389,South,Technical,System Issue,Low,Web,Consumer,Agent_08,Closed,72,24.44,Met,4.0
TKT00812,2026-05-14 09:39:00,2026-05-16 13:11:45.699096213,North,Payment,Duplicate Charge,Medium,Chat,Business,Agent_08,Closed,48,51.55,Breached,2.0
TKT00813,2026-03-08 09:05:00,2026-03-10 00:06:45.841180396,East,Technical,App Error,High,Web,Consumer,Agent_12,Resolved,24,39.03,Breached,1.0
TKT00814,2026-06-28 05:24:00,2026-06-28 22:16:00.194475986,South,Refund,Refund Failed,Medium,Phone,Consumer,Agent_03,Resolved,48,16.87,Met,5.0
TKT00815,2026-02-11 00:54:00,2026-02-12 09:37:07.927584225,South,Technical,System Issue,Low,Web,Consumer,Agent_20,Closed,72,32.72,Met,5.0
TKT00816,2026-01-15 12:57:00,2026-01-16 05:48:45.195205330,West,Delivery,Wrong Item,Medium,Web,Consumer,Agent_02,Resolved,48,16.86,Met,3.0
TKT00817,2026-04-21 16:31:00,2026-04-21 23:54:19.650773857,East,Login,Account Locked,Critical,Web,Consumer,Agent_03,Resolved,12,7.39,Met,5.0
TKT00818,2026-06-06 00:41:00,2026-06-06 11:46:40.081216336,North,Payment,Payment Failed,Medium,Web,Business,Agent_16,Resolved,48,11.09,Met,4.0
TKT00819,2026-08-19 22:00:00,2026-08-22 07:01:56.110495346,North,Login,OTP Issue,Medium,Phone,Consumer,Agent_19,Resolved,48,57.03,Breached,1.0
TKT00820,2026-06-06 03:50:00,2026-06-06 14:37:53.854338008,West,Delivery,Damaged Item,Critical,Phone,Consumer,Agent_20,Resolved,12,10.8,Met,5.0
TKT00821,2026-02-07 07:32:00,2026-02-07 21:05:07.284758526,East,Login,Account Locked,High,Phone,Consumer,Agent_07,Resolved,24,13.55,Met,3.0
TKT00822,2026-04-07 06:33:00,2026-04-08 14:41:09.522084624,North,Refund,Refund Failed,High,Chat,Consumer,Agent_19,Resolved,24,32.14,Breached,1.0
TKT00823,2026-09-11 23:01:00,2026-09-13 17:16:40.756638733,West,Technical,System Issue,Medium,Chat,Consumer,Agent_01,Resolved,48,42.26,Met,3.0
TKT00824,2026-07-15 19:11:00,2026-07-16 04:29:43.781997128,North,Payment,Card Declined,Critical,Web,Consumer,Agent_13,Resolved,12,9.31,Met,5.0
TKT00825,2026-03-27 11:30:00,2026-03-28 00:36:00.888925676,North,Refund,Refund Failed,High,Web,Consumer,Agent_14,Closed,24,13.1,Met,5.0
TKT00826,2026-01-10 23:48:00,2026-01-12 12:23:50.426167056,West,Technical,App Error,High,Chat,Consumer,Agent_01,Resolved,24,36.6,Breached,2.0
TKT00827,2026-01-05 06:31:00,2026-01-06 08:15:41.998072956,South,Delivery,Damaged Item,High,Web,Consumer,Agent_04,Closed,24,25.74,Breached,3.0
TKT00828,2026-05-03 20:16:00,2026-05-04 04:59:35.064520777,South,Account,Profile Update,High,Phone,Business,Agent_17,Resolved,24,8.73,Met,4.0
TKT00829,2026-04-28 10:03:00,2026-04-29 21:57:57.557287519,North,Technical,App Error,Medium,Email,Business,Agent_06,Resolved,48,35.92,Met,5.0
TKT00830,2026-06-08 14:40:00,2026-06-09 10:12:27.794460267,East,Delivery,Wrong Item,Medium,Web,Business,Agent_20,Closed,48,19.54,Met,5.0
TKT00831,2026-08-16 18:21:00,2026-08-17 03:18:19.148472723,East,Payment,Card Declined,High,Email,Consumer,Agent_06,Resolved,24,8.96,Met,5.0
TKT00832,2026-08-04 01:24:00,2026-08-05 16:45:04.028531785,East,Technical,System Issue,Medium,Phone,Consumer,Agent_02,Resolved,48,39.35,Met,5.0
TKT00833,2026-07-03 17:33:00,2026-07-06 05:59:34.655352007,West,Payment,Payment Failed,Medium,Web,Consumer,Agent_17,Resolved,48,60.44,Breached,3.0
TKT00834,2026-01-15 00:48:00,2026-01-17 03:25:25.515024776,North,Account,Account Access,Low,Phone,Business,Agent_16,Resolved,72,50.62,Met,5.0
TKT00835,2026-06-06 19:28:00,2026-06-07 10:16:47.270273004,West,Technical,System Issue,High,Phone,Consumer,Agent_12,Closed,24,14.81,Met,5.0
TKT00836,2026-05-16 01:08:00,2026-05-16 23:45:44.811813360,East,Delivery,Late Delivery,Low,Phone,Consumer,Agent_12,Resolved,72,22.63,Met,4.0
TKT00837,2026-09-18 18:01:00,2026-09-20 12:31:34.938038786,West,Refund,Refund Request,High,Chat,Business,Agent_18,Resolved,24,42.51,Breached,1.0
TKT00838,2026-06-06 11:36:00,2026-06-09 04:21:30.375571478,South,Login,Password Reset,Medium,Web,Consumer,Agent_16,Resolved,48,64.76,Breached,1.0
TKT00839,2026-02-16 07:58:00,2026-02-17 22:50:44.952765189,East,Login,OTP Issue,Low,Phone,Consumer,Agent_06,Resolved,72,38.88,Met,4.0
TKT00840,2026-06-22 13:39:00,2026-06-24 03:38:32.412412305,East,Login,OTP Issue,Medium,Chat,Consumer,Agent_13,Closed,48,37.99,Met,4.0
TKT00841,2026-05-10 21:59:00,2026-05-14 10:52:36.138371035,South,Technical,App Error,Medium,Web,Consumer,Agent_16,Resolved,48,84.89,Breached,1.0
TKT00842,2026-04-05 19:54:00,2026-04-07 04:07:57.327099193,South,Login,OTP Issue,Medium,,Consumer,Agent_10,Resolved,48,32.23,Met,4.0
TKT00843,2026-04-25 02:26:00,2026-04-26 22:29:21.018071473,North,Delivery,Wrong Item,Medium,Web,Business,Agent_11,Resolved,48,44.06,Met,5.0
TKT00844,2026-08-31 22:09:00,2026-09-01 14:36:35.051458143,West,Refund,Refund Failed,Low,Chat,Business,Agent_01,Resolved,72,16.46,Met,5.0
TKT00845,2026-03-10 16:55:00,2026-03-11 06:22:54.131433807,North,Refund,Refund Failed,Critical,Chat,Consumer,Agent_07,Resolved,12,13.47,Breached,1.0
TKT00846,2026-05-28 10:08:00,2026-05-29 16:19:22.680593304,North,Account,Profile Update,Low,Web,Consumer,Agent_17,Resolved,72,30.19,Met,3.0
TKT00847,2026-01-11 07:25:00,2026-01-12 16:04:05.185622653,North,Refund,Refund Pending,High,Web,Business,Agent_12,Resolved,24,32.65,Breached,1.0
TKT00848,2026-09-11 03:40:00,2026-09-12 01:48:25.090784559,North,Login,Account Locked,Medium,Chat,Consumer,Agent_20,Closed,48,22.14,Met,5.0
TKT00849,2026-02-07 23:21:00,2026-02-09 22:49:24.166120839,South,Delivery,Damaged Item,Medium,Phone,Consumer,Agent_20,Closed,48,47.47,Met,4.0
TKT00850,2026-05-14 21:29:00,2026-05-16 07:31:17.736644320,South,Refund,Refund Failed,Medium,Chat,Business,Agent_15,Resolved,48,34.04,Met,5.0
TKT00851,2026-07-19 01:34:00,2026-07-21 12:49:09.074698336,West,Technical,App Error,High,Phone,Consumer,Agent_09,Resolved,24,59.25,Breached,3.0
TKT00852,2026-01-23 04:21:00,2026-01-24 07:18:58.550680407,West,Refund,Refund Pending,High,Chat,Business,Agent_06,Resolved,24,26.97,Breached,3.0
TKT00853,2026-08-06 14:56:00,2026-08-07 09:39:46.099546035,West,Technical,App Error,High,Chat,Consumer,Agent_05,Resolved,24,18.73,Met,3.0
TKT00854,2026-05-21 18:14:00,2026-05-22 07:35:54.637011590,South,Delivery,Damaged Item,Low,Phone,Consumer,Agent_05,Closed,72,13.37,Met,4.0
TKT00855,2026-04-14 03:38:00,,East,Delivery,Wrong Item,High,Email,Business,Agent_09,Pending,24,,Pending,4.0
TKT00856,2026-07-29 01:31:00,2026-07-31 05:30:23.054354077,East,Refund,Refund Pending,Medium,Phone,Consumer,Agent_02,Resolved,48,51.99,Breached,1.0
TKT00857,2026-04-21 02:06:00,2026-04-22 09:52:01.533567039,West,Technical,System Issue,Low,Email,Consumer,Agent_10,Resolved,72,31.77,Met,5.0
TKT00858,2026-04-14 01:19:00,2026-04-14 21:15:17.873625645,East,Account,Profile Update,Medium,Phone,Consumer,Agent_05,Resolved,48,19.94,Met,4.0
TKT00859,2026-06-20 21:01:00,2026-06-22 17:59:09.940514793,North,Login,Password Reset,Medium,Chat,Business,Agent_17,Resolved,48,44.97,Met,4.0
TKT00860,2026-05-13 16:22:00,2026-05-15 02:06:33.802541271,West,Technical,System Issue,Medium,Phone,Consumer,Agent_04,Resolved,48,33.74,Met,5.0
TKT00861,2026-05-07 23:15:00,2026-05-08 15:53:13.748531607,East,Account,Account Access,High,Email,Consumer,Agent_04,Resolved,24,16.64,Met,5.0
TKT00862,2026-04-16 15:15:00,2026-04-18 04:17:22.481377360,North,Login,Password Reset,Medium,Chat,Consumer,Agent_13,Resolved,48,37.04,Met,5.0
TKT00863,2026-04-02 08:05:00,2026-04-03 08:14:36.832407829,North,Delivery,Wrong Item,Medium,Phone,Consumer,Agent_20,Resolved,48,24.16,Met,5.0
TKT00864,2026-02-20 11:33:00,2026-02-26 20:46:08.409132901,North,Technical,Website Error,Low,Phone,Consumer,Agent_19,Resolved,72,153.22,Breached,2.0
TKT00865,2026-01-29 00:24:00,2026-01-29 16:09:24.818409309,North,Login,Account Locked,High,Chat,Business,Agent_06,Resolved,24,15.76,Met,5.0
TKT00866,2026-08-02 02:35:00,2026-08-03 23:33:13.121781369,East,Delivery,Late Delivery,Medium,Email,Business,Agent_19,Closed,48,44.97,Met,5.0
TKT00867,2026-09-24 10:31:00,2026-09-25 16:27:22.683767312,South,Technical,System Issue,Medium,Phone,Consumer,Agent_16,Closed,48,29.94,Met,5.0
TKT00868,2026-09-14 18:00:00,,North,Payment,Card Declined,High,Email,Business,Agent_06,Pending,24,,Pending,3.0
TKT00869,2026-04-11 00:18:00,2026-04-15 10:20:17.889604472,West,Refund,Refund Pending,Medium,Phone,Consumer,Agent_11,Resolved,48,106.04,Breached,2.0
TKT00870,2026-04-20 23:27:00,2026-04-21 21:58:33.256113463,East,Login,Password Reset,Medium,Phone,Consumer,Agent_10,Resolved,48,22.53,Met,4.0
TKT00871,2026-07-01 20:16:00,2026-07-03 15:44:10.373134850,North,Account,Account Access,Medium,Web,Consumer,Agent_18,Resolved,48,43.47,Met,3.0
TKT00872,2026-01-01 03:56:00,2026-01-03 15:08:35.029062885,West,Technical,System Issue,Medium,Web,Consumer,Agent_09,Closed,48,59.21,Breached,1.0
TKT00873,2026-02-24 23:30:00,2026-02-26 02:10:03.454709649,North,Technical,System Issue,High,Phone,Consumer,Agent_10,Resolved,24,26.67,Breached,2.0
TKT00874,2026-05-29 04:36:00,2026-06-02 09:02:51.586787878,South,Technical,System Issue,Medium,Web,Consumer,Agent_15,Resolved,48,100.45,Breached,1.0
TKT00875,2026-05-17 20:50:00,2026-05-19 14:15:25.062241681,North,Technical,Website Error,Low,Email,Consumer,Agent_14,Resolved,72,41.42,Met,4.0
TKT00876,2026-07-21 12:24:00,,South,Login,Password Reset,Low,Web,Consumer,Agent_16,Pending,72,,Pending,2.0
TKT00877,2026-04-27 09:11:00,2026-04-29 08:32:20.277439657,West,Login,Account Locked,Medium,Chat,Consumer,Agent_07,Closed,48,47.36,Met,4.0
TKT00878,2026-06-03 22:26:00,2026-06-04 16:56:17.340240236,East,Login,Password Reset,High,Web,Consumer,Agent_08,Resolved,24,18.5,Met,3.0
TKT00879,2026-03-04 19:36:00,2026-03-08 09:32:17.608182126,North,Payment,Payment Failed,Medium,Phone,Consumer,Agent_08,Closed,48,85.94,Breached,3.0
TKT00880,2026-09-01 10:38:00,2026-09-02 10:57:04.903635817,South,Login,Account Locked,Low,Chat,Consumer,Agent_13,Resolved,72,24.32,Met,4.0
TKT00881,2026-01-25 03:56:00,2026-01-25 14:25:38.116522798,West,Payment,Payment Failed,High,Phone,Business,Agent_19,Resolved,24,10.49,Met,5.0
TKT00882,2026-03-31 16:37:00,2026-04-02 08:05:50.514189124,North,Payment,Duplicate Charge,High,Web,Consumer,Agent_10,Closed,24,39.48,Breached,3.0
TKT00883,2026-03-16 00:54:00,2026-03-19 03:28:44.831291001,North,Refund,Refund Pending,High,Phone,Consumer,Agent_01,Resolved,24,74.58,Breached,1.0
TKT00884,2026-07-29 11:23:00,2026-07-31 05:53:56.789283337,North,Delivery,Wrong Item,Medium,Web,Consumer,Agent_16,Resolved,48,42.52,Met,5.0
TKT00885,2026-01-17 01:48:00,2026-01-18 10:58:29.564143795,South,Delivery,Wrong Item,High,Email,Business,Agent_03,Closed,24,33.17,Breached,3.0
TKT00886,2026-05-08 20:07:00,2026-05-13 06:19:14.016356996,East,Technical,System Issue,Low,Chat,Consumer,Agent_03,Resolved,72,106.2,Breached,1.0
TKT00887,2026-09-08 23:11:00,,West,Refund,Refund Pending,Low,Chat,Consumer,Agent_06,Pending,72,,Pending,2.0
TKT00888,2026-06-28 20:21:00,2026-07-01 09:13:56.169032415,South,Delivery,Late Delivery,Low,Email,Consumer,Agent_12,Resolved,72,60.88,Met,5.0
TKT00889,2026-07-01 23:14:00,2026-07-02 16:40:44.662004700,East,Account,Profile Update,High,Chat,Consumer,Agent_05,Resolved,24,17.45,Met,5.0
TKT00890,2026-06-01 06:12:00,2026-06-02 05:29:46.137386580,West,Technical,App Error,Low,Phone,Consumer,Agent_16,Resolved,72,23.3,Met,4.0
TKT00891,2026-01-25 16:12:00,2026-01-26 17:41:19.214450538,South,Refund,Refund Request,Medium,Phone,Consumer,Agent_17,Closed,48,25.49,Met,5.0
TKT00892,2026-06-29 03:20:00,2026-06-29 20:50:05.486660690,South,Account,Account Verification,Medium,Web,Business,Agent_10,Resolved,48,17.5,Met,5.0
TKT00893,2026-07-17 14:08:00,2026-07-18 03:34:03.056746552,East,Account,Account Access,Medium,Chat,Consumer,Agent_07,Resolved,48,13.43,Met,5.0
TKT00894,2026-06-10 08:28:00,2026-06-11 18:03:35.605385703,West,Payment,Card Declined,High,Chat,Consumer,Agent_10,Resolved,24,33.59,Breached,3.0
TKT00895,2026-06-26 22:25:00,2026-06-28 09:51:57.408263329,East,Technical,Website Error,Low,Chat,Consumer,Agent_02,Closed,72,35.45,Met,5.0
TKT00896,2026-03-04 04:34:00,2026-03-05 16:05:58.043598463,East,Technical,Website Error,Medium,Email,Consumer,Agent_15,Resolved,48,35.53,Met,4.0
TKT00897,2026-05-30 03:30:00,2026-05-31 03:45:12.407042854,South,Technical,App Error,High,Web,Consumer,Agent_17,Resolved,24,24.25,Breached,2.0
TKT00898,2026-06-03 08:23:00,2026-06-04 18:57:34.218842044,East,Account,Account Access,Low,Chat,Consumer,Agent_04,Resolved,72,34.58,Met,5.0
TKT00899,2026-06-05 19:01:00,2026-06-06 05:45:44.078097724,North,Payment,Duplicate Charge,High,Chat,Business,Agent_08,Resolved,24,10.75,Met,4.0
TKT00900,2026-02-18 11:42:00,2026-02-20 03:21:42.195862753,North,Payment,Card Declined,High,Phone,Consumer,Agent_19,Resolved,24,39.66,Breached,1.0
TKT00901,2026-03-25 00:41:00,2026-03-25 03:25:54.352764240,North,Technical,Website Error,Critical,Email,Consumer,Agent_02,Resolved,12,2.75,Met,4.0
TKT00902,2026-06-26 05:14:00,2026-06-28 18:50:04.586971172,North,Payment,Payment Failed,High,Chat,Consumer,Agent_16,Closed,24,61.6,Breached,1.0
TKT00903,2026-05-28 13:07:00,2026-05-30 12:21:17.939226638,West,Technical,System Issue,Medium,Chat,Consumer,Agent_14,Resolved,48,47.24,Met,3.0
TKT00904,2026-04-28 05:28:00,2026-04-28 22:37:03.259527577,East,Account,Account Verification,Medium,Email,Business,Agent_12,Resolved,48,17.15,Met,5.0
TKT00905,2026-03-04 17:20:00,2026-03-05 10:07:21.711389676,East,Login,Password Reset,Low,Phone,Business,Agent_09,Resolved,72,16.79,Met,5.0
TKT00906,2026-07-08 04:42:00,,North,Payment,Payment Failed,Medium,Email,Consumer,Agent_12,Pending,48,,Pending,2.0
TKT00907,2026-02-18 15:42:00,2026-02-21 00:10:20.703356724,West,Login,Account Locked,Low,Web,Consumer,Agent_03,Resolved,72,56.47,Met,5.0
TKT00908,2026-09-14 04:17:00,2026-09-15 21:06:22.428356232,East,Technical,System Issue,Medium,Phone,Consumer,Agent_13,Closed,48,40.82,Met,5.0
TKT00909,2026-08-12 09:34:00,2026-08-13 00:09:28.668487232,North,Payment,Card Declined,High,Chat,Consumer,Agent_06,Closed,24,14.59,Met,4.0
TKT00910,2026-05-21 09:33:00,2026-05-24 02:07:03.117024980,South,Delivery,Damaged Item,Medium,Chat,Business,Agent_02,Resolved,48,64.57,Breached,1.0
TKT00911,2026-08-03 10:11:00,2026-08-04 03:03:15.513657614,East,Delivery,Late Delivery,Medium,Web,Consumer,Agent_07,Resolved,48,16.87,Met,4.0
TKT00912,2026-07-30 17:22:00,2026-07-31 11:53:04.063923339,South,Delivery,Wrong Item,Medium,Email,Consumer,Agent_20,Resolved,48,18.52,Met,5.0
TKT00913,2026-02-01 13:56:00,2026-02-06 19:24:50.801447625,East,Delivery,Wrong Item,Medium,Chat,Consumer,Agent_14,Resolved,48,125.48,Breached,2.0
TKT00914,2026-06-07 07:02:00,2026-06-07 12:50:05.627344806,East,Payment,Payment Failed,Critical,Email,Business,Agent_06,Closed,12,5.8,Met,4.0
TKT00915,2026-05-24 23:16:00,2026-05-25 19:11:44.408265132,East,Refund,Refund Pending,Medium,Email,Consumer,Agent_09,Closed,48,19.93,Met,3.0
TKT00916,2026-01-19 12:37:00,2026-01-20 08:49:13.483656306,South,Account,Account Access,Medium,Email,Consumer,Agent_07,Resolved,48,20.2,Met,5.0
TKT00917,2026-01-18 12:42:00,2026-01-21 03:46:33.328109600,West,Refund,Refund Pending,Medium,Chat,Consumer,Agent_19,Resolved,48,63.08,Breached,3.0
TKT00918,2026-09-14 18:24:00,2026-09-16 09:31:24.884596495,South,Payment,Payment Failed,Low,Phone,Consumer,Agent_16,Resolved,72,39.12,Met,4.0
TKT00919,2026-03-19 07:03:00,2026-03-22 21:02:20.036474793,North,Refund,Refund Failed,Medium,Chat,Consumer,Agent_13,Resolved,48,85.99,Breached,4.0
TKT00920,2026-06-24 07:08:00,2026-06-25 16:26:52.011078796,West,Account,Account Verification,High,Phone,Consumer,Agent_06,Resolved,24,33.31,Breached,2.0
TKT00921,2026-07-13 23:31:00,2026-07-16 06:03:00.717520509,South,Account,Account Verification,Low,Phone,Consumer,Agent_04,Resolved,72,54.53,Met,5.0
TKT00922,2026-04-23 03:23:00,2026-04-28 02:44:40.521697912,South,Payment,Payment Failed,Low,Phone,Consumer,Agent_12,Resolved,72,119.36,Breached,2.0
TKT00923,2026-04-24 03:15:00,2026-04-28 09:54:11.492670697,North,Account,Profile Update,Low,Chat,Consumer,Agent_10,Resolved,72,102.65,Breached,2.0
TKT00924,2026-08-10 12:07:00,2026-08-11 19:03:18.500081031,South,Refund,Refund Failed,High,Web,Consumer,Agent_16,Resolved,24,30.94,Breached,3.0
TKT00925,2026-06-15 04:44:00,2026-06-15 23:15:06.045856568,West,Delivery,Late Delivery,High,Web,Consumer,Agent_01,Closed,24,18.52,Met,5.0
TKT00926,2026-05-12 03:15:00,2026-05-14 12:05:40.771966444,South,Delivery,Late Delivery,Medium,Phone,Consumer,Agent_12,Resolved,48,56.84,Breached,2.0
TKT00927,2026-09-21 05:06:00,2026-09-23 00:24:48.234348565,West,Refund,Refund Failed,Medium,Chat,Consumer,Agent_20,Closed,48,43.31,Met,3.0
TKT00928,2026-02-24 00:13:00,2026-02-25 13:30:07.773149605,North,Login,OTP Issue,High,Web,Business,Agent_19,Resolved,24,37.29,Breached,2.0
TKT00929,2026-05-11 19:29:00,2026-05-13 08:42:50.052377258,West,Delivery,Wrong Item,High,Web,Consumer,Agent_19,Resolved,24,37.23,Breached,3.0
TKT00930,2026-09-23 18:00:00,2026-09-24 07:04:38.135669854,South,Login,Password Reset,High,Chat,Consumer,Agent_18,Resolved,24,13.08,Met,3.0
TKT00931,2026-06-11 12:02:00,2026-06-12 12:16:55.500089517,North,Refund,Refund Request,High,Email,Business,Agent_09,Resolved,24,24.25,Breached,3.0
TKT00932,2026-03-28 12:59:00,2026-03-31 05:06:13.547728621,West,Payment,Card Declined,Medium,Web,Consumer,Agent_04,Resolved,48,64.12,Breached,3.0
TKT00933,2026-02-24 20:33:00,2026-02-25 12:14:35.766369686,West,Login,OTP Issue,Medium,Web,Business,Agent_11,Closed,48,15.69,Met,4.0
TKT00934,2026-06-27 08:48:00,2026-06-28 12:12:09.305855085,East,Delivery,Late Delivery,High,Chat,Consumer,Agent_16,Resolved,24,27.4,Breached,3.0
TKT00935,2026-01-08 13:17:00,2026-01-08 23:27:27.412080744,East,Account,Account Access,Critical,Chat,Consumer,Agent_20,Resolved,12,10.17,Met,3.0
TKT00936,2026-09-04 05:43:00,2026-09-07 05:44:15.232446516,South,Delivery,Damaged Item,Low,Chat,Business,Agent_02,Resolved,72,72.02,Breached,3.0
TKT00937,2026-09-12 21:42:00,2026-09-17 20:21:35.840326647,East,Refund,Refund Request,Low,Web,Consumer,Agent_09,Resolved,72,118.66,Breached,3.0
TKT00938,2026-02-23 03:28:00,2026-02-23 14:19:31.463649154,South,Refund,Refund Pending,Critical,Chat,Consumer,Agent_18,Resolved,12,10.86,Met,4.0
TKT00939,2026-09-06 10:40:00,2026-09-07 01:35:19.219687600,North,Payment,Duplicate Charge,Medium,Phone,Consumer,Agent_17,Resolved,48,14.92,Met,4.0
TKT00940,2026-08-27 22:38:00,2026-08-28 08:25:31.815666002,West,Technical,System Issue,High,Phone,Business,Agent_17,Resolved,24,9.79,Met,5.0
TKT00941,2026-08-17 21:51:00,2026-08-19 04:15:01.127283429,North,Payment,Card Declined,Medium,Chat,Business,Agent_14,Resolved,48,30.4,Met,3.0
TKT00942,2026-03-08 04:11:00,2026-03-10 05:27:49.813012362,North,Technical,Website Error,Low,Web,Consumer,Agent_13,Resolved,72,49.28,Met,5.0
TKT00943,2026-02-20 21:28:00,2026-02-22 06:10:15.691517053,East,Login,Account Locked,Low,Web,Consumer,Agent_19,Resolved,72,32.7,Met,4.0
TKT00944,2026-04-07 04:30:00,2026-04-08 03:36:47.399748361,West,Refund,Refund Pending,Low,Web,Consumer,Agent_06,Resolved,72,23.11,Met,4.0
TKT00945,2026-04-02 15:19:00,2026-04-04 00:37:29.452291758,North,Account,Account Access,Low,Chat,Consumer,Agent_12,Resolved,72,33.31,Met,4.0
TKT00946,2026-09-21 06:58:00,2026-09-25 11:15:42.843882191,West,Payment,Card Declined,Medium,Email,Consumer,Agent_13,Closed,48,100.3,Breached,2.0
TKT00947,2026-04-06 13:14:00,2026-04-07 05:05:48.539435958,West,Payment,Payment Failed,High,Phone,Business,Agent_03,Resolved,24,15.86,Met,4.0
TKT00948,2026-03-29 20:34:00,2026-03-30 03:53:48.311695808,North,Delivery,Late Delivery,Critical,Chat,Consumer,Agent_16,Resolved,12,7.33,Met,5.0
TKT00949,2026-03-19 23:08:00,2026-03-20 14:31:31.936029738,West,Login,Password Reset,Medium,Email,Consumer,Agent_10,Resolved,48,15.39,Met,3.0
TKT00950,2026-04-30 18:19:00,2026-05-01 22:51:08.187282311,South,Technical,System Issue,Medium,Email,Consumer,Agent_10,Closed,48,28.54,Met,3.0
TKT00951,2026-06-14 22:24:00,2026-06-17 01:11:07.650874107,West,Refund,Refund Pending,Medium,Chat,Consumer,Agent_18,Closed,48,50.79,Breached,2.0
TKT00952,2026-07-01 12:04:00,2026-07-03 16:04:44.983122094,South,Refund,Refund Failed,Medium,Email,Consumer,Agent_03,Resolved,48,52.01,Breached,2.0
TKT00953,2026-08-11 07:12:00,2026-08-13 00:37:54.988278423,South,Technical,App Error,Medium,Email,Consumer,Agent_13,Resolved,48,41.43,Met,4.0
TKT00954,2026-01-07 01:48:00,2026-01-08 19:26:04.038400521,South,Refund,Refund Pending,Low,Email,Consumer,Agent_16,Resolved,72,41.63,Met,5.0
TKT00955,2026-09-20 10:40:00,2026-09-21 12:57:16.326061573,North,Technical,App Error,Low,Phone,Business,Agent_04,Resolved,72,26.29,Met,4.0
TKT00956,2026-06-10 17:50:00,2026-06-12 01:40:39.509550272,South,Account,Account Verification,Low,Email,Consumer,Agent_11,Resolved,72,31.84,Met,4.0
TKT00957,2026-05-31 06:18:00,2026-06-03 10:03:35.436805372,West,Login,OTP Issue,Low,Email,Consumer,Agent_17,Resolved,72,75.76,Breached,3.0
TKT00958,2026-03-26 18:39:00,2026-03-27 08:46:17.424333062,East,Payment,Card Declined,High,Chat,Business,Agent_01,Resolved,24,14.12,Met,5.0
TKT00959,2026-05-27 15:57:00,2026-05-27 21:13:17.542147357,East,Refund,Refund Pending,Low,Chat,Consumer,Agent_12,Resolved,72,5.27,Met,4.0
TKT00960,2026-04-22 01:42:00,2026-04-23 17:25:18.959802441,East,Login,Password Reset,High,,Consumer,Agent_03,Closed,24,39.72,Breached,3.0
TKT00961,2026-02-05 14:51:00,2026-02-05 22:09:14.323656088,South,Account,Account Access,Critical,Chat,Consumer,Agent_19,Resolved,12,7.3,Met,4.0
TKT00962,2026-07-07 14:13:00,2026-07-08 00:01:26.094468722,North,Technical,Website Error,Critical,Phone,Consumer,Agent_09,Resolved,12,9.81,Met,5.0
TKT00963,2026-03-23 19:29:00,2026-03-24 06:21:03.666645087,South,Payment,Card Declined,Critical,Email,Consumer,Agent_19,Resolved,12,10.87,Met,5.0
TKT00964,2026-01-02 17:30:00,2026-01-03 05:41:37.651245601,East,Payment,Card Declined,Medium,Email,Consumer,Agent_19,Closed,48,12.19,Met,5.0
TKT00965,2026-07-16 08:49:00,2026-07-19 01:19:48.327912133,West,Login,OTP Issue,Medium,Email,Consumer,Agent_18,Resolved,48,64.51,Breached,3.0
TKT00966,2026-01-11 11:18:00,2026-01-13 01:43:48.466698704,South,Delivery,Damaged Item,Low,Chat,Consumer,Agent_20,Resolved,72,38.43,Met,4.0
TKT00967,2026-08-22 16:28:00,2026-08-23 16:04:56.278192698,East,Technical,App Error,High,Phone,Consumer,Agent_11,Closed,24,23.62,Met,4.0
TKT00968,2026-07-14 18:25:00,2026-07-16 11:37:49.622356814,West,Delivery,Wrong Item,High,Chat,Consumer,Agent_01,Resolved,24,41.21,Breached,1.0
TKT00969,2026-04-29 07:07:00,2026-04-29 21:00:50.437870033,North,Delivery,Damaged Item,High,Chat,Business,Agent_12,Resolved,24,13.9,Met,5.0
TKT00970,2026-01-20 13:41:00,2026-01-21 18:54:52.119405717,West,Delivery,Wrong Item,Medium,Phone,Consumer,Agent_11,Resolved,48,29.23,Met,5.0
TKT00971,2026-09-18 19:45:00,2026-09-21 05:13:35.268622370,North,Login,OTP Issue,High,Phone,Business,Agent_10,Closed,24,57.48,Breached,2.0
TKT00972,2026-09-13 15:31:00,,West,Refund,Refund Pending,Low,Web,Consumer,Agent_11,Pending,72,,Pending,3.0
TKT00973,2026-08-10 23:45:00,2026-08-12 07:17:04.706374790,North,Login,OTP Issue,Low,Web,Business,Agent_08,Closed,72,31.53,Met,5.0
TKT00974,2026-08-14 17:41:00,,North,Login,Password Reset,High,Web,Consumer,Agent_17,Pending,24,,Pending,2.0
TKT00975,2026-02-22 08:30:00,2026-02-23 06:21:37.353098908,North,Payment,Duplicate Charge,Medium,Phone,Business,Agent_06,Resolved,48,21.86,Met,4.0
TKT00976,2026-03-22 06:32:00,2026-03-22 22:50:23.567251593,South,Technical,App Error,Critical,Email,Consumer,Agent_07,Closed,12,16.31,Breached,2.0
TKT00977,2026-07-21 11:52:00,2026-07-23 06:03:45.692697685,West,Payment,Payment Failed,Low,Chat,Consumer,Agent_05,Resolved,72,42.2,Met,4.0
TKT00978,2026-06-07 08:13:00,2026-06-10 02:50:59.781317170,North,Delivery,Wrong Item,High,Chat,Consumer,Agent_04,Closed,24,66.63,Breached,2.0
TKT00979,2026-04-30 20:23:00,2026-05-02 09:16:14.371407726,West,Technical,Website Error,Medium,Web,Business,Agent_07,Resolved,48,36.89,Met,4.0
TKT00980,2026-02-28 21:18:00,2026-03-01 08:57:57.742104924,South,Technical,App Error,High,Email,Consumer,Agent_16,Closed,24,11.67,Met,4.0
TKT00981,2026-08-03 20:02:00,2026-08-06 07:22:44.314511665,East,Account,Account Access,High,Phone,Consumer,Agent_04,Resolved,24,59.35,Breached,4.0
TKT00982,2026-05-08 09:06:00,2026-05-09 04:35:48.618190194,East,Technical,System Issue,Critical,Chat,Consumer,Agent_03,Resolved,12,19.5,Breached,1.0
TKT00983,2026-08-12 09:53:00,2026-08-13 08:36:06.556226926,North,Technical,Website Error,Medium,Email,Consumer,Agent_14,Resolved,48,22.72,Met,5.0
TKT00984,2026-07-28 06:28:00,2026-07-29 02:06:37.602736101,South,Payment,Card Declined,Critical,Chat,Consumer,Agent_04,Resolved,12,19.64,Breached,3.0
TKT00985,2026-04-25 23:41:00,2026-04-27 18:22:07.364836608,West,Account,Account Verification,Low,Chat,Consumer,Agent_09,Resolved,72,42.69,Met,5.0
TKT00986,2026-07-28 02:37:00,,North,Payment,Card Declined,Low,Chat,Consumer,Agent_11,Pending,72,,Pending,3.0
TKT00987,2026-01-14 17:07:00,2026-01-16 22:39:17.587700440,East,Login,Account Locked,Medium,Phone,Consumer,Agent_01,Resolved,48,53.54,Breached,3.0
TKT00988,2026-01-09 02:46:00,2026-01-09 14:26:00.840397015,South,Login,Password Reset,High,Phone,Business,Agent_09,Closed,24,11.67,Met,5.0
TKT00989,2026-02-09 15:59:00,,East,Delivery,Late Delivery,Medium,Chat,Consumer,Agent_08,Pending,48,,Pending,2.0
TKT00990,2026-08-25 06:48:00,2026-08-26 02:34:09.743623190,South,Delivery,Wrong Item,High,Phone,Consumer,Agent_15,Resolved,24,19.77,Met,5.0
TKT00991,2026-07-20 23:55:00,2026-07-22 00:30:49.914480530,East,Account,Profile Update,High,Email,Consumer,Agent_08,Resolved,24,24.6,Breached,2.0
TKT00992,2026-09-03 20:27:00,2026-09-09 03:04:15.805026001,North,Payment,Duplicate Charge,Low,Email,Business,Agent_20,Resolved,72,126.62,Breached,2.0
TKT00993,2026-08-23 03:13:00,2026-08-23 19:41:02.558512383,North,Technical,System Issue,Critical,Chat,Consumer,Agent_07,Resolved,12,16.47,Breached,1.0
TKT00994,2026-01-04 03:54:00,2026-01-04 23:40:19.183364806,North,Technical,System Issue,Low,Web,Business,Agent_14,Resolved,72,19.77,Met,4.0
TKT00995,2026-06-03 11:57:00,2026-06-04 00:31:21.838852149,East,Payment,Payment Failed,High,Email,Consumer,Agent_18,Resolved,24,12.57,Met,4.0
TKT00996,2026-01-29 19:33:00,2026-01-30 18:44:35.713026913,West,Technical,App Error,Medium,Phone,Consumer,Agent_03,Resolved,48,23.19,Met,5.0
TKT00997,2026-04-19 19:42:00,2026-04-20 07:37:06.005409542,East,Technical,App Error,Medium,Phone,Consumer,Agent_15,Resolved,48,11.92,Met,5.0
TKT00998,2026-04-08 21:42:00,2026-04-10 23:56:24.192364203,East,Login,OTP Issue,Medium,Email,Consumer,Agent_20,Resolved,48,50.24,Breached,1.0
TKT00999,2026-08-03 13:35:00,2026-08-05 06:21:21.603146379,West,Delivery,Damaged Item,Low,Web,Consumer,Agent_06,Resolved,72,40.77,Met,3.0
TKT01000,2026-03-16 06:43:00,2026-03-17 09:58:41.147588761,North,Technical,System Issue,Medium,Chat,Consumer,Agent_15,Closed,48,27.26,Met,5.0
TKT01001,2026-05-26 14:52:00,2026-05-27 21:03:15.427474666,East,Delivery,Wrong Item,Low,Email,Business,Agent_14,Resolved,72,30.19,Met,5.0
TKT01002,2026-05-08 11:17:00,2026-05-10 21:34:49.034064433,East,Technical,Website Error,Low,Phone,Consumer,Agent_11,Resolved,72,58.3,Met,5.0
TKT01003,2026-02-11 22:14:00,2026-02-15 05:30:57.994257136,North,Technical,System Issue,Low,Web,Consumer,Agent_08,Resolved,72,79.28,Breached,1.0
TKT01004,2026-02-10 01:07:00,2026-02-10 19:28:52.781663120,East,Login,Account Locked,Medium,Chat,Consumer,Agent_08,Closed,48,18.36,Met,5.0
TKT01005,2026-02-03 01:27:00,2026-02-05 05:11:07.471975657,West,Payment,Card Declined,High,Phone,Consumer,Agent_05,Resolved,24,51.74,Breached,3.0
TKT01006,2026-01-17 03:36:00,2026-01-19 04:04:13.371925522,South,Payment,Duplicate Charge,Medium,Chat,Consumer,Agent_16,Resolved,48,48.47,Breached,1.0
TKT01007,2026-06-14 00:00:00,2026-06-14 20:48:15.616360875,East,Technical,System Issue,High,Chat,Consumer,Agent_07,Resolved,24,20.8,Met,4.0
TKT01008,2026-06-02 19:18:00,2026-06-04 13:54:42.994593284,West,Refund,Refund Pending,Medium,Web,Business,Agent_01,Closed,48,42.61,Met,4.0
TKT01009,2026-03-17 22:54:00,2026-03-18 08:14:46.981442284,North,Delivery,Wrong Item,High,Chat,Business,Agent_05,Closed,24,9.35,Met,4.0
TKT01010,2026-03-28 02:19:00,2026-03-29 16:35:42.893531619,South,Payment,Card Declined,High,Phone,Consumer,Agent_03,Resolved,24,38.28,Breached,4.0
TKT01011,2026-04-27 10:17:00,2026-04-30 05:46:51.643175658,North,Account,Profile Update,Medium,Chat,Consumer,Agent_13,Resolved,48,67.5,Breached,2.0
TKT01012,2026-01-27 02:12:00,2026-01-28 23:21:28.915820834,North,Account,Account Access,High,Chat,Business,Agent_20,Resolved,24,45.16,Breached,3.0
TKT01013,2026-05-14 02:57:00,2026-05-16 16:20:44.610249674,North,Delivery,Wrong Item,Low,Email,Consumer,Agent_17,Resolved,72,61.4,Met,5.0
TKT01014,2026-08-07 13:29:00,2026-08-08 22:23:50.271595624,South,Account,Account Access,High,Email,Consumer,Agent_01,Resolved,24,32.91,Breached,2.0
TKT01015,2026-06-17 23:01:00,2026-06-19 00:26:55.044797142,West,Technical,Website Error,High,Phone,Consumer,Agent_19,Resolved,24,25.43,Breached,3.0
TKT01016,2026-04-08 06:19:00,2026-04-09 01:21:33.296973061,West,Technical,App Error,Low,Chat,Business,Agent_04,Closed,72,19.04,Met,3.0
TKT01017,2026-09-25 15:07:00,2026-09-25 23:23:56.087691070,West,Login,OTP Issue,High,Email,Consumer,Agent_13,Closed,24,8.28,Met,4.0
TKT01018,2026-08-25 10:57:00,2026-08-27 11:09:49.902830427,West,Login,Account Locked,Low,Phone,Consumer,Agent_19,Resolved,72,48.21,Met,5.0
TKT01019,2026-06-22 07:29:00,2026-06-23 14:22:38.813521905,South,Login,OTP Issue,Low,Chat,Consumer,Agent_18,Resolved,72,30.89,Met,4.0
TKT01020,2026-07-09 09:45:00,2026-07-12 15:37:48.040464745,North,Login,OTP Issue,Low,Phone,Consumer,Agent_11,Resolved,72,77.88,Breached,2.0
TKT01021,2026-05-02 07:42:00,2026-05-03 16:57:41.209500268,East,Refund,Refund Failed,High,Chat,Consumer,Agent_09,Resolved,24,33.26,Breached,3.0
TKT01022,2026-02-15 16:29:00,2026-02-16 20:13:06.274238121,South,Refund,Refund Request,High,Web,Consumer,Agent_03,Closed,24,27.74,Breached,3.0
TKT01023,2026-03-05 18:51:00,2026-03-06 19:34:17.057880256,North,Refund,Refund Pending,High,Email,Business,Agent_16,Closed,24,24.72,Breached,3.0
TKT01024,2026-05-10 02:01:00,2026-05-12 19:50:58.845298746,East,Account,Profile Update,Low,Web,Consumer,Agent_17,Resolved,72,65.83,Met,5.0
TKT01025,2026-07-12 00:16:00,2026-07-12 22:22:28.198640563,North,Refund,Refund Failed,Medium,Chat,Consumer,Agent_13,Resolved,48,22.11,Met,3.0
TKT01026,2026-06-30 20:19:00,2026-07-02 02:53:22.963577088,West,Payment,Payment Failed,High,Web,Consumer,Agent_06,Closed,24,30.57,Breached,3.0
TKT01027,2026-01-29 05:26:00,2026-01-30 02:46:08.938652622,South,Technical,Website Error,Low,Web,Business,Agent_07,Resolved,72,21.34,Met,5.0
TKT01028,2026-05-29 05:17:00,,South,Login,Password Reset,Medium,Email,Consumer,Agent_09,Pending,48,,Pending,2.0
TKT01029,2026-09-24 13:28:00,2026-09-27 04:39:34.293763104,East,Account,Account Access,Low,Web,Consumer,Agent_05,Resolved,72,63.19,Met,5.0
TKT01030,2026-01-11 21:15:00,2026-01-13 08:23:37.285811282,South,Login,OTP Issue,Low,Chat,Consumer,Agent_05,Resolved,72,35.14,Met,4.0
TKT01031,2026-06-13 08:22:00,2026-06-14 03:49:39.863314332,North,Account,Account Verification,Medium,Chat,Consumer,Agent_15,Resolved,48,19.46,Met,
TKT01032,2026-04-23 01:58:00,2026-04-23 18:42:34.229458626,North,Payment,Payment Failed,High,Web,Consumer,Agent_04,Resolved,24,16.74,Met,4.0
TKT01033,2026-07-06 11:49:00,2026-07-08 05:51:06.722568808,East,Technical,App Error,Low,Email,Consumer,Agent_10,Resolved,72,42.04,Met,5.0
TKT01034,2026-08-20 00:44:00,2026-08-21 06:15:19.488823464,East,Account,Profile Update,Low,Email,Consumer,Agent_09,Resolved,72,29.52,Met,5.0
TKT01035,2026-08-15 05:13:00,2026-08-18 13:23:19.082800768,East,Payment,Duplicate Charge,Low,Web,Business,Agent_07,Closed,72,80.17,Breached,3.0
TKT01036,2026-04-08 20:02:00,2026-04-13 23:34:27.518478104,East,Technical,Website Error,Low,Email,Business,Agent_15,Resolved,72,123.54,Breached,3.0
TKT01037,2026-02-24 06:57:00,2026-02-25 00:01:43.585511106,West,Technical,Website Error,Low,Web,Consumer,Agent_19,Resolved,72,17.08,Met,3.0
TKT01038,2026-04-21 09:15:00,2026-04-21 17:23:37.249357905,North,Technical,App Error,Medium,Web,Consumer,Agent_10,Closed,48,8.14,Met,4.0
TKT01039,2026-06-01 18:21:00,2026-06-02 13:38:09.568544272,North,Delivery,Late Delivery,High,Phone,Consumer,Agent_07,Closed,24,19.29,Met,5.0
TKT01040,2026-09-03 05:25:00,2026-09-04 17:18:22.181625445,North,Technical,Website Error,Medium,Web,Consumer,Agent_03,Resolved,48,35.89,Met,5.0
TKT01041,2026-03-10 23:00:00,2026-03-12 12:26:47.641010319,North,Login,OTP Issue,High,Email,Consumer,Agent_03,Closed,24,37.45,Breached,1.0
TKT01042,2026-09-07 23:59:00,,West,Payment,Payment Failed,High,Chat,Business,Agent_20,Pending,24,,Pending,3.0
TKT01043,2026-02-05 08:34:00,2026-02-08 13:45:16.072963900,East,Account,Profile Update,Low,Web,Consumer,Agent_18,Resolved,72,77.19,Breached,2.0
TKT01044,2026-08-27 03:33:00,2026-08-28 18:49:06.070875322,South,Technical,Website Error,Low,Phone,Consumer,Agent_13,Resolved,72,39.27,Met,4.0
TKT01045,2026-05-28 01:13:00,2026-05-29 23:19:45.613240412,North,Delivery,Damaged Item,High,Phone,Consumer,Agent_12,Resolved,24,46.11,Breached,3.0
TKT01046,2026-08-15 08:28:00,2026-08-17 18:13:39.184168507,South,Delivery,Late Delivery,Low,Phone,Consumer,Agent_17,Resolved,72,57.76,Met,5.0
TKT01047,2026-09-01 05:31:00,2026-09-04 18:29:33.757919425,West,Payment,Duplicate Charge,Low,Phone,Consumer,Agent_17,Resolved,72,84.98,Breached,1.0
TKT01048,2026-07-20 18:36:00,2026-07-23 07:22:41.969446276,West,Refund,Refund Request,Low,Email,Consumer,Agent_11,Resolved,72,60.78,Met,4.0
TKT01049,2026-06-03 11:27:00,2026-06-05 22:15:30.402897112,East,Delivery,Late Delivery,Medium,Chat,Consumer,Agent_17,Closed,48,58.81,Breached,2.0
TKT01050,2026-03-14 10:56:00,2026-03-14 21:43:05.269654719,West,Login,OTP Issue,Medium,Web,Business,Agent_20,Resolved,48,10.78,Met,5.0
TKT01051,2026-07-20 21:32:00,2026-07-21 19:08:27.080546270,East,Payment,Duplicate Charge,Critical,Web,Consumer,Agent_17,Resolved,12,21.61,Breached,2.0
TKT01052,2026-01-17 23:19:00,2026-01-18 20:10:07.471139173,South,Refund,Refund Failed,High,Chat,Business,Agent_19,Closed,24,20.85,Met,5.0
TKT01053,2026-05-09 17:07:00,2026-05-10 16:31:06.919197998,West,Account,Account Access,Medium,Web,Business,Agent_07,Resolved,48,23.4,Met,5.0
TKT01054,2026-08-05 19:21:00,2026-08-06 22:28:16.690300633,East,Payment,Card Declined,Medium,Web,Consumer,Agent_19,Resolved,48,27.12,Met,4.0
TKT01055,2026-03-02 20:54:00,2026-03-07 05:05:25.590616576,South,Technical,Website Error,Medium,Phone,Consumer,Agent_02,Resolved,48,104.19,Breached,3.0
TKT01056,2026-04-14 09:59:00,2026-04-15 10:26:25.393267357,North,Account,Account Access,Low,Phone,Consumer,Agent_10,Resolved,72,24.46,Met,4.0
TKT01057,2026-02-11 17:55:00,,East,Delivery,Damaged Item,Low,Email,Consumer,Agent_06,Pending,72,,Pending,2.0
TKT01058,2026-01-25 05:24:00,2026-01-28 14:14:05.188442902,East,Account,Profile Update,Low,Chat,Consumer,Agent_16,Resolved,72,80.83,Breached,2.0
TKT01059,2026-02-08 16:31:00,2026-02-10 21:24:42.119123838,South,Login,Account Locked,Low,Email,Consumer,Agent_08,Closed,72,52.9,Met,5.0
TKT01060,2026-05-11 11:56:00,2026-05-13 11:26:33.800928256,South,Delivery,Late Delivery,Low,Web,Business,Agent_04,Resolved,72,47.51,Met,4.0
TKT01061,2026-08-17 12:02:00,2026-08-18 05:31:49.441210767,South,Technical,System Issue,Medium,Phone,Business,Agent_20,Closed,48,17.5,Met,5.0
TKT01062,2026-04-18 04:36:00,2026-04-18 10:55:15.339021340,South,Payment,Payment Failed,Critical,Phone,Consumer,Agent_11,Resolved,12,6.32,Met,4.0
TKT01063,2026-06-21 08:55:00,2026-06-22 04:52:48.937409906,South,Delivery,Late Delivery,Medium,Phone,Business,Agent_18,Resolved,48,19.96,Met,4.0
TKT01064,2026-04-12 02:31:00,,East,Refund,Refund Request,Critical,Chat,Business,Agent_15,Pending,12,,Pending,3.0
TKT01065,2026-01-12 15:54:00,2026-01-13 13:16:35.515017789,South,Technical,System Issue,Medium,Web,Consumer,Agent_16,Resolved,48,21.38,Met,5.0
TKT01066,2026-04-11 04:18:00,2026-04-14 06:17:34.811459602,North,Login,OTP Issue,Medium,Chat,Consumer,Agent_08,Resolved,48,73.99,Breached,1.0
TKT01067,2026-02-13 05:23:00,2026-02-16 18:33:58.784894896,South,Delivery,Damaged Item,Medium,Phone,Consumer,Agent_17,Resolved,48,85.18,Breached,2.0
TKT01068,2026-01-17 16:56:00,2026-01-18 11:21:07.447740970,West,Login,Password Reset,Low,Chat,Consumer,Agent_02,Resolved,72,18.42,Met,4.0
TKT01069,2026-02-26 14:28:00,2026-02-28 05:24:09.730762627,East,Account,Account Access,Low,Phone,Consumer,Agent_17,Closed,72,38.94,Met,4.0
TKT01070,2026-01-12 19:51:00,2026-01-13 07:32:05.201688422,North,Account,Account Access,Critical,Chat,Consumer,Agent_15,Closed,12,11.68,Met,5.0
TKT01071,2026-03-21 11:27:00,2026-03-22 04:49:13.283817592,East,Payment,Payment Failed,Critical,Chat,Consumer,Agent_20,Resolved,12,17.37,Breached,1.0
TKT01072,2026-08-04 05:09:00,2026-08-10 02:49:06.908204186,West,Refund,Refund Failed,Low,Phone,Consumer,Agent_07,Closed,72,141.67,Breached,3.0
TKT01073,2026-09-21 13:22:00,2026-09-23 00:02:37.000309425,South,Account,Account Access,Low,Web,Consumer,Agent_11,Resolved,72,34.68,Met,5.0
TKT01074,2026-05-29 17:59:00,2026-05-30 11:09:51.192544360,East,Account,Account Verification,Medium,Web,Consumer,Agent_19,Resolved,48,17.18,Met,4.0
TKT01075,2026-03-22 10:19:00,2026-03-24 08:27:12.591504621,East,Delivery,Damaged Item,Low,Chat,Consumer,Agent_06,Resolved,72,46.14,Met,4.0
TKT01076,2026-08-03 07:52:00,2026-08-04 01:30:15.987717916,South,Account,Account Access,Medium,Phone,Business,Agent_18,Resolved,48,17.64,Met,4.0
TKT01077,2026-07-17 21:59:00,2026-07-22 11:37:35.547800035,East,Payment,Card Declined,Low,Email,Consumer,Agent_09,Resolved,72,109.64,Breached,2.0
TKT01078,2026-07-19 07:40:00,2026-07-20 03:06:26.677023471,East,Technical,System Issue,Medium,Chat,Consumer,Agent_16,Resolved,48,19.44,Met,5.0
TKT01079,2026-01-25 22:27:00,,East,Refund,Refund Pending,Medium,Email,Consumer,Agent_13,Pending,48,,Pending,3.0
TKT01080,2026-03-30 13:33:00,2026-03-31 21:24:23.685419296,West,Payment,Card Declined,Medium,Phone,Consumer,Agent_08,Resolved,48,31.86,Met,5.0
TKT01081,2026-09-25 14:05:00,2026-09-28 19:54:45.006311913,West,Payment,Duplicate Charge,Low,Web,Consumer,Agent_17,Resolved,72,77.83,Breached,2.0
TKT01082,2026-05-23 19:24:00,2026-05-25 00:54:17.089300879,West,Account,Account Verification,Medium,Web,Consumer,Agent_14,Resolved,48,29.5,Met,3.0
TKT01083,2026-02-28 11:06:00,2026-02-28 15:02:36.219608354,North,Account,Account Access,Critical,Phone,Consumer,Agent_09,Resolved,12,3.94,Met,4.0
TKT01084,2026-01-26 04:21:00,2026-01-28 03:08:20.806315411,East,Payment,Duplicate Charge,Medium,Chat,Consumer,Agent_06,Resolved,48,46.79,Met,5.0
TKT01085,2026-02-16 21:04:00,2026-02-17 23:08:27.409760032,South,Account,Account Verification,High,Web,Consumer,Agent_16,Resolved,24,26.07,Breached,2.0
TKT01086,2026-09-23 05:54:00,2026-09-24 06:33:51.912968446,South,Delivery,Wrong Item,High,Chat,Consumer,Agent_03,Resolved,24,24.66,Breached,3.0
TKT01087,2026-01-16 12:49:00,2026-01-17 23:51:41.998915694,East,Login,Password Reset,Critical,Web,Consumer,Agent_02,Resolved,12,35.04,Breached,1.0
TKT01088,2026-07-18 02:59:00,2026-07-18 21:56:04.279549032,South,Account,Account Access,High,Web,Consumer,Agent_08,Closed,24,18.95,Met,3.0
TKT01089,2026-03-27 01:05:00,,North,Technical,Website Error,High,Chat,Consumer,Agent_04,Pending,24,,Pending,3.0
TKT01090,2026-09-07 13:39:00,2026-09-08 09:30:51.823164351,South,Payment,Payment Failed,High,Phone,Consumer,Agent_12,Resolved,24,19.86,Met,4.0
TKT01091,2026-09-27 22:51:00,2026-09-30 23:29:27.247943356,West,Technical,App Error,Low,Chat,Consumer,Agent_01,Resolved,72,72.64,Breached,3.0
TKT01092,2026-04-27 02:50:00,2026-04-28 06:43:59.093335719,West,Login,Account Locked,Medium,Email,Consumer,Agent_17,Resolved,48,27.9,Met,4.0
TKT01093,2026-01-07 07:53:00,2026-01-07 20:20:23.904952426,West,Login,OTP Issue,Critical,Web,Consumer,Agent_18,Closed,12,12.46,Breached,1.0
TKT01094,2026-05-17 08:53:00,2026-05-17 20:35:05.638103902,West,Account,Profile Update,High,Web,Consumer,Agent_17,Resolved,24,11.7,Met,5.0
TKT01095,2026-06-25 23:10:00,2026-06-26 03:21:30.883674336,South,Account,Profile Update,Critical,Chat,Consumer,Agent_16,Resolved,12,4.19,Met,4.0
TKT01096,2026-08-03 18:50:00,2026-08-04 11:39:50.893193182,East,Delivery,Late Delivery,High,Phone,Business,Agent_03,Resolved,24,16.83,Met,4.0
TKT01097,2026-03-23 07:18:00,2026-03-24 01:58:05.672780648,North,Account,Profile Update,High,Web,Consumer,Agent_09,Closed,24,18.67,Met,5.0
TKT01098,2026-08-11 13:54:00,2026-08-13 13:16:55.302702798,North,Payment,Duplicate Charge,High,Email,Business,Agent_12,Resolved,24,47.38,Breached,1.0
TKT01099,2026-04-13 03:46:00,2026-04-13 23:03:18.622883216,South,Payment,Duplicate Charge,High,Email,Consumer,Agent_07,Resolved,24,19.29,Met,5.0
TKT01100,2026-09-30 07:21:00,2026-10-02 07:26:07.326234808,South,Refund,Refund Failed,Medium,Chat,Consumer,Agent_06,Resolved,48,48.09,Breached,2.0
TKT01101,2026-01-14 06:35:00,2026-01-14 14:33:35.007240273,West,Payment,Payment Failed,Critical,Web,Consumer,Agent_11,Resolved,12,7.98,Met,4.0
TKT01102,2026-06-08 12:07:00,2026-06-08 20:25:27.041828234,East,Technical,Website Error,High,Phone,Business,Agent_06,Closed,24,8.31,Met,5.0
TKT01103,2026-06-01 01:23:00,2026-06-02 00:40:56.817768458,West,Delivery,Wrong Item,High,Phone,Business,Agent_17,Closed,24,23.3,Met,5.0
TKT01104,2026-04-18 17:16:00,2026-04-20 05:41:15.038389884,East,Technical,Website Error,High,Chat,Business,Agent_10,Closed,24,36.42,Breached,1.0
TKT01105,2026-07-07 11:32:00,2026-07-08 09:02:07.754993190,West,Refund,Refund Pending,Medium,Web,Consumer,Agent_03,Resolved,48,21.5,Met,5.0
TKT01106,2026-04-08 08:12:00,2026-04-12 05:45:52.266531528,North,Technical,System Issue,Low,Phone,Consumer,Agent_19,Resolved,72,93.56,Breached,2.0
TKT01107,2026-05-11 21:31:00,2026-05-12 11:32:46.222016768,East,Payment,Card Declined,Critical,Chat,Consumer,Agent_03,Resolved,12,14.03,Breached,2.0
TKT01108,2026-06-20 19:03:00,2026-06-21 15:18:33.988249609,North,Technical,System Issue,Medium,Web,Business,Agent_02,Resolved,48,20.26,Met,5.0
TKT01109,2026-07-02 16:09:00,2026-07-03 18:28:10.611189336,West,Delivery,Late Delivery,Medium,Phone,Consumer,Agent_20,Closed,48,26.32,Met,4.0
TKT01110,2026-02-08 05:52:00,2026-02-10 12:37:45.394758626,North,Technical,App Error,Low,Email,Consumer,Agent_01,Resolved,72,54.76,Met,3.0
TKT01111,2026-01-15 18:00:00,2026-01-16 15:55:56.337485804,South,Login,OTP Issue,High,Web,Consumer,Agent_18,Resolved,24,21.93,Met,4.0
TKT01112,2026-01-04 00:39:00,,North,Refund,Refund Request,High,Chat,Consumer,Agent_08,Pending,24,,Pending,2.0
TKT01113,2026-07-29 22:39:00,,North,Refund,Refund Request,High,Phone,Consumer,Agent_19,Pending,24,,Pending,2.0
TKT01114,2026-06-10 10:39:00,2026-06-11 14:44:10.494469647,West,Technical,System Issue,Medium,Phone,Business,Agent_05,Resolved,48,28.09,Met,4.0
TKT01115,2026-01-16 02:52:00,2026-01-17 08:41:41.016673707,North,Login,OTP Issue,Medium,Chat,Business,Agent_10,Resolved,48,29.83,Met,5.0
TKT01116,2026-04-18 04:18:00,2026-04-22 06:46:50.024754822,North,Login,OTP Issue,Medium,Web,Consumer,Agent_09,Resolved,48,98.48,Breached,2.0
TKT01117,2026-08-15 08:36:00,2026-08-17 02:16:37.117077420,South,Refund,Refund Failed,Low,Web,Consumer,Agent_18,Closed,72,41.68,Met,4.0
TKT01118,2026-06-19 12:09:00,2026-06-20 09:58:02.687551611,East,Refund,Refund Failed,High,Email,Business,Agent_19,Resolved,24,21.82,Met,5.0
TKT01119,2026-02-03 08:42:00,,East,Technical,App Error,Low,Phone,Consumer,Agent_05,Pending,72,,Pending,3.0
TKT01120,2026-09-08 13:58:00,2026-09-10 02:08:21.576466704,North,Delivery,Damaged Item,Medium,Chat,Consumer,Agent_11,Resolved,48,36.17,Met,4.0
TKT01121,2026-09-04 01:56:00,2026-09-06 01:44:33.081897103,East,Technical,Website Error,Medium,Email,Business,Agent_20,Resolved,48,47.81,Met,5.0
TKT01122,2026-09-26 03:03:00,2026-09-27 01:30:41.357481282,East,Payment,Payment Failed,Medium,Phone,Business,Agent_01,Resolved,48,22.46,Met,5.0
TKT01123,2026-05-21 18:59:00,2026-05-22 03:51:14.103788383,North,Payment,Payment Failed,Critical,Phone,Consumer,Agent_12,Resolved,12,8.87,Met,3.0
TKT01124,2026-04-06 02:41:00,,West,Login,OTP Issue,Low,Phone,Consumer,Agent_06,Pending,72,,Pending,3.0
TKT01125,2026-08-15 09:02:00,2026-08-16 02:52:24.495761896,North,Login,Account Locked,High,Chat,Consumer,Agent_20,Resolved,24,17.84,Met,5.0
TKT01126,2026-02-08 21:00:00,2026-02-09 21:28:15.122344674,East,Payment,Card Declined,Low,Chat,Consumer,Agent_12,Resolved,72,24.47,Met,4.0
TKT01127,2026-01-29 13:58:00,2026-02-02 04:24:02.663486826,South,Delivery,Late Delivery,Low,Chat,Consumer,Agent_12,Resolved,72,86.43,Breached,1.0
TKT01128,2026-09-02 18:09:00,2026-09-03 13:33:09.942771024,East,Technical,Website Error,Medium,Email,Consumer,Agent_03,Closed,48,19.4,Met,5.0
TKT01129,2026-08-24 18:13:00,2026-08-30 22:33:16.871949715,West,Login,Password Reset,Low,Phone,Business,Agent_15,Resolved,72,148.34,Breached,2.0
TKT01130,2026-07-04 07:26:00,2026-07-05 05:53:56.470125546,North,Technical,Website Error,High,Phone,Consumer,Agent_11,Closed,24,22.47,Met,5.0
TKT01131,2026-09-29 06:55:00,2026-09-30 22:54:28.865064170,East,Payment,Payment Failed,Medium,Email,Business,Agent_10,Resolved,48,39.99,Met,3.0
TKT01132,2026-08-24 08:51:00,2026-08-27 03:49:46.619484042,East,Technical,System Issue,Low,Email,Consumer,Agent_16,Resolved,72,66.98,Met,5.0
TKT01133,2026-08-27 07:20:00,2026-08-31 22:05:07.624956286,South,Technical,App Error,Low,Chat,Business,Agent_12,Resolved,72,110.75,Breached,3.0
TKT01134,2026-09-23 12:17:00,2026-09-25 09:22:36.076904923,West,Login,Password Reset,Medium,Phone,Business,Agent_16,Resolved,48,45.09,Met,5.0
TKT01135,2026-03-06 07:43:00,2026-03-06 15:13:37.882768046,East,Payment,Payment Failed,High,Web,Consumer,Agent_05,Resolved,24,7.51,Met,4.0
TKT01136,2026-06-26 06:35:00,,East,Login,Account Locked,Medium,Web,Consumer,Agent_18,Pending,48,,Pending,3.0
TKT01137,2026-01-03 11:50:00,2026-01-04 07:03:52.844912760,North,Payment,Payment Failed,Medium,Email,Consumer,Agent_10,Resolved,48,19.23,Met,4.0
TKT01138,2026-05-22 06:34:00,2026-05-22 16:09:02.662283954,West,Delivery,Damaged Item,High,Email,Consumer,Agent_06,Resolved,24,9.58,Met,5.0
TKT01139,2026-06-07 05:25:00,2026-06-08 04:02:44.234479200,South,Account,Profile Update,Medium,Email,Consumer,Agent_14,Resolved,48,22.63,Met,4.0
TKT01140,2026-05-26 18:34:00,2026-05-28 07:08:01.273294063,East,Payment,Duplicate Charge,Low,Web,Consumer,Agent_14,Resolved,72,36.57,Met,5.0
TKT01141,2026-06-02 12:29:00,2026-06-04 15:58:16.389037590,West,Login,Password Reset,Medium,Web,Consumer,Agent_09,Closed,48,51.49,Breached,1.0
TKT01142,2026-07-12 18:13:00,2026-07-15 13:07:29.175665713,West,Payment,Card Declined,Medium,Chat,Business,Agent_16,Closed,48,66.91,Breached,3.0
TKT01143,2026-03-14 19:49:00,2026-03-15 06:07:02.514571513,West,Delivery,Late Delivery,High,Chat,Consumer,Agent_13,Resolved,24,10.3,Met,5.0
TKT01144,2026-05-20 10:41:00,2026-05-21 10:11:17.274244485,West,Technical,Website Error,Medium,Phone,Consumer,Agent_14,Resolved,48,23.5,Met,5.0
TKT01145,2026-07-06 03:33:00,2026-07-06 16:59:18.393008949,East,Login,OTP Issue,Critical,Chat,Consumer,Agent_11,Resolved,12,13.44,Breached,1.0
TKT01146,2026-03-02 22:38:00,2026-03-05 05:30:43.964970873,West,Login,Account Locked,Low,Phone,Consumer,Agent_02,Resolved,72,54.88,Met,4.0
TKT01147,2026-07-17 06:08:00,2026-07-17 12:09:50.214287172,North,Refund,Refund Failed,Critical,Chat,Consumer,Agent_20,Resolved,12,6.03,Met,4.0
TKT01148,2026-01-11 00:48:00,2026-01-12 22:52:09.245117654,North,Login,OTP Issue,Medium,Chat,Consumer,Agent_20,Closed,48,46.07,Met,4.0
TKT01149,2026-03-03 17:55:00,2026-03-04 16:35:10.400849968,South,Delivery,Damaged Item,High,Chat,Business,Agent_19,Resolved,24,22.67,Met,3.0
TKT01150,2026-08-14 21:52:00,2026-08-15 20:22:40.118817985,South,Technical,App Error,Low,Web,Consumer,Agent_12,Resolved,72,22.51,Met,3.0
TKT01151,2026-06-02 21:02:00,2026-06-04 11:17:47.180710652,West,Refund,Refund Request,Medium,Web,Consumer,Agent_17,Resolved,48,38.26,Met,5.0
TKT01152,2026-07-18 02:12:00,2026-07-19 10:48:43.866114602,South,Account,Account Verification,High,Email,Consumer,Agent_09,Resolved,24,32.61,Breached,1.0
TKT01153,2026-02-21 16:38:00,2026-02-22 14:05:57.748222267,West,Technical,App Error,High,Chat,Business,Agent_11,Resolved,24,21.47,Met,5.0
TKT01154,2026-09-17 13:05:00,2026-09-19 06:23:31.155036332,North,Account,Account Access,Low,Web,Consumer,Agent_12,Resolved,72,41.31,Met,4.0
TKT01155,2026-02-28 19:49:00,2026-03-01 23:57:32.303003499,North,Login,Password Reset,Medium,Phone,Business,Agent_03,Closed,48,28.14,Met,5.0
TKT01156,2026-03-13 23:17:00,2026-03-15 15:24:40.880677130,North,Account,Account Verification,Low,Chat,Consumer,Agent_17,Resolved,72,40.13,Met,3.0
TKT01157,2026-05-28 06:12:00,2026-05-28 15:11:26.499636247,North,Account,Account Verification,Critical,Web,Business,Agent_06,Resolved,12,8.99,Met,5.0
TKT01158,2026-03-04 07:58:00,2026-03-05 08:14:08.211088909,South,Payment,Duplicate Charge,High,Email,Consumer,Agent_04,Closed,24,24.27,Breached,1.0
TKT01159,2026-08-31 13:51:00,2026-09-02 05:59:44.649488018,South,Delivery,Late Delivery,Low,Email,Consumer,Agent_13,Closed,72,40.15,Met,3.0
TKT01160,2026-04-17 10:49:00,2026-04-19 13:55:57.474681501,West,Technical,Website Error,High,Phone,Consumer,Agent_17,Resolved,24,51.12,Breached,1.0
TKT01161,2026-08-14 11:21:00,2026-08-14 23:24:10.366142108,South,Technical,App Error,Critical,Phone,Consumer,Agent_10,Resolved,12,12.05,Breached,1.0
TKT01162,2026-08-06 11:27:00,2026-08-08 12:02:53.763073944,North,Technical,System Issue,Medium,Web,Consumer,Agent_20,Closed,48,48.6,Breached,2.0
TKT01163,2026-08-29 22:03:00,2026-08-30 18:09:04.429447876,North,Delivery,Damaged Item,High,Email,Business,Agent_18,Resolved,24,20.1,Met,5.0
TKT01164,2026-09-16 01:21:00,2026-09-16 19:10:00.131940120,West,Technical,System Issue,Medium,Web,Business,Agent_14,Resolved,48,17.82,Met,4.0
TKT01165,2026-09-19 01:26:00,2026-09-19 23:48:45.134591037,North,Payment,Payment Failed,High,Chat,Consumer,Agent_16,Resolved,24,22.38,Met,5.0
TKT01166,2026-01-05 03:44:00,,North,Delivery,Wrong Item,Medium,Phone,Business,Agent_19,Pending,48,,Pending,3.0
TKT01167,2026-09-18 00:15:00,2026-09-19 08:32:27.694904359,West,Payment,Payment Failed,Medium,Phone,Consumer,Agent_15,Resolved,48,32.29,Met,5.0
TKT01168,2026-02-23 13:41:00,2026-02-25 19:21:49.226459487,West,Payment,Payment Failed,Medium,Chat,Consumer,Agent_13,Resolved,48,53.68,Breached,1.0
TKT01169,2026-02-16 23:01:00,2026-02-17 18:23:04.430953884,East,Technical,System Issue,Low,Chat,Business,Agent_02,Resolved,72,19.37,Met,3.0
TKT01170,2026-08-03 02:42:00,2026-08-03 19:37:44.643875912,South,Technical,Website Error,High,Chat,Consumer,Agent_09,Closed,24,16.93,Met,3.0
TKT01171,2026-06-26 08:33:00,2026-06-27 00:56:39.839958913,South,Login,OTP Issue,Medium,Email,Consumer,Agent_13,Resolved,48,16.39,Met,4.0
TKT01172,2026-01-09 05:49:00,2026-01-09 18:07:53.992659855,West,Payment,Payment Failed,Medium,Email,Consumer,Agent_12,Closed,48,12.31,Met,4.0
TKT01173,2026-04-09 11:20:00,2026-04-11 12:26:01.389865860,East,Refund,Refund Request,High,Chat,Consumer,Agent_01,Resolved,24,49.1,Breached,2.0
TKT01174,2026-01-20 23:18:00,2026-01-21 12:25:05.995774268,South,Delivery,Damaged Item,Medium,Phone,Consumer,Agent_13,Resolved,48,13.12,Met,4.0
TKT01175,2026-08-29 18:35:00,2026-08-31 00:08:21.867857283,North,Technical,Website Error,Medium,Phone,Business,Agent_08,Closed,48,29.56,Met,5.0
TKT01176,2026-03-02 03:00:00,2026-03-03 00:42:27.947364829,West,Technical,App Error,Critical,Email,Consumer,Agent_04,Resolved,12,21.71,Breached,2.0
TKT01177,2026-06-27 12:22:00,2026-06-28 01:22:22.532440831,West,Login,Password Reset,High,Email,Business,Agent_11,Closed,24,13.01,Met,4.0
TKT01178,2026-03-03 22:04:00,2026-03-04 20:32:57.550685541,South,Delivery,Wrong Item,Low,Phone,Consumer,Agent_06,Closed,72,22.48,Met,3.0
TKT01179,2026-05-25 10:59:00,2026-05-27 16:28:56.602758426,North,Payment,Payment Failed,Medium,Web,Consumer,Agent_13,Closed,48,53.5,Breached,2.0
TKT01180,2026-08-04 20:12:00,2026-08-05 04:05:40.851115414,North,Payment,Payment Failed,Critical,Email,Business,Agent_20,Closed,12,7.89,Met,5.0
TKT01181,2026-01-03 22:17:00,2026-01-05 09:03:20.606985289,West,Account,Account Access,Medium,Email,Consumer,Agent_05,Closed,48,34.77,Met,5.0
TKT01182,2026-06-09 08:12:00,2026-06-10 19:28:50.157935709,West,Technical,App Error,Medium,Phone,Consumer,Agent_13,Resolved,48,35.28,Met,5.0
TKT01183,2026-08-15 15:22:00,2026-08-18 01:52:02.903178427,North,Technical,System Issue,Low,Chat,Consumer,Agent_17,Resolved,72,58.5,Met,5.0
TKT01184,2026-09-26 02:07:00,2026-09-26 22:30:33.036518256,West,Refund,Refund Pending,Low,Phone,Consumer,Agent_19,Resolved,72,20.39,Met,4.0
TKT01185,2026-04-30 09:24:00,2026-04-30 20:59:32.069519134,East,Delivery,Damaged Item,High,Email,Business,Agent_19,Resolved,24,11.59,Met,4.0
TKT01186,2026-03-30 20:10:00,2026-03-31 09:15:31.155187135,South,Technical,System Issue,High,Chat,Consumer,Agent_01,Closed,24,13.09,Met,5.0
TKT01187,2026-03-09 09:09:00,2026-03-09 15:41:14.233330442,North,Delivery,Wrong Item,Critical,Web,Consumer,Agent_04,Resolved,12,6.54,Met,5.0
TKT01188,2026-04-08 07:32:00,2026-04-09 10:28:20.478558494,South,Payment,Payment Failed,High,Chat,Consumer,Agent_02,Resolved,24,26.94,Breached,3.0
TKT01189,2026-09-24 07:50:00,2026-09-26 06:10:42.138127885,East,Account,Account Verification,Low,Web,Consumer,Agent_12,Closed,72,46.35,Met,5.0
TKT01190,2026-04-15 16:27:00,2026-04-17 18:23:46.564185789,West,Login,Account Locked,Low,Phone,Consumer,Agent_01,Closed,72,49.95,Met,4.0
TKT01191,2026-05-03 12:17:00,2026-05-03 16:23:05.010686218,South,Account,Account Verification,Critical,Chat,Consumer,Agent_12,Closed,12,4.1,Met,5.0
TKT01192,2026-01-29 03:43:00,2026-01-30 12:13:23.571385880,South,Refund,Refund Request,Medium,Chat,Consumer,Agent_13,Closed,48,32.51,Met,3.0
TKT01193,2026-05-17 02:33:00,2026-05-19 12:18:22.517466559,West,Refund,Refund Request,Medium,Phone,Consumer,Agent_06,Resolved,48,57.76,Breached,2.0
TKT01194,2026-07-14 09:19:00,2026-07-15 11:37:36.249704452,South,Refund,Refund Failed,Critical,Web,Consumer,Agent_07,Closed,12,26.31,Breached,2.0
TKT01195,2026-08-14 05:50:00,2026-08-15 04:40:33.634194694,South,Login,OTP Issue,Medium,Web,Business,Agent_20,Resolved,48,22.84,Met,5.0
TKT01196,2026-06-19 19:30:00,,East,Technical,System Issue,Low,Web,Consumer,Agent_05,Pending,72,,Pending,3.0
TKT01197,2026-01-09 05:48:00,2026-01-09 17:33:25.501787233,South,Login,Password Reset,High,Chat,Consumer,Agent_09,Resolved,24,11.76,Met,4.0
TKT01198,2026-02-09 03:01:00,2026-02-09 11:33:22.131441538,West,Delivery,Late Delivery,Critical,Chat,Consumer,Agent_13,Closed,12,8.54,Met,5.0
TKT01199,2026-01-25 10:36:00,2026-01-26 03:13:14.521388318,West,Refund,Refund Request,Low,Web,Consumer,Agent_14,Resolved,72,16.62,Met,4.0
TKT01200,2026-09-18 16:57:00,2026-09-20 02:38:23.589673778,West,Payment,Payment Failed,High,Web,Consumer,Agent_08,Resolved,24,33.69,Breached,1.0
TKT01201,2026-08-14 02:58:00,2026-08-15 12:23:59.368138809,North,Refund,Refund Failed,Medium,Phone,Consumer,Agent_16,Closed,48,33.43,Met,5.0
TKT01202,2026-05-04 17:42:00,2026-05-05 15:00:47.730822825,East,Account,Account Verification,Medium,Web,Consumer,Agent_14,Closed,48,21.31,Met,5.0
TKT01203,2026-02-07 12:51:00,2026-02-08 03:24:26.268584076,South,Refund,Refund Request,Critical,Phone,Consumer,Agent_18,Closed,12,14.56,Breached,2.0
TKT01204,2026-09-08 14:53:00,2026-09-08 19:46:53.356724930,South,Refund,Refund Failed,Critical,Web,Consumer,Agent_10,Resolved,12,4.9,Met,5.0
TKT01205,2026-06-25 17:06:00,2026-06-27 06:17:53.700240865,West,Technical,App Error,Medium,Web,Consumer,Agent_19,Resolved,48,37.2,Met,4.0
TKT01206,2026-03-31 16:55:00,2026-04-02 03:13:13.005142369,West,Payment,Card Declined,Low,Web,Consumer,Agent_16,Resolved,72,34.3,Met,3.0
TKT01207,2026-02-06 01:03:00,2026-02-10 00:42:35.704410750,West,Payment,Payment Failed,Low,Email,Consumer,Agent_09,Resolved,72,95.66,Breached,2.0
TKT01208,2026-06-25 00:28:00,2026-06-25 23:51:57.069221276,West,Technical,System Issue,Medium,Email,Consumer,Agent_01,Resolved,48,23.4,Met,3.0
TKT01209,2026-03-22 06:11:00,2026-03-23 17:52:08.860653106,North,Delivery,Late Delivery,Low,Phone,Consumer,Agent_09,Closed,72,35.69,Met,5.0
TKT01210,2026-04-24 01:36:00,2026-04-24 14:09:21.692281420,East,Account,Account Verification,Medium,Web,Consumer,Agent_14,Resolved,48,12.56,Met,4.0
TKT01211,2026-02-09 20:26:00,2026-02-19 02:14:34.882539674,East,Refund,Refund Failed,Low,Email,Business,Agent_07,Closed,72,221.81,Breached,1.0
TKT01212,2026-08-12 23:54:00,2026-08-14 18:47:27.372096139,North,Delivery,Late Delivery,Medium,Web,Business,Agent_11,Resolved,48,42.89,Met,4.0
TKT01213,2026-04-25 16:32:00,2026-04-29 05:20:50.390253169,South,Payment,Duplicate Charge,Low,Phone,Business,Agent_20,Resolved,72,84.81,Breached,3.0
TKT01214,2026-07-05 00:20:00,2026-07-05 15:18:22.818767952,South,Payment,Duplicate Charge,High,Web,Consumer,Agent_07,Resolved,24,14.97,Met,4.0
TKT01215,2026-02-25 12:14:00,2026-02-27 08:33:11.355255210,East,Payment,Card Declined,Low,Web,Consumer,Agent_10,Closed,72,44.32,Met,5.0
TKT01216,2026-02-09 18:45:00,2026-02-12 21:04:58.431914382,East,Technical,System Issue,Medium,Email,Consumer,Agent_19,Closed,48,74.33,Breached,4.0
TKT01217,2026-02-09 17:49:00,2026-02-10 06:50:37.638062778,South,Login,OTP Issue,High,Web,Consumer,Agent_02,Resolved,24,13.03,Met,5.0
TKT01218,2026-08-25 01:05:00,2026-08-25 21:28:10.582996506,North,Payment,Duplicate Charge,High,Email,Consumer,Agent_02,Resolved,24,20.39,Met,5.0
TKT01219,2026-09-19 10:02:00,2026-09-22 09:58:03.857037277,North,Technical,App Error,Low,Chat,Consumer,Agent_16,Resolved,72,71.93,Met,4.0
TKT01220,2026-08-04 19:47:00,2026-08-06 03:51:20.673153940,South,Payment,Card Declined,Low,Email,Consumer,Agent_12,Closed,72,32.07,Met,4.0
TKT01221,2026-05-27 18:54:00,2026-05-28 13:36:12.603659025,North,Delivery,Late Delivery,High,Chat,Business,Agent_08,Closed,24,18.7,Met,5.0
TKT01222,2026-06-17 05:37:00,2026-06-18 04:09:29.640182960,West,Login,OTP Issue,Medium,Email,Consumer,Agent_10,Resolved,48,22.54,Met,4.0
TKT01223,2026-04-02 02:02:00,2026-04-02 23:17:01.449172252,East,Login,OTP Issue,High,Chat,Consumer,Agent_15,Resolved,24,21.25,Met,3.0
TKT01224,2026-02-28 07:26:00,2026-03-01 17:14:09.808065316,South,Login,OTP Issue,Medium,Email,Consumer,Agent_16,Resolved,48,33.8,Met,4.0
TKT01225,2026-02-28 10:10:00,2026-03-02 03:21:26.914234020,West,Refund,Refund Pending,Medium,Web,Consumer,Agent_04,Resolved,48,41.19,Met,5.0
TKT01226,2026-06-18 21:54:00,2026-06-19 16:15:26.631132102,West,Payment,Duplicate Charge,Medium,Email,Consumer,Agent_05,Resolved,48,18.36,Met,4.0
TKT01227,2026-09-26 11:10:00,2026-09-28 07:47:54.367461980,North,Login,OTP Issue,High,Chat,Consumer,Agent_17,Resolved,24,44.63,Breached,1.0
TKT01228,2026-02-14 23:55:00,2026-02-15 11:29:29.400282555,North,Account,Profile Update,Critical,Chat,Consumer,Agent_10,Resolved,12,11.57,Met,5.0
TKT01229,2026-06-30 10:14:00,2026-07-03 12:34:28.383552582,East,Login,Password Reset,Low,Phone,Consumer,Agent_04,Resolved,72,74.34,Breached,2.0
TKT01230,2026-06-19 14:56:00,2026-06-21 01:33:50.234821132,East,Refund,Refund Failed,Medium,Web,Consumer,Agent_01,Resolved,48,34.63,Met,5.0
TKT01231,2026-07-10 04:40:00,2026-07-11 23:55:12.960301489,South,Technical,System Issue,Low,Web,Consumer,Agent_01,Resolved,72,43.25,Met,4.0
TKT01232,2026-06-04 17:46:00,2026-06-05 09:21:59.064031071,East,Login,OTP Issue,Medium,Phone,Business,Agent_07,Resolved,48,15.6,Met,4.0
TKT01233,2026-07-07 09:55:00,2026-07-10 07:31:47.751806498,West,Payment,Duplicate Charge,High,Chat,Business,Agent_03,Resolved,24,69.61,Breached,1.0
TKT01234,2026-01-07 11:42:00,2026-01-08 21:26:42.287483450,East,Delivery,Late Delivery,Medium,Email,Consumer,Agent_16,Resolved,48,33.75,Met,4.0
TKT01235,2026-05-13 17:54:00,2026-05-14 06:20:22.421013331,West,Technical,App Error,Critical,Phone,Consumer,Agent_16,Resolved,12,12.44,Breached,3.0
TKT01236,2026-08-23 03:29:00,2026-08-24 11:56:42.680919247,West,Payment,Card Declined,Medium,Phone,Consumer,Agent_15,Closed,48,32.46,Met,5.0
TKT01237,2026-02-14 02:05:00,2026-02-14 13:13:04.039132437,South,Login,Account Locked,Critical,Phone,Consumer,Agent_11,Closed,12,11.13,Met,4.0
TKT01238,2026-09-06 08:11:00,2026-09-07 01:48:06.571898558,North,Login,OTP Issue,High,Phone,Business,Agent_18,Resolved,24,17.62,Met,5.0
TKT01239,2026-01-31 15:59:00,2026-02-01 19:30:00.206357469,East,Payment,Payment Failed,Low,Phone,Consumer,Agent_20,Resolved,72,27.52,Met,3.0
TKT01240,2026-01-23 16:09:00,2026-01-25 15:24:57.735208684,South,Delivery,Damaged Item,Low,Chat,Consumer,Agent_08,Closed,72,47.27,Met,3.0
TKT01241,2026-06-09 09:40:00,2026-06-09 21:44:30.904463560,East,Delivery,Wrong Item,Medium,Phone,Consumer,Agent_06,Closed,48,12.08,Met,5.0
TKT01242,2026-06-07 12:56:00,2026-06-08 23:09:42.271808480,West,Payment,Duplicate Charge,Low,Chat,Business,Agent_18,Resolved,72,34.23,Met,4.0
TKT01243,2026-02-08 04:17:00,2026-02-09 11:16:45.355364188,East,Login,OTP Issue,Medium,Chat,Consumer,Agent_08,Resolved,48,31.0,Met,5.0
TKT01244,2026-03-23 20:11:00,2026-03-25 12:21:29.919891360,North,Delivery,Wrong Item,Medium,Email,Consumer,Agent_20,Closed,48,40.17,Met,3.0
TKT01245,2026-09-15 03:49:00,2026-09-15 14:21:24.627661292,East,Login,Account Locked,Critical,Phone,Consumer,Agent_17,Resolved,12,10.54,Met,3.0
TKT01246,2026-07-25 03:08:00,2026-07-26 05:39:53.238898945,East,Technical,Website Error,Medium,Phone,Consumer,Agent_05,Closed,48,26.53,Met,5.0
TKT01247,2026-03-18 23:58:00,2026-03-19 20:44:41.340703800,West,Technical,App Error,High,Email,Business,Agent_03,Resolved,24,20.78,Met,4.0
TKT01248,2026-01-12 00:09:00,2026-01-12 16:12:45.503569954,East,Delivery,Late Delivery,Critical,Web,Business,Agent_19,Closed,12,16.06,Breached,1.0
TKT01249,2026-08-12 18:57:00,2026-08-13 06:11:44.605058859,North,Refund,Refund Request,High,Web,Business,Agent_07,Resolved,24,11.25,Met,4.0
TKT01250,2026-01-13 18:19:00,2026-01-15 14:26:26.606864830,East,Delivery,Wrong Item,Low,Phone,Consumer,Agent_12,Resolved,72,44.12,Met,4.0
TKT01251,2026-02-15 11:15:00,,West,Payment,Duplicate Charge,Medium,Web,Consumer,Agent_01,Pending,48,,Pending,4.0
TKT01252,2026-06-04 08:21:00,2026-06-05 11:00:12.714533082,South,Login,Account Locked,Medium,Phone,Consumer,Agent_03,Resolved,48,26.65,Met,5.0
TKT01253,2026-04-23 01:24:00,2026-04-26 19:13:32.840946778,West,Refund,Refund Failed,Medium,Web,Consumer,Agent_10,Resolved,48,89.83,Breached,3.0
TKT01254,2026-08-21 00:48:00,2026-08-21 16:00:24.043341182,West,Payment,Card Declined,Medium,Chat,Business,Agent_06,Closed,48,15.21,Met,4.0
TKT01255,2026-01-17 13:57:00,2026-01-19 00:21:03.789919393,West,Refund,Refund Pending,High,Web,Consumer,Agent_16,Resolved,24,34.4,Breached,2.0
TKT01256,2026-08-11 16:47:00,2026-08-13 06:50:27.805356147,South,Refund,Refund Failed,Medium,Web,Consumer,Agent_14,Resolved,48,38.06,Met,5.0
TKT01257,2026-07-07 11:28:00,2026-07-08 17:44:59.222034991,North,Payment,Card Declined,Medium,Chat,Business,Agent_08,Resolved,48,30.28,Met,3.0
TKT01258,2026-06-12 06:26:00,2026-06-12 14:57:38.590710488,West,Refund,Refund Request,Critical,Email,Consumer,Agent_06,Resolved,12,8.53,Met,4.0
TKT01259,2026-03-15 16:09:00,2026-03-17 06:12:19.316673399,West,Technical,System Issue,Low,Chat,Consumer,Agent_11,Resolved,72,38.06,Met,5.0
TKT01260,2026-08-21 23:32:00,2026-08-23 04:37:44.927019326,North,Account,Account Access,Medium,Web,Consumer,Agent_04,Closed,48,29.1,Met,4.0
TKT01261,2026-08-12 16:45:00,2026-08-14 06:48:50.783236009,North,Technical,App Error,High,Phone,Business,Agent_08,Resolved,24,38.06,Breached,3.0
TKT01262,2026-03-01 03:37:00,2026-03-01 16:30:03.804142862,East,Login,OTP Issue,Low,Phone,Consumer,Agent_05,Resolved,72,12.88,Met,3.0
TKT01263,2026-08-10 16:44:00,2026-08-11 10:29:01.292075013,North,Delivery,Wrong Item,Medium,Web,Consumer,Agent_10,Resolved,48,17.75,Met,5.0
TKT01264,2026-02-06 22:49:00,2026-02-08 18:35:59.486773710,South,Account,Account Access,Low,Email,Consumer,Agent_12,Closed,72,43.78,Met,3.0
TKT01265,2026-07-15 20:53:00,2026-07-17 03:14:02.876339012,West,Payment,Duplicate Charge,High,Phone,Consumer,Agent_17,Closed,24,30.35,Breached,3.0
TKT01266,2026-08-30 04:14:00,2026-08-31 07:17:17.490560072,West,Delivery,Damaged Item,Medium,Email,Consumer,Agent_20,Closed,48,27.05,Met,3.0
TKT01267,2026-08-07 03:55:00,,South,Payment,Card Declined,Medium,Phone,Business,Agent_11,Pending,48,,Pending,4.0
TKT01268,2026-07-11 17:29:00,2026-07-12 20:41:26.006348811,East,Technical,Website Error,Medium,Email,Business,Agent_20,Resolved,48,27.21,Met,4.0
TKT01269,2026-01-17 21:24:00,2026-01-18 20:47:27.447413053,West,Technical,Website Error,Low,Phone,Consumer,Agent_12,Resolved,72,23.39,Met,5.0
TKT01270,2026-01-12 04:30:00,2026-01-14 10:27:18.326163938,West,Login,Password Reset,Medium,Phone,Consumer,Agent_12,Resolved,48,53.96,Breached,3.0
TKT01271,2026-07-12 02:02:00,2026-07-12 20:03:02.425011682,East,Technical,Website Error,Medium,Phone,Business,Agent_17,Resolved,48,18.02,Met,3.0
TKT01272,2026-01-22 10:55:00,2026-01-24 03:25:03.240545360,East,Payment,Duplicate Charge,Medium,Phone,Consumer,Agent_20,Resolved,48,40.5,Met,4.0
TKT01273,2026-04-30 21:20:00,2026-05-01 15:38:02.793882672,East,Payment,Payment Failed,Medium,Web,Consumer,Agent_05,Closed,48,18.3,Met,5.0
TKT01274,2026-07-29 04:18:00,2026-07-30 03:19:38.023839609,South,Payment,Payment Failed,Medium,Phone,Business,Agent_17,Resolved,48,23.03,Met,4.0
TKT01275,2026-09-27 15:47:00,2026-09-29 08:21:22.737677070,South,Login,Password Reset,Medium,Email,Business,Agent_05,Resolved,48,40.57,Met,5.0
TKT01276,2026-07-11 00:46:00,2026-07-12 13:06:01.941552888,North,Refund,Refund Failed,High,Email,Consumer,Agent_13,Resolved,24,36.33,Breached,
TKT01277,2026-06-24 14:22:00,2026-06-26 15:13:30.457743782,East,Payment,Duplicate Charge,Medium,Chat,Consumer,Agent_14,Closed,48,48.86,Breached,3.0
TKT01278,2026-07-23 08:44:00,2026-07-24 15:54:59.268717390,South,Refund,Refund Pending,Low,Email,Business,Agent_08,Resolved,72,31.18,Met,3.0
TKT01279,2026-06-13 14:47:00,2026-06-14 10:10:40.983382071,South,Account,Profile Update,High,Phone,Consumer,Agent_14,Resolved,24,19.39,Met,5.0
TKT01280,2026-09-08 03:27:00,2026-09-08 13:20:18.476052468,North,Delivery,Late Delivery,High,Email,Consumer,Agent_06,Resolved,24,9.89,Met,4.0
TKT01281,2026-08-15 22:14:00,2026-08-16 17:06:42.626202326,South,Delivery,Damaged Item,Medium,Phone,Business,Agent_07,Closed,48,18.88,Met,4.0
TKT01282,2026-01-07 12:26:00,2026-01-08 06:42:21.840385429,West,Account,Account Verification,Medium,Phone,Business,Agent_10,Resolved,48,18.27,Met,4.0
TKT01283,2026-01-29 02:28:00,,South,Payment,Card Declined,Medium,Chat,Business,Agent_17,Pending,48,,Pending,3.0
TKT01284,2026-02-02 07:17:00,2026-02-03 00:45:09.746336697,East,Login,Account Locked,Medium,Web,Consumer,Agent_06,Resolved,48,17.47,Met,4.0
TKT01285,2026-05-14 02:34:00,,North,Delivery,Damaged Item,High,Email,Business,Agent_03,Pending,24,,Pending,3.0
TKT01286,2026-03-20 18:33:00,2026-03-21 18:32:23.430419325,East,Delivery,Damaged Item,Low,Email,Consumer,Agent_19,Closed,72,23.99,Met,5.0
TKT01287,2026-02-27 05:57:00,2026-02-28 00:37:58.365762978,East,Account,Account Verification,High,Phone,Consumer,Agent_19,Resolved,24,18.68,Met,4.0
TKT01288,2026-01-26 19:57:00,2026-01-28 20:24:11.060063661,North,Payment,Duplicate Charge,Low,Email,Consumer,Agent_03,Resolved,72,48.45,Met,5.0
TKT01289,2026-08-14 20:40:00,2026-08-17 00:16:57.721034250,West,Delivery,Wrong Item,Medium,Email,Business,Agent_03,Resolved,48,51.62,Breached,3.0
TKT01290,2026-01-04 07:35:00,2026-01-06 00:28:54.609453690,North,Login,Password Reset,High,Web,Business,Agent_05,Closed,24,40.9,Breached,2.0
TKT01291,2026-04-09 12:55:00,2026-04-17 13:13:49.525288369,West,Technical,App Error,Medium,Email,Business,Agent_06,Resolved,48,192.31,Breached,1.0
TKT01292,2026-02-08 10:28:00,2026-02-11 04:35:25.770653904,West,Technical,Website Error,Low,Phone,Consumer,Agent_06,Resolved,72,66.12,Met,5.0
TKT01293,2026-09-28 20:22:00,2026-09-29 12:22:20.412919911,East,Delivery,Damaged Item,Critical,Web,Consumer,Agent_13,Resolved,12,16.01,Breached,1.0
TKT01294,2026-06-06 13:51:00,2026-06-07 00:06:25.568759465,East,Refund,Refund Pending,High,Email,Consumer,Agent_19,Closed,24,10.26,Met,5.0
TKT01295,2026-03-16 08:05:00,2026-03-17 07:50:00.997440678,East,Login,OTP Issue,High,Phone,Business,Agent_05,Resolved,24,23.75,Met,4.0
TKT01296,2026-05-10 08:52:00,2026-05-11 10:26:25.026431559,East,Account,Account Access,Medium,Phone,Consumer,Agent_01,Resolved,48,25.57,Met,3.0
TKT01297,2026-06-24 03:19:00,2026-06-25 13:03:56.884770582,North,Technical,App Error,Low,Email,Business,Agent_17,Resolved,72,33.75,Met,4.0
TKT01298,2026-03-25 06:10:00,2026-03-25 14:14:13.855772668,South,Payment,Payment Failed,Critical,Web,Consumer,Agent_02,Resolved,12,8.07,Met,5.0
TKT01299,2026-01-22 16:53:00,2026-01-23 09:05:23.058878907,North,Payment,Duplicate Charge,Medium,Chat,Business,Agent_12,Resolved,48,16.21,Met,5.0
TKT01300,2026-01-27 14:12:00,2026-01-28 03:38:22.089520237,South,Payment,Duplicate Charge,High,Phone,Consumer,Agent_18,Closed,24,13.44,Met,4.0
TKT01301,2026-07-14 04:07:00,2026-07-14 21:51:49.055371738,North,Technical,System Issue,Medium,Email,Consumer,Agent_07,Resolved,48,17.75,Met,5.0
TKT01302,2026-08-24 13:07:00,2026-08-24 22:56:12.333838062,East,Technical,Website Error,Medium,Chat,Consumer,Agent_05,Resolved,48,9.82,Met,3.0
TKT01303,2026-04-02 04:23:00,2026-04-02 23:28:11.561037410,South,Delivery,Wrong Item,Critical,Phone,Consumer,Agent_19,Resolved,12,19.09,Breached,3.0
TKT01304,2026-01-21 18:01:00,,North,Account,Account Access,Medium,Web,Consumer,Agent_16,Pending,48,,Pending,3.0
TKT01305,2026-03-25 22:05:00,2026-03-27 13:43:26.578929076,North,Payment,Duplicate Charge,Low,Chat,Consumer,Agent_12,Resolved,72,39.64,Met,5.0
TKT01306,2026-09-19 00:30:00,,West,Technical,System Issue,Low,Email,Consumer,Agent_19,Pending,72,,Pending,3.0
TKT01307,2026-05-27 21:12:00,2026-05-29 21:37:12.097591586,North,Technical,System Issue,Medium,Chat,Consumer,Agent_19,Resolved,48,48.42,Breached,2.0
TKT01308,2026-09-14 10:04:00,2026-09-16 03:34:38.243457593,East,Login,Account Locked,Low,Chat,Consumer,Agent_20,Resolved,72,41.51,Met,5.0
TKT01309,2026-02-27 21:34:00,2026-03-03 02:15:29.656117222,North,Payment,Duplicate Charge,Medium,Phone,Consumer,Agent_15,Closed,48,76.69,Breached,2.0
TKT01310,2026-01-15 23:37:00,2026-01-17 15:31:30.826927368,North,Payment,Card Declined,Medium,Phone,Business,Agent_09,Resolved,48,39.91,Met,3.0
TKT01311,2026-06-11 08:21:00,2026-06-12 04:35:55.876683130,East,Refund,Refund Request,High,Email,Consumer,Agent_08,Closed,24,20.25,Met,5.0
TKT01312,2026-06-12 18:27:00,2026-06-18 01:20:59.851232044,South,Account,Account Verification,Medium,Web,Consumer,Agent_19,Closed,48,126.9,Breached,3.0
TKT01313,2026-01-12 23:08:00,2026-01-13 10:59:45.763399998,South,Payment,Payment Failed,Critical,Phone,Consumer,Agent_07,Resolved,12,11.86,Met,4.0
TKT01314,2026-09-28 14:45:00,2026-09-30 03:19:45.191618241,East,Technical,Website Error,Low,Chat,Consumer,Agent_19,Resolved,72,36.58,Met,4.0
TKT01315,2026-07-27 09:08:00,2026-08-01 02:22:57.972287623,South,Technical,Website Error,Medium,Chat,Consumer,Agent_12,Resolved,48,113.25,Breached,2.0
TKT01316,2026-01-27 22:45:00,2026-01-29 13:47:44.271138631,West,Account,Profile Update,Low,Email,Consumer,Agent_03,Closed,72,39.05,Met,5.0
TKT01317,2026-03-13 13:58:00,2026-03-14 15:59:06.572860294,North,Login,Password Reset,High,Phone,Business,Agent_04,Resolved,24,26.02,Breached,3.0
TKT01318,2026-03-01 23:50:00,2026-03-02 04:55:18.416143708,North,Payment,Payment Failed,Critical,Web,Consumer,Agent_02,Resolved,12,5.09,Met,5.0
TKT01319,2026-05-25 18:36:00,2026-05-27 13:39:40.503568255,South,Account,Account Verification,High,Phone,Consumer,Agent_07,Resolved,24,43.06,Breached,3.0
TKT01320,2026-04-03 14:07:00,,South,Technical,Website Error,Medium,Email,Consumer,Agent_03,Pending,48,,Pending,3.0
TKT01321,2026-01-08 10:13:00,2026-01-11 14:46:53.960738101,South,Technical,Website Error,Medium,Web,Consumer,Agent_01,Resolved,48,76.56,Breached,2.0
TKT01322,2026-03-20 06:51:00,2026-03-21 16:54:34.064783028,East,Technical,Website Error,High,Phone,Consumer,Agent_12,Resolved,24,34.06,Breached,1.0
TKT01323,2026-01-27 07:11:00,2026-01-27 18:23:14.932908388,West,Login,Password Reset,Critical,Chat,Consumer,Agent_19,Resolved,12,11.2,Met,5.0
TKT01324,2026-06-23 11:17:00,2026-06-24 05:10:03.416461425,West,Technical,App Error,Critical,Email,Consumer,Agent_20,Closed,12,17.88,Breached,1.0
TKT01325,2026-02-19 02:38:00,2026-02-19 23:05:32.883186718,South,Technical,App Error,Medium,Web,Consumer,Agent_17,Resolved,48,20.46,Met,5.0
TKT01326,2026-07-18 00:13:00,2026-07-18 08:06:08.958386868,East,Technical,System Issue,Critical,Web,Business,Agent_18,Resolved,12,7.89,Met,5.0
TKT01327,2026-06-30 06:12:00,2026-06-30 17:33:08.855331044,South,Payment,Payment Failed,Low,Phone,Business,Agent_03,Resolved,72,11.35,Met,4.0
TKT01328,2026-01-24 03:44:00,2026-01-25 20:18:19.902542541,East,Account,Account Verification,Medium,Web,Consumer,Agent_13,Resolved,48,40.57,Met,4.0
TKT01329,2026-02-15 18:16:00,2026-02-16 04:50:49.439773441,East,Payment,Duplicate Charge,Low,Chat,Business,Agent_05,Resolved,72,10.58,Met,4.0
TKT01330,2026-01-15 21:12:00,2026-01-16 18:54:02.676885386,North,Payment,Payment Failed,Medium,Web,Business,Agent_19,Resolved,48,21.7,Met,5.0
TKT01331,2026-06-02 08:30:00,2026-06-02 21:08:30.107873929,South,Delivery,Damaged Item,High,Email,Consumer,Agent_19,Resolved,24,12.64,Met,5.0
TKT01332,2026-08-10 10:02:00,2026-08-11 15:55:52.321913235,North,Account,Account Access,High,Chat,Consumer,Agent_08,Resolved,24,29.9,Breached,1.0
TKT01333,2026-07-25 03:35:00,2026-07-27 01:06:46.645618922,North,Account,Account Access,High,Chat,Business,Agent_20,Resolved,24,45.53,Breached,3.0
TKT01334,2026-09-30 16:27:00,2026-10-02 12:15:16.043896342,West,Login,Account Locked,Medium,Phone,Consumer,Agent_16,Resolved,48,43.8,Met,5.0
TKT01335,2026-08-24 20:43:00,2026-08-26 12:44:56.054036913,East,Payment,Payment Failed,Medium,Chat,Consumer,Agent_05,Closed,48,40.03,Met,3.0
TKT01336,2026-08-16 13:59:00,2026-08-17 10:28:17.764505062,East,Account,Account Access,High,Web,Consumer,Agent_04,Resolved,24,20.49,Met,4.0
TKT01337,2026-01-09 12:06:00,2026-01-12 01:57:10.552673368,East,Delivery,Wrong Item,Medium,Web,Consumer,Agent_16,Resolved,48,61.85,Breached,2.0
TKT01338,2026-06-15 20:44:00,2026-06-16 08:18:18.737935391,East,Technical,System Issue,High,Phone,Business,Agent_14,Resolved,24,11.57,Met,4.0
TKT01339,2026-08-02 23:32:00,2026-08-03 06:54:58.982818652,North,Refund,Refund Pending,High,Web,Consumer,Agent_13,Resolved,24,7.38,Met,4.0
TKT01340,2026-04-27 09:13:00,2026-04-28 19:42:49.857922651,East,Payment,Payment Failed,High,Web,Consumer,Agent_20,Closed,24,34.5,Breached,1.0
TKT01341,2026-03-13 17:45:00,2026-03-15 04:29:09.453305875,West,Refund,Refund Request,Medium,Chat,Business,Agent_08,Resolved,48,34.74,Met,5.0
TKT01342,2026-03-05 11:15:00,2026-03-06 08:53:27.755420254,West,Account,Account Access,High,Phone,Consumer,Agent_18,Resolved,24,21.64,Met,3.0
TKT01343,2026-07-24 14:32:00,2026-07-26 03:41:20.366430562,North,Delivery,Damaged Item,Medium,Phone,Consumer,Agent_05,Closed,48,37.16,Met,4.0
TKT01344,2026-07-28 04:42:00,2026-07-29 22:47:38.510100369,North,Refund,Refund Pending,Medium,Web,Business,Agent_06,Resolved,48,42.09,Met,4.0
TKT01345,2026-03-13 18:01:00,2026-03-14 12:58:12.300619096,South,Delivery,Wrong Item,High,Web,Consumer,Agent_06,Closed,24,18.95,Met,5.0
TKT01346,2026-04-05 13:53:00,2026-04-06 07:24:13.337147085,South,Payment,Card Declined,Medium,Email,Business,Agent_20,Resolved,48,17.52,Met,5.0
TKT01347,2026-06-15 08:56:00,2026-06-17 12:42:37.292449339,East,Login,Password Reset,High,Phone,Consumer,Agent_17,Resolved,24,51.78,Breached,3.0
TKT01348,2026-02-01 18:16:00,,North,Payment,Card Declined,Medium,Chat,Business,Agent_16,Pending,48,,Pending,3.0
TKT01349,2026-01-11 15:22:00,2026-01-13 01:37:19.454907333,North,Technical,Website Error,Medium,Web,Consumer,Agent_05,Closed,48,34.26,Met,5.0
TKT01350,2026-08-05 19:12:00,2026-08-06 20:44:13.921128268,West,Account,Profile Update,High,Email,Consumer,Agent_20,Resolved,24,25.54,Breached,2.0
TKT01351,2026-04-12 14:01:00,2026-04-13 21:11:33.085063815,West,Technical,Website Error,Medium,Email,Business,Agent_03,Closed,48,31.18,Met,5.0
TKT01352,2026-09-24 15:47:00,2026-09-25 07:53:44.220728181,West,Technical,Website Error,Medium,Chat,Business,Agent_01,Resolved,48,16.11,Met,3.0
TKT01353,2026-08-02 11:04:00,2026-08-06 00:10:34.875934624,North,Delivery,Damaged Item,Medium,Web,Consumer,Agent_05,Resolved,48,85.11,Breached,3.0
TKT01354,2026-06-28 19:08:00,2026-06-29 19:33:02.434968836,South,Refund,Refund Pending,Medium,Chat,Business,Agent_03,Resolved,48,24.42,Met,3.0
TKT01355,2026-03-29 01:06:00,2026-03-29 11:35:59.916127632,North,Payment,Card Declined,High,Web,Consumer,Agent_16,Resolved,24,10.5,Met,5.0
TKT01356,2026-02-10 00:05:00,2026-02-11 02:31:24.357033718,North,Technical,App Error,Low,Email,Consumer,Agent_16,Resolved,72,26.44,Met,4.0
TKT01357,2026-03-17 10:36:00,2026-03-17 14:47:52.579748731,North,Payment,Payment Failed,High,Web,Business,Agent_04,Resolved,24,4.2,Met,4.0
TKT01358,2026-02-15 05:13:00,2026-02-16 05:40:51.880230795,South,Delivery,Wrong Item,High,Email,Consumer,Agent_03,Resolved,24,24.46,Breached,2.0
TKT01359,2026-06-09 22:29:00,2026-06-12 23:49:16.388256588,West,Payment,Payment Failed,Low,Phone,Consumer,Agent_12,Resolved,72,73.34,Breached,3.0
TKT01360,2026-03-21 09:24:00,2026-03-22 23:45:24.943803613,East,Delivery,Late Delivery,High,Email,Consumer,Agent_17,Resolved,24,38.36,Breached,2.0
TKT01361,2026-03-27 13:45:00,2026-03-28 08:51:00.764124055,East,Technical,Website Error,Medium,Chat,Consumer,Agent_12,Closed,48,19.1,Met,4.0
TKT01362,2026-04-02 08:25:00,2026-04-03 22:02:51.931471504,East,Payment,Payment Failed,Low,Email,Business,Agent_10,Resolved,72,37.63,Met,4.0
TKT01363,2026-05-28 18:25:00,2026-05-29 03:05:53.447133090,South,Refund,Refund Failed,Medium,Web,Consumer,Agent_02,Closed,48,8.68,Met,3.0
TKT01364,2026-06-10 17:05:00,2026-06-12 11:58:35.446190524,South,Payment,Duplicate Charge,Medium,Chat,Consumer,Agent_10,Resolved,48,42.89,Met,4.0
TKT01365,2026-07-21 03:23:00,2026-07-21 18:51:29.766698472,East,Login,OTP Issue,High,Chat,Consumer,Agent_02,Closed,24,15.47,Met,3.0
TKT01366,2026-08-30 11:01:00,2026-09-01 09:22:13.642540956,East,Payment,Card Declined,Medium,Phone,Business,Agent_17,Resolved,48,46.35,Met,5.0
TKT01367,2026-01-02 13:24:00,2026-01-04 00:20:36.847000100,South,Login,OTP Issue,Medium,Phone,Consumer,Agent_05,Closed,48,34.94,Met,5.0
TKT01368,2026-08-13 06:43:00,2026-08-13 17:29:46.512598288,East,Login,Account Locked,High,Phone,Consumer,Agent_02,Resolved,24,10.78,Met,4.0
TKT01369,2026-08-21 18:46:00,2026-08-22 23:20:12.249966352,North,Technical,Website Error,High,Chat,Consumer,Agent_14,Resolved,24,28.57,Breached,1.0
TKT01370,2026-03-18 08:55:00,2026-03-20 14:11:13.773549838,West,Payment,Payment Failed,Medium,Chat,Consumer,Agent_10,Resolved,48,53.27,Breached,2.0
TKT01371,2026-04-26 23:11:00,,South,Technical,System Issue,High,Web,Consumer,Agent_15,Pending,24,,Pending,3.0
TKT01372,2026-06-03 20:35:00,2026-06-04 22:41:14.216841903,West,Delivery,Late Delivery,Medium,Chat,Consumer,Agent_05,Closed,48,26.1,Met,5.0
TKT01373,2026-04-13 09:36:00,2026-04-13 23:23:47.766427634,East,Account,Account Access,High,Phone,Consumer,Agent_14,Resolved,24,13.8,Met,4.0
TKT01374,2026-07-13 20:32:00,2026-07-16 10:38:21.302227465,East,Login,OTP Issue,Medium,Email,Consumer,Agent_18,Resolved,48,62.11,Breached,3.0
TKT01375,2026-06-15 12:42:00,2026-06-16 10:01:08.325629086,South,Delivery,Wrong Item,High,Web,Consumer,Agent_13,Closed,24,21.32,Met,3.0
TKT01376,2026-03-31 01:56:00,,South,Payment,Payment Failed,Medium,Web,Consumer,Agent_13,Pending,48,,Pending,3.0
TKT01377,2026-06-23 10:27:00,2026-06-24 06:23:02.417066318,North,Technical,Website Error,Low,Email,Consumer,Agent_03,Resolved,72,19.93,Met,5.0
TKT01378,2026-05-02 12:28:00,2026-05-03 06:39:57.107008737,South,Payment,Card Declined,Medium,Web,Consumer,Agent_04,Closed,48,18.2,Met,3.0
TKT01379,2026-05-23 01:44:00,2026-05-24 05:08:29.015835001,West,Technical,Website Error,Medium,Phone,Business,Agent_05,Resolved,48,27.41,Met,4.0
TKT01380,2026-04-16 08:14:00,,South,Technical,Website Error,High,Phone,Business,Agent_10,Pending,24,,Pending,2.0
TKT01381,2026-05-03 00:45:00,2026-05-03 22:34:04.199862097,North,Login,Account Locked,Medium,Web,Business,Agent_02,Closed,48,21.82,Met,4.0
TKT01382,2026-01-09 13:42:00,2026-01-10 09:25:51.002361339,West,Login,Password Reset,High,Web,Consumer,Agent_09,Resolved,24,19.73,Met,4.0
TKT01383,2026-09-19 22:34:00,2026-09-21 05:46:15.461057797,East,Refund,Refund Request,High,Web,Consumer,Agent_09,Resolved,24,31.2,Breached,3.0
TKT01384,2026-03-14 20:39:00,2026-03-15 22:15:33.728483991,South,Payment,Payment Failed,High,Chat,Business,Agent_10,Resolved,24,25.61,Breached,4.0
TKT01385,2026-08-11 16:21:00,2026-08-14 03:25:08.948336239,East,Delivery,Wrong Item,Low,Chat,Consumer,Agent_12,Resolved,72,59.07,Met,5.0
TKT01386,2026-02-10 15:59:00,2026-02-11 08:56:02.442824560,North,Account,Account Verification,Critical,Chat,Consumer,Agent_15,Closed,12,16.95,Breached,2.0
TKT01387,2026-07-23 14:04:00,2026-07-24 01:57:20.368243978,South,Login,Password Reset,High,Email,Consumer,Agent_03,Closed,24,11.89,Met,5.0
TKT01388,2026-09-21 07:28:00,2026-09-21 22:18:14.397374590,North,Technical,Website Error,High,Email,Business,Agent_09,Resolved,24,14.84,Met,5.0
TKT01389,2026-06-27 08:55:00,2026-06-28 06:56:12.658283709,East,Technical,System Issue,Medium,Phone,Consumer,Agent_07,Closed,48,22.02,Met,4.0
TKT01390,2026-03-25 08:30:00,2026-03-27 02:31:47.620387873,West,Payment,Duplicate Charge,Medium,Web,Business,Agent_16,Resolved,48,42.03,Met,3.0
TKT01391,2026-04-21 08:59:00,2026-04-22 04:32:55.292239166,North,Technical,App Error,Low,Web,Consumer,Agent_04,Closed,72,19.57,Met,5.0
TKT01392,2026-09-08 00:15:00,2026-09-13 10:55:00.845482533,South,Account,Account Verification,Medium,Web,Consumer,Agent_14,Closed,48,130.67,Breached,3.0
TKT01393,2026-01-07 04:02:00,2026-01-08 10:34:14.745383678,South,Payment,Payment Failed,Low,Phone,Consumer,Agent_05,Closed,72,30.54,Met,3.0
TKT01394,2026-03-25 20:30:00,2026-03-26 12:00:11.386957543,East,Payment,Payment Failed,Medium,Chat,Consumer,Agent_16,Resolved,48,15.5,Met,4.0
TKT01395,2026-07-27 15:11:00,2026-07-28 14:58:08.914561904,East,Delivery,Late Delivery,Medium,Email,Consumer,Agent_20,Resolved,48,23.79,Met,5.0
TKT01396,2026-01-22 21:34:00,2026-01-23 22:11:47.106960405,East,Account,Profile Update,Medium,Email,Consumer,Agent_14,Resolved,48,24.63,Met,4.0
TKT01397,2026-01-03 12:40:00,2026-01-05 21:29:39.425900822,East,Login,OTP Issue,Medium,Phone,Consumer,Agent_13,Resolved,48,56.83,Breached,2.0
TKT01398,2026-05-07 11:44:00,2026-05-08 04:40:48.830591378,South,Delivery,Damaged Item,High,Web,Consumer,Agent_14,Resolved,24,16.95,Met,5.0
TKT01399,2026-07-07 01:54:00,2026-07-09 18:19:39.941410944,South,Technical,App Error,Low,Web,Business,Agent_05,Closed,72,64.43,Met,3.0
TKT01400,2026-01-14 22:02:00,2026-01-15 19:32:36.203026024,South,Payment,Card Declined,High,Email,Consumer,Agent_19,Resolved,24,21.51,Met,5.0
TKT01401,2026-01-12 06:36:00,2026-01-13 02:48:06.210328978,North,Technical,System Issue,Low,Chat,Consumer,Agent_17,Resolved,72,20.2,Met,5.0
TKT01402,2026-03-28 06:33:00,2026-03-29 14:31:59.911987602,West,Delivery,Damaged Item,Low,Email,Business,Agent_01,Resolved,72,31.98,Met,4.0
TKT01403,2026-01-12 18:18:00,2026-01-13 22:44:29.667169514,West,Refund,Refund Failed,Low,Chat,Consumer,Agent_19,Resolved,72,28.44,Met,3.0
TKT01404,2026-01-25 16:17:00,2026-01-26 11:07:41.551729202,West,Payment,Payment Failed,High,Chat,Consumer,Agent_11,Resolved,24,18.84,Met,3.0
TKT01405,2026-08-31 18:46:00,2026-09-02 21:57:59.893084712,North,Login,OTP Issue,Medium,Chat,Consumer,Agent_10,Resolved,48,51.2,Breached,2.0
TKT01406,2026-05-02 04:56:00,2026-05-03 22:05:46.604718050,East,Technical,Website Error,High,Chat,Consumer,Agent_04,Resolved,24,41.16,Breached,3.0
TKT01407,2026-05-27 16:41:00,2026-05-29 13:35:25.832776352,East,Login,Password Reset,Medium,Web,Consumer,Agent_17,Resolved,48,44.91,Met,4.0
TKT01408,2026-02-24 02:57:00,2026-03-01 03:33:32.637568032,East,Payment,Duplicate Charge,Low,Email,Consumer,Agent_17,Resolved,72,120.61,Breached,3.0
TKT01409,2026-08-26 20:38:00,2026-08-27 01:45:58.029760711,South,Technical,Website Error,High,Email,Consumer,Agent_16,Resolved,24,5.13,Met,5.0
TKT01410,2026-06-22 16:06:00,2026-06-26 04:46:06.991837194,North,Account,Account Access,Low,Chat,Consumer,Agent_19,Closed,72,84.67,Breached,2.0
TKT01411,2026-08-09 05:14:00,2026-08-09 11:34:00.949893097,West,Login,OTP Issue,High,Phone,Business,Agent_20,Closed,24,6.33,Met,5.0
TKT01412,2026-04-29 17:42:00,2026-04-30 23:33:20.135887142,East,Login,Account Locked,Low,Web,Consumer,Agent_14,Resolved,72,29.86,Met,5.0
TKT01413,2026-07-02 04:18:00,2026-07-03 04:36:26.228200975,West,Technical,Website Error,Medium,Phone,Business,Agent_16,Resolved,48,24.31,Met,5.0
TKT01414,2026-03-23 00:06:00,2026-03-25 00:38:16.599027958,East,Technical,System Issue,High,Chat,Consumer,Agent_02,Closed,24,48.54,Breached,1.0
TKT01415,2026-07-30 00:48:00,2026-07-30 06:36:18.883735858,West,Technical,Website Error,Critical,Chat,Consumer,Agent_08,Resolved,12,5.81,Met,5.0
TKT01416,2026-05-30 02:40:00,2026-06-01 04:43:53.243883835,South,Account,Profile Update,Medium,Phone,Business,Agent_06,Resolved,48,50.06,Breached,2.0
TKT01417,2026-02-06 02:55:00,2026-02-06 11:20:26.329162443,North,Refund,Refund Failed,High,Email,Business,Agent_10,Resolved,24,8.42,Met,5.0
TKT01418,2026-02-28 17:05:00,2026-03-02 18:20:38.378112814,East,Login,Account Locked,Low,Email,Consumer,Agent_02,Closed,72,49.26,Met,4.0
TKT01419,2026-05-11 16:40:00,,East,Technical,Website Error,High,Phone,Consumer,Agent_19,Pending,24,,Pending,2.0
TKT01420,2026-07-21 07:34:00,2026-07-22 10:51:09.945722601,East,Account,Profile Update,High,Chat,Consumer,Agent_04,Resolved,24,27.29,Breached,2.0
TKT01421,2026-08-31 04:35:00,2026-08-31 14:08:36.854245854,East,Login,Password Reset,Low,Web,Consumer,Agent_06,Resolved,72,9.56,Met,4.0
TKT01422,2026-02-04 08:17:00,2026-02-05 12:23:06.425936629,North,Login,OTP Issue,Medium,Chat,Business,Agent_13,Resolved,48,28.1,Met,4.0
TKT01423,2026-04-03 11:15:00,,North,Technical,System Issue,Low,Email,Consumer,Agent_01,Pending,72,,Pending,3.0
TKT01424,2026-07-26 17:31:00,2026-07-28 09:42:52.749178652,East,Account,Account Access,Medium,Email,Business,Agent_05,Closed,48,40.2,Met,5.0
TKT01425,2026-08-01 22:36:00,2026-08-05 02:08:13.655639540,West,Login,Account Locked,Low,Chat,Consumer,Agent_07,Resolved,72,75.54,Breached,1.0
TKT01426,2026-06-08 17:04:00,2026-06-10 22:31:00.376306909,South,Account,Account Access,Medium,Email,Business,Agent_14,Closed,48,53.45,Breached,2.0
TKT01427,2026-01-24 20:11:00,2026-01-25 03:26:42.034011296,East,Account,Profile Update,Critical,Phone,Consumer,Agent_19,Resolved,12,7.26,Met,5.0
TKT01428,2026-01-04 00:55:00,2026-01-05 18:16:36.108537404,South,Payment,Card Declined,Low,Phone,Consumer,Agent_11,Resolved,72,41.36,Met,4.0
TKT01429,2026-08-08 09:06:00,2026-08-10 03:30:45.936261277,West,Delivery,Wrong Item,Medium,Email,Consumer,Agent_18,Resolved,48,42.41,Met,5.0
TKT01430,2026-01-20 18:55:00,2026-01-22 05:00:14.363848860,East,Account,Account Access,Medium,Chat,Business,Agent_18,Resolved,48,34.09,Met,4.0
TKT01431,2026-06-01 22:13:00,2026-06-02 18:38:43.202984419,East,Technical,Website Error,Critical,Phone,Consumer,Agent_06,Resolved,12,20.43,Breached,2.0
TKT01432,2026-02-19 00:35:00,2026-02-20 08:47:46.165239734,South,Payment,Card Declined,Medium,Email,Consumer,Agent_06,Closed,48,32.21,Met,3.0
TKT01433,2026-06-26 07:18:00,2026-06-28 14:46:59.160550893,East,Payment,Payment Failed,Medium,Email,Business,Agent_07,Resolved,48,55.48,Breached,4.0
TKT01434,2026-04-06 09:54:00,2026-04-07 14:33:13.549759394,West,Login,OTP Issue,Medium,Web,Consumer,Agent_17,Resolved,48,28.65,Met,5.0
TKT01435,2026-04-15 22:28:00,2026-04-17 12:22:55.581575572,North,Technical,System Issue,Medium,Chat,Consumer,Agent_19,Resolved,48,37.92,Met,5.0
TKT01436,2026-09-07 05:06:00,2026-09-09 00:47:20.646789608,South,Login,Password Reset,Low,Email,Consumer,Agent_05,Resolved,72,43.69,Met,4.0
TKT01437,2026-04-27 10:18:00,2026-04-28 06:48:34.570547528,North,Payment,Card Declined,Medium,Phone,Consumer,Agent_07,Resolved,48,20.51,Met,5.0
TKT01438,2026-08-16 18:52:00,2026-08-19 09:53:58.195519374,South,Account,Account Verification,Low,Email,Consumer,Agent_06,Resolved,72,63.03,Met,5.0
TKT01439,2026-03-07 23:15:00,2026-03-10 20:45:04.073234191,North,Technical,App Error,Medium,Chat,Consumer,Agent_17,Resolved,48,69.5,Breached,2.0
TKT01440,2026-09-19 05:56:00,2026-09-21 03:04:18.991343342,West,Technical,System Issue,Medium,Email,Consumer,Agent_19,Resolved,48,45.14,Met,5.0
TKT01441,2026-08-31 03:00:00,2026-09-01 12:05:48.819601564,West,Login,OTP Issue,Medium,Phone,Consumer,Agent_12,Resolved,48,33.1,Met,5.0
TKT01442,2026-07-05 22:59:00,2026-07-08 17:35:12.171455186,East,Login,Password Reset,Low,Phone,Consumer,Agent_07,Resolved,72,66.6,Met,4.0
TKT01443,2026-09-03 01:07:00,2026-09-03 12:08:02.406134366,West,Payment,Duplicate Charge,Critical,Email,Consumer,Agent_12,Resolved,12,11.02,Met,3.0
TKT01444,2026-05-05 04:51:00,2026-05-06 00:41:42.961315210,West,Technical,App Error,High,Web,Consumer,Agent_17,Resolved,24,19.85,Met,5.0
TKT01445,2026-09-25 11:31:00,2026-09-28 11:33:13.437706290,East,Payment,Duplicate Charge,Low,Chat,Business,Agent_15,Resolved,72,72.04,Breached,2.0
TKT01446,2026-05-11 03:00:00,2026-05-12 20:43:22.352451096,South,Delivery,Wrong Item,Medium,Phone,Business,Agent_16,Closed,48,41.72,Met,5.0
TKT01447,2026-08-25 07:13:00,2026-08-26 22:03:15.013444423,West,Account,Account Access,Medium,Chat,Consumer,Agent_01,Resolved,48,38.84,Met,5.0
TKT01448,2026-01-18 15:13:00,2026-01-20 03:06:36.403546146,West,Login,Password Reset,Low,Chat,Business,Agent_11,Closed,72,35.89,Met,3.0
TKT01449,2026-02-09 01:05:00,2026-02-10 01:45:16.159680404,North,Delivery,Wrong Item,Medium,Phone,Consumer,Agent_01,Resolved,48,24.67,Met,4.0
TKT01450,2026-01-21 17:24:00,2026-01-23 06:33:27.683545683,West,Account,Profile Update,Medium,Email,Consumer,Agent_13,Resolved,48,37.16,Met,5.0
TKT01451,2026-08-13 06:23:00,2026-08-13 16:22:28.933959872,East,Payment,Payment Failed,Critical,Chat,Consumer,Agent_20,Closed,12,9.99,Met,3.0
TKT01452,2026-01-08 00:38:00,2026-01-08 19:16:07.101599715,West,Refund,Refund Pending,High,Email,Business,Agent_17,Resolved,24,18.64,Met,4.0
TKT01453,2026-04-10 21:48:00,2026-04-12 04:07:02.877308533,North,Account,Account Verification,Medium,Web,Consumer,Agent_16,Resolved,48,30.32,Met,4.0
TKT01454,2026-08-28 13:41:00,2026-08-29 15:13:11.223959366,West,Payment,Payment Failed,Medium,Web,Business,Agent_17,Closed,48,25.54,Met,5.0
TKT01455,2026-03-28 10:01:00,2026-03-28 23:45:34.805182560,North,Payment,Duplicate Charge,Critical,Chat,Consumer,Agent_14,Resolved,12,13.74,Breached,4.0
TKT01456,2026-01-14 13:04:00,2026-01-15 02:31:38.549284390,West,Payment,Payment Failed,Critical,Phone,Consumer,Agent_05,Resolved,12,13.46,Breached,3.0
TKT01457,2026-01-02 22:39:00,2026-01-03 08:42:05.206843162,South,Payment,Payment Failed,Critical,Chat,Consumer,Agent_13,Closed,12,10.05,Met,5.0
TKT01458,2026-02-10 20:11:00,2026-02-12 02:20:17.152700198,East,Account,Account Access,Low,Email,Consumer,Agent_18,Closed,72,30.15,Met,4.0
TKT01459,2026-04-21 11:10:00,2026-04-22 09:17:53.877616240,West,Login,OTP Issue,Low,Email,Business,Agent_07,Closed,72,22.13,Met,5.0
TKT01460,2026-01-14 21:06:00,2026-01-15 17:02:53.792177474,South,Account,Profile Update,High,Chat,Business,Agent_17,Resolved,24,19.95,Met,4.0
TKT01461,2026-08-19 18:16:00,2026-08-21 06:20:51.885473080,South,Account,Account Access,Medium,Chat,Business,Agent_11,Closed,48,36.08,Met,5.0
TKT01462,2026-03-25 07:58:00,2026-03-29 22:44:46.166672989,East,Delivery,Damaged Item,Low,Chat,Consumer,Agent_17,Closed,72,110.78,Breached,3.0
TKT01463,2026-05-10 09:20:00,2026-05-11 14:10:01.248472323,North,Delivery,Wrong Item,Low,Web,Consumer,Agent_19,Closed,72,28.83,Met,5.0
TKT01464,2026-08-19 01:40:00,2026-08-20 04:39:01.366730494,South,Payment,Duplicate Charge,High,Phone,Consumer,Agent_06,Resolved,24,26.98,Breached,4.0
TKT01465,2026-05-25 08:33:00,2026-05-26 00:09:16.678186408,East,Technical,App Error,High,Email,Business,Agent_20,Resolved,24,15.6,Met,5.0
TKT01466,2026-01-28 02:55:00,2026-01-29 23:56:08.362507601,West,Delivery,Wrong Item,Medium,Web,Consumer,Agent_18,Resolved,48,45.02,Met,3.0
TKT01467,2026-03-07 03:57:00,2026-03-08 04:15:25.059097382,North,Payment,Payment Failed,High,Web,Business,Agent_10,Resolved,24,24.31,Breached,2.0
TKT01468,2026-06-12 15:09:00,2026-06-13 13:17:15.199260716,North,Payment,Payment Failed,Medium,Chat,Consumer,Agent_01,Resolved,48,22.14,Met,5.0
TKT01469,2026-08-17 18:02:00,2026-08-18 04:05:21.649777812,North,Account,Profile Update,High,Email,Consumer,Agent_01,Resolved,24,10.06,Met,5.0
TKT01470,2026-09-18 18:42:00,2026-09-19 08:05:30.397199870,South,Delivery,Late Delivery,Medium,Email,Consumer,Agent_15,Closed,48,13.39,Met,4.0
TKT01471,2026-06-13 14:30:00,2026-06-16 04:26:09.740723110,South,Technical,App Error,Low,,Consumer,Agent_06,Resolved,72,61.94,Met,5.0
TKT01472,2026-01-10 08:14:00,2026-01-11 02:40:47.275292659,East,Delivery,Damaged Item,Medium,Email,Consumer,Agent_07,Resolved,48,18.45,Met,4.0
TKT01473,2026-07-14 15:46:00,2026-07-15 08:45:30.447729240,North,Account,Account Access,Medium,Chat,Consumer,Agent_10,Resolved,48,16.99,Met,3.0
TKT01474,2026-04-28 12:34:00,2026-04-30 11:15:18.498302354,North,Technical,Website Error,Medium,Web,Consumer,Agent_04,Resolved,48,46.69,Met,5.0
TKT01475,2026-09-27 22:00:00,2026-09-29 13:21:05.170163360,East,Payment,Payment Failed,Low,Web,Consumer,Agent_14,Resolved,72,39.35,Met,5.0
TKT01476,2026-03-21 03:30:00,2026-03-21 22:14:18.633850476,West,Refund,Refund Failed,Critical,Web,Consumer,Agent_08,Closed,12,18.74,Breached,2.0
TKT01477,2026-04-03 19:06:00,2026-04-06 01:47:45.734204907,North,Technical,System Issue,Low,Web,Business,Agent_01,Resolved,72,54.7,Met,3.0
TKT01478,2026-09-23 20:52:00,2026-09-26 14:31:16.615428728,North,Payment,Card Declined,Low,Email,Business,Agent_02,Resolved,72,65.65,Met,5.0
TKT01479,2026-09-14 23:31:00,,East,Login,Password Reset,Medium,Email,Business,Agent_19,Pending,48,,Pending,3.0
TKT01480,2026-05-13 02:19:00,2026-05-14 00:27:58.060862610,East,Account,Account Verification,Medium,Phone,Consumer,Agent_10,Resolved,48,22.15,Met,3.0
TKT01481,2026-09-21 09:00:00,2026-09-23 16:05:06.679275165,South,Technical,App Error,Medium,Chat,Business,Agent_04,Resolved,48,55.09,Breached,1.0
TKT01482,2026-06-20 23:34:00,2026-06-21 12:19:15.180772989,West,Technical,System Issue,High,Email,Consumer,Agent_17,Closed,24,12.75,Met,4.0
TKT01483,2026-01-01 04:29:00,2026-01-02 20:33:17.096559855,South,Technical,App Error,Medium,Email,Business,Agent_16,Resolved,48,40.07,Met,5.0
TKT01484,2026-03-05 17:15:00,2026-03-07 19:29:28.004605983,South,Refund,Refund Failed,Medium,Chat,Consumer,Agent_05,Closed,48,50.24,Breached,2.0
TKT01485,2026-05-01 23:32:00,,East,Payment,Payment Failed,High,Chat,Consumer,Agent_10,Pending,24,,Pending,2.0
TKT01486,2026-04-17 22:40:00,2026-04-20 00:45:57.582691512,South,Delivery,Late Delivery,Low,Email,Consumer,Agent_11,Closed,72,50.1,Met,5.0
TKT01487,2026-06-24 08:25:00,2026-06-25 05:01:36.973550444,West,Refund,Refund Failed,Medium,Web,Consumer,Agent_01,Resolved,48,20.61,Met,5.0
TKT01488,2026-07-23 18:49:00,2026-07-24 20:47:09.497841276,North,Payment,Payment Failed,High,Phone,Consumer,Agent_13,Resolved,24,25.97,Breached,1.0
TKT01489,2026-06-14 00:31:00,2026-06-15 20:15:32.660454184,South,Refund,Refund Request,Low,Phone,Consumer,Agent_20,Resolved,72,43.74,Met,4.0
TKT01490,2026-04-30 18:17:00,2026-05-04 06:04:39.788879719,South,Refund,Refund Request,Medium,Chat,Consumer,Agent_02,Closed,48,83.79,Breached,2.0
TKT01491,2026-02-13 19:54:00,2026-02-14 05:49:54.864040242,South,Refund,Refund Pending,Critical,Web,Consumer,Agent_01,Closed,12,9.93,Met,4.0
TKT01492,2026-06-05 18:12:00,2026-06-07 22:02:28.490379399,West,Payment,Payment Failed,Medium,Chat,Business,Agent_14,Closed,48,51.84,Breached,1.0
TKT01493,2026-07-26 13:32:00,2026-07-27 03:15:26.715444168,West,Delivery,Late Delivery,Medium,Phone,Consumer,Agent_12,Resolved,48,13.72,Met,4.0
TKT01494,2026-04-18 06:01:00,2026-04-18 22:54:53.182977982,West,Account,Account Access,Critical,Phone,Consumer,Agent_11,Resolved,12,16.9,Breached,4.0
TKT01495,2026-09-08 15:28:00,2026-09-09 20:46:47.707114392,East,Refund,Refund Request,Low,Web,Consumer,Agent_01,Resolved,72,29.31,Met,5.0
TKT01496,2026-05-10 01:39:00,2026-05-10 14:29:30.242954508,North,Payment,Duplicate Charge,Low,Phone,Consumer,Agent_14,Resolved,72,12.84,Met,5.0
TKT01497,2026-01-20 00:08:00,2026-01-21 12:13:49.027312953,East,Account,Profile Update,High,Phone,Consumer,Agent_08,Closed,24,36.1,Breached,3.0
TKT01498,2026-01-01 11:36:00,2026-01-02 00:43:49.755671893,North,Technical,System Issue,High,Web,Consumer,Agent_18,Resolved,24,13.13,Met,5.0
TKT01499,2026-04-29 17:32:00,2026-05-01 06:23:51.142924861,South,Payment,Payment Failed,Medium,Phone,Consumer,Agent_05,Resolved,48,36.86,Met,4.0
TKT01500,2026-02-04 18:57:00,2026-02-07 01:37:30.767108743,West,Login,Account Locked,Medium,Chat,Consumer,Agent_03,Closed,48,54.68,Breached,2.0
TKT01501,2026-07-17 07:41:00,2026-07-18 00:54:07.637785035,West,Account,Profile Update,High,Chat,Consumer,Agent_06,Resolved,24,17.22,Met,5.0
TKT01502,2026-09-02 15:20:00,2026-09-03 14:53:44.545523724,West,Login,Account Locked,High,Chat,Consumer,Agent_05,Closed,24,23.56,Met,5.0
TKT01503,2026-02-28 19:26:00,2026-03-04 05:53:44.589274772,South,Login,Password Reset,Medium,Chat,Consumer,Agent_02,Resolved,48,82.46,Breached,1.0
TKT01504,2026-06-10 06:29:00,2026-06-11 22:14:47.421132591,North,Refund,Refund Failed,Low,Email,Consumer,Agent_03,Closed,72,39.76,Met,4.0
TKT01505,2026-06-28 10:31:00,2026-06-29 13:37:17.865902786,East,Technical,System Issue,Medium,Phone,Consumer,Agent_04,Resolved,48,27.1,Met,5.0
TKT01506,2026-07-25 11:21:00,2026-07-26 01:47:10.610006852,East,Delivery,Late Delivery,High,Phone,Consumer,Agent_01,Resolved,24,14.44,Met,4.0
TKT01507,2026-01-12 02:36:00,2026-01-15 17:32:54.123079952,South,Technical,Website Error,High,Chat,Consumer,Agent_16,Resolved,24,86.95,Breached,2.0
TKT01508,2026-06-30 05:34:00,2026-06-30 15:44:21.435838413,North,Technical,Website Error,Critical,Phone,Consumer,Agent_19,Closed,12,10.17,Met,4.0
TKT01509,2026-08-30 04:19:00,2026-08-31 15:20:58.531826028,West,Delivery,Damaged Item,High,Email,Consumer,Agent_08,Resolved,24,35.03,Breached,2.0
TKT01510,2026-08-04 01:21:00,2026-08-05 17:58:38.603464550,North,Refund,Refund Failed,Medium,Email,Consumer,Agent_02,Resolved,48,40.63,Met,3.0
TKT01511,2026-09-08 12:33:00,,North,Login,OTP Issue,Medium,Email,Business,Agent_03,Pending,48,,Pending,2.0
TKT01512,2026-05-06 19:55:00,2026-05-08 18:04:32.613287068,West,Account,Profile Update,High,Web,Consumer,Agent_14,Resolved,24,46.16,Breached,3.0
TKT01513,2026-08-05 20:54:00,2026-08-08 19:29:47.312509808,North,Payment,Card Declined,High,Chat,Consumer,Agent_07,Closed,24,70.6,Breached,1.0
TKT01514,2026-07-04 11:59:00,2026-07-06 06:00:46.695669823,South,Payment,Card Declined,Medium,Phone,Consumer,Agent_13,Resolved,48,42.03,Met,5.0
TKT01515,2026-02-08 01:14:00,2026-02-11 12:13:29.390353569,East,Login,Account Locked,Low,Email,Consumer,Agent_07,Resolved,72,82.99,Breached,1.0
TKT01516,2026-08-11 21:33:00,2026-08-13 00:33:28.169029393,South,Payment,Payment Failed,Critical,Email,Consumer,Agent_16,Resolved,12,27.01,Breached,1.0
TKT01517,2026-07-03 10:25:00,2026-07-04 08:36:02.105545948,North,Technical,System Issue,Medium,Phone,Business,Agent_03,Resolved,48,22.18,Met,5.0
TKT01518,2026-06-27 01:01:00,2026-06-27 20:45:33.573061392,West,Login,Account Locked,Medium,Phone,Business,Agent_05,Resolved,48,19.74,Met,5.0
TKT01519,2026-05-31 14:33:00,2026-06-03 05:36:28.062745275,East,Payment,Card Declined,Medium,Web,Consumer,Agent_03,Resolved,48,63.06,Breached,3.0
TKT01520,2026-05-06 05:19:00,2026-05-08 13:12:25.987673698,South,Technical,Website Error,High,Email,Consumer,Agent_15,Resolved,24,55.89,Breached,1.0
TKT01521,2026-08-22 01:41:00,2026-08-23 14:24:26.439578623,North,Login,Account Locked,Low,Email,Consumer,Agent_20,Resolved,72,36.72,Met,4.0
TKT01522,2026-01-08 14:33:00,2026-01-09 22:43:57.540751053,West,Delivery,Damaged Item,High,Web,Consumer,Agent_11,Resolved,24,32.18,Breached,3.0
TKT01523,2026-05-09 15:53:00,2026-05-10 14:06:53.842742410,South,Refund,Refund Request,Medium,Web,Consumer,Agent_18,Resolved,48,22.23,Met,3.0
TKT01524,2026-09-21 04:14:00,2026-09-24 05:12:27.654015997,North,Delivery,Damaged Item,Low,Phone,Consumer,Agent_05,Resolved,72,72.97,Breached,3.0
TKT01525,2026-06-06 09:29:00,,West,Technical,App Error,Medium,Chat,Consumer,Agent_13,Pending,48,,Pending,3.0
TKT01526,2026-01-05 01:51:00,2026-01-05 22:09:33.376201174,South,Refund,Refund Request,High,Phone,Consumer,Agent_01,Resolved,24,20.31,Met,5.0
TKT01527,2026-03-27 16:24:00,2026-03-27 22:39:13.370731592,West,Account,Profile Update,Critical,Web,Consumer,Agent_14,Resolved,12,6.25,Met,5.0
TKT01528,2026-06-24 22:16:00,2026-06-25 11:51:20.572454108,South,Payment,Payment Failed,High,Chat,Consumer,Agent_09,Resolved,24,13.59,Met,4.0
TKT01529,2026-07-12 16:37:00,2026-07-13 01:45:58.585722284,South,Payment,Duplicate Charge,Critical,Web,Consumer,Agent_09,Closed,12,9.15,Met,4.0
TKT01530,2026-04-29 07:40:00,2026-05-03 09:35:50.476466366,North,Delivery,Late Delivery,Low,Email,Business,Agent_04,Resolved,72,97.93,Breached,3.0
TKT01531,2026-08-06 11:47:00,2026-08-08 08:41:37.722859477,East,Login,Password Reset,Low,Web,Business,Agent_02,Resolved,72,44.91,Met,5.0
TKT01532,2026-04-24 14:46:00,2026-04-25 05:29:54.992489516,East,Account,Account Access,Medium,Chat,Business,Agent_16,Closed,48,14.73,Met,3.0
TKT01533,2026-05-25 18:35:00,2026-05-26 13:15:16.322114132,West,Account,Profile Update,Medium,Chat,Business,Agent_05,Resolved,48,18.67,Met,4.0
TKT01534,2026-01-26 17:55:00,2026-01-28 23:54:59.863149880,West,Delivery,Damaged Item,High,Email,Business,Agent_20,Resolved,24,54.0,Breached,2.0
TKT01535,2026-05-16 08:39:00,2026-05-17 17:10:50.233936407,West,Refund,Refund Pending,High,Email,Consumer,Agent_18,Closed,24,32.53,Breached,2.0
TKT01536,2026-08-20 13:31:00,2026-08-20 22:04:16.173483148,West,Login,Password Reset,Critical,Chat,Business,Agent_02,Resolved,12,8.55,Met,3.0
TKT01537,2026-03-17 18:41:00,2026-03-19 08:44:36.871991013,West,Payment,Payment Failed,Medium,Phone,Consumer,Agent_14,Resolved,48,38.06,Met,5.0
TKT01538,2026-01-01 03:55:00,2026-01-03 15:50:25.816029376,North,Account,Account Access,Medium,Web,Consumer,Agent_15,Resolved,48,59.92,Breached,2.0
TKT01539,2026-05-27 23:17:00,2026-05-29 05:20:17.523309988,West,Technical,Website Error,Medium,Phone,Consumer,Agent_10,Resolved,48,30.05,Met,5.0
TKT01540,2026-05-22 15:26:00,2026-05-23 17:30:40.224491450,East,Account,Profile Update,Low,Email,Consumer,Agent_16,Resolved,72,26.08,Met,5.0
TKT01541,2026-02-22 09:16:00,2026-02-22 20:45:00.506566478,East,Refund,Refund Request,Medium,Web,Consumer,Agent_08,Resolved,48,11.48,Met,4.0
TKT01542,2026-03-10 10:48:00,2026-03-12 07:53:49.622593344,South,Delivery,Wrong Item,Medium,Web,Consumer,Agent_14,Resolved,48,45.1,Met,3.0
TKT01543,2026-03-31 03:53:00,2026-04-01 16:15:08.484389727,South,Delivery,Damaged Item,Medium,Email,Consumer,Agent_20,Resolved,48,36.37,Met,5.0
TKT01544,2026-08-08 17:35:00,,North,Login,Account Locked,Medium,Phone,Consumer,Agent_10,Pending,48,,Pending,3.0
TKT01545,2026-07-11 21:52:00,2026-07-14 16:45:04.991929494,North,Technical,Website Error,Low,Phone,Consumer,Agent_13,Closed,72,66.88,Met,3.0
TKT01546,2026-03-04 09:38:00,2026-03-06 23:08:23.074861327,West,Technical,Website Error,Medium,Email,Consumer,Agent_19,Resolved,48,61.51,Breached,4.0
TKT01547,2026-03-14 09:01:00,2026-03-15 18:40:47.648983024,South,Delivery,Wrong Item,Medium,Phone,Consumer,Agent_02,Resolved,48,33.66,Met,4.0
TKT01548,2026-06-10 01:53:00,2026-06-11 16:37:00.875606074,North,Account,Profile Update,Low,Chat,Consumer,Agent_05,Resolved,72,38.73,Met,4.0
TKT01549,2026-06-18 03:23:00,2026-06-18 16:39:07.303768499,North,Delivery,Wrong Item,Medium,Email,Consumer,Agent_14,Resolved,48,13.27,Met,4.0
TKT01550,2026-03-30 17:32:00,,East,Payment,Payment Failed,Medium,Chat,Consumer,Agent_08,Pending,48,,Pending,4.0
TKT01551,2026-06-25 10:42:00,,North,Login,Password Reset,Medium,Chat,Consumer,Agent_01,Pending,48,,Pending,2.0
TKT01552,2026-09-26 07:53:00,2026-09-27 20:56:43.297491715,North,Account,Account Verification,Low,Chat,Business,Agent_05,Resolved,72,37.06,Met,4.0
TKT01553,2026-03-14 11:36:00,2026-03-16 11:56:48.908097848,South,Login,Account Locked,Medium,Web,Consumer,Agent_11,Resolved,48,48.35,Breached,2.0
TKT01554,2026-09-02 04:12:00,2026-09-03 21:28:59.926030791,West,Login,Account Locked,High,Chat,Consumer,Agent_08,Closed,24,41.28,Breached,3.0
TKT01555,2026-03-18 15:04:00,2026-03-22 05:16:55.735103440,West,Account,Account Access,Medium,Phone,Consumer,Agent_17,Closed,48,86.22,Breached,3.0
TKT01556,2026-06-08 06:25:00,2026-06-09 14:42:03.949930932,North,Delivery,Late Delivery,High,Email,Consumer,Agent_10,Resolved,24,32.28,Breached,2.0
TKT01557,2026-04-08 01:01:00,2026-04-09 03:21:24.521419060,South,Technical,Website Error,Medium,Phone,Consumer,Agent_14,Resolved,48,26.34,Met,5.0
TKT01558,2026-04-12 08:34:00,2026-04-12 23:47:46.321927024,West,Refund,Refund Request,Medium,Chat,Consumer,Agent_01,Resolved,48,15.23,Met,4.0
TKT01559,2026-05-12 07:09:00,2026-05-13 16:42:35.008657196,West,Payment,Card Declined,High,Chat,Consumer,Agent_05,Closed,24,33.56,Breached,2.0
TKT01560,2026-04-12 09:39:00,2026-04-14 13:24:02.841688260,North,Refund,Refund Pending,Medium,Chat,Consumer,Agent_15,Resolved,48,51.75,Breached,4.0
TKT01561,2026-01-19 19:24:00,2026-01-22 18:06:38.112798931,West,Payment,Card Declined,High,Chat,Consumer,Agent_10,Closed,24,70.71,Breached,2.0
TKT01562,2026-03-23 12:22:00,2026-03-27 15:03:45.910240036,West,Payment,Card Declined,Medium,Email,Consumer,Agent_15,Resolved,48,98.7,Breached,4.0
TKT01563,2026-05-09 22:03:00,2026-05-10 10:11:38.887873407,East,Refund,Refund Pending,Medium,Email,Consumer,Agent_01,Closed,48,12.14,Met,5.0
TKT01564,2026-03-30 11:14:00,2026-03-31 07:59:58.081127083,South,Technical,System Issue,High,Web,Business,Agent_11,Resolved,24,20.77,Met,3.0
TKT01565,2026-08-01 05:10:00,2026-08-05 00:42:59.291289106,North,Delivery,Late Delivery,Low,Email,Consumer,Agent_18,Resolved,72,91.55,Breached,3.0
TKT01566,2026-05-23 07:50:00,2026-05-25 14:21:27.242310068,North,Account,Account Verification,Medium,Chat,Consumer,Agent_06,Resolved,48,54.52,Breached,1.0
TKT01567,2026-03-06 23:36:00,2026-03-09 17:07:28.793928637,East,Account,Account Access,Low,Web,Consumer,Agent_02,Resolved,72,65.52,Met,4.0
TKT01568,2026-03-17 13:28:00,2026-03-18 10:38:17.097722097,,Refund,Refund Pending,Medium,Chat,Consumer,Agent_02,Resolved,48,21.17,Met,5.0
TKT01569,2026-07-18 02:51:00,2026-07-19 07:21:44.754489482,East,Technical,System Issue,Low,Web,Consumer,Agent_17,Resolved,72,28.51,Met,5.0
TKT01570,2026-05-23 09:35:00,2026-05-26 03:45:48.937363334,South,Delivery,Damaged Item,Medium,Email,Business,Agent_05,Resolved,48,66.18,Breached,1.0
TKT01571,2026-04-03 00:30:00,2026-04-03 15:31:13.651087706,West,Payment,Payment Failed,High,Email,Consumer,Agent_20,Resolved,24,15.02,Met,5.0
TKT01572,2026-08-12 00:46:00,2026-08-13 14:56:18.141240687,West,Technical,App Error,High,Email,Consumer,Agent_14,Resolved,24,38.17,Breached,4.0
TKT01573,2026-04-12 02:09:00,2026-04-12 20:55:22.563365606,South,Account,Account Verification,Medium,Web,Consumer,Agent_12,Resolved,48,18.77,Met,3.0
TKT01574,2026-09-24 05:51:00,2026-09-24 15:33:04.905543762,North,Technical,App Error,Critical,Phone,Business,Agent_04,Resolved,12,9.7,Met,5.0
TKT01575,2026-04-20 16:17:00,2026-04-21 01:43:12.796331740,South,Delivery,Late Delivery,Medium,Chat,Consumer,Agent_09,Resolved,48,9.44,Met,4.0
TKT01576,2026-09-22 00:57:00,2026-09-23 04:11:51.451368871,West,Login,Account Locked,Medium,Email,Consumer,Agent_18,Resolved,48,27.25,Met,3.0
TKT01577,2026-01-03 18:49:00,2026-01-04 07:06:15.624656494,East,Delivery,Late Delivery,High,Email,Consumer,Agent_10,Resolved,24,12.29,Met,5.0
TKT01578,2026-03-26 13:31:00,2026-03-27 14:55:33.245389602,East,Refund,Refund Request,High,Chat,Business,Agent_07,Resolved,24,25.41,Breached,2.0
TKT01579,2026-04-27 22:33:00,2026-04-28 23:51:33.080203569,North,Payment,Payment Failed,High,Phone,Consumer,Agent_05,Resolved,24,25.31,Breached,3.0
TKT01580,2026-08-09 12:47:00,2026-08-11 13:21:38.873608762,West,Delivery,Late Delivery,Low,Chat,Consumer,Agent_15,Resolved,72,48.58,Met,5.0
TKT01581,2026-06-03 11:22:00,2026-06-04 07:31:36.240028293,East,Account,Profile Update,Medium,Email,Consumer,Agent_13,Resolved,48,20.16,Met,4.0
TKT01582,2026-06-02 23:26:00,2026-06-04 07:47:16.304235724,East,Login,OTP Issue,High,Email,Consumer,Agent_14,Resolved,24,32.35,Breached,3.0
TKT01583,2026-01-12 19:45:00,2026-01-15 11:35:50.207573439,East,Payment,Payment Failed,Medium,Phone,Business,Agent_04,Resolved,48,63.85,Breached,1.0
TKT01584,2026-05-13 16:36:00,2026-05-16 09:23:41.122919302,North,Login,Account Locked,High,Web,Business,Agent_06,Closed,24,64.79,Breached,1.0
TKT01585,2026-08-16 04:45:00,2026-08-19 09:24:17.112444721,West,Technical,Website Error,Medium,Phone,Consumer,Agent_15,Resolved,48,76.65,Breached,4.0
TKT01586,2026-09-28 18:14:00,2026-09-30 18:37:55.505340740,South,Payment,Card Declined,High,Chat,Business,Agent_13,Resolved,24,48.4,Breached,4.0
TKT01587,2026-02-12 14:45:00,2026-02-13 05:11:02.891353290,East,Account,Account Access,Medium,Email,Business,Agent_13,Resolved,48,14.43,Met,4.0
TKT01588,2026-01-21 06:36:00,2026-01-24 03:58:19.858838840,South,Login,OTP Issue,Medium,Phone,Consumer,Agent_18,Closed,48,69.37,Breached,1.0
TKT01589,2026-04-17 00:25:00,2026-04-18 12:24:00.283771604,South,Refund,Refund Pending,Low,Email,Consumer,Agent_17,Resolved,72,35.98,Met,4.0
TKT01590,2026-04-27 05:12:00,2026-04-27 17:09:59.800876794,North,Account,Profile Update,High,Web,Consumer,Agent_01,Closed,24,11.97,Met,5.0
TKT01591,2026-05-04 02:05:00,2026-05-05 14:13:51.466871299,North,Delivery,Late Delivery,High,Phone,Consumer,Agent_04,Closed,24,36.15,Breached,1.0
TKT01592,2026-07-22 23:51:00,2026-07-25 20:13:29.714250043,South,Payment,Payment Failed,Low,,Consumer,Agent_11,Closed,72,68.37,Met,3.0
TKT01593,2026-02-20 20:21:00,2026-02-21 20:56:24.695306966,North,Login,Account Locked,High,Email,Consumer,Agent_19,Closed,24,24.59,Breached,3.0
TKT01594,2026-09-28 13:30:00,2026-09-29 06:40:45.653386188,South,Payment,Payment Failed,Medium,Web,Business,Agent_13,Resolved,48,17.18,Met,4.0
TKT01595,2026-05-21 03:07:00,2026-05-23 12:40:34.686226512,East,Refund,Refund Request,Low,Email,Business,Agent_16,Resolved,72,57.56,Met,3.0
TKT01596,2026-02-21 11:37:00,,West,Payment,Payment Failed,Medium,Chat,Business,Agent_19,Pending,48,,Pending,2.0
TKT01597,2026-01-27 13:29:00,2026-01-28 21:38:59.538281990,South,Technical,App Error,Low,Chat,Consumer,Agent_15,Closed,72,32.17,Met,5.0
TKT01598,2026-06-06 11:55:00,2026-06-07 17:48:09.221732937,West,Login,OTP Issue,Medium,Web,Consumer,Agent_12,Resolved,48,29.89,Met,4.0
TKT01599,2026-08-27 07:29:00,2026-08-28 20:17:40.329046710,South,Technical,System Issue,Medium,Chat,Business,Agent_08,Resolved,48,36.81,Met,4.0
TKT01600,2026-06-05 08:42:00,2026-06-06 00:58:35.602305164,East,Payment,Payment Failed,High,Email,Consumer,Agent_01,Closed,24,16.28,Met,5.0
TKT01601,2026-05-16 22:57:00,2026-05-18 15:47:18.455664613,North,Delivery,Damaged Item,High,Phone,Consumer,Agent_08,Resolved,24,40.84,Breached,3.0
TKT01602,2026-05-24 16:25:00,2026-05-25 13:51:03.880266388,South,Payment,Payment Failed,Medium,Chat,Business,Agent_05,Resolved,48,21.43,Met,3.0
TKT01603,2026-04-16 10:57:00,2026-04-16 23:32:13.758901555,North,Payment,Duplicate Charge,Low,Web,Consumer,Agent_01,Resolved,72,12.59,Met,5.0
TKT01604,2026-06-07 09:56:00,2026-06-07 15:35:01.339818789,East,Technical,App Error,Critical,Web,Consumer,Agent_12,Resolved,12,5.65,Met,4.0
TKT01605,2026-05-26 01:39:00,2026-05-27 08:49:33.031964064,West,Delivery,Late Delivery,High,Email,Business,Agent_04,Resolved,24,31.18,Breached,2.0
TKT01606,2026-01-02 10:15:00,2026-01-06 23:44:14.685613422,South,Login,Account Locked,Low,Chat,Consumer,Agent_15,Closed,72,109.49,Breached,2.0
TKT01607,2026-03-18 15:47:00,2026-03-21 21:44:51.341658865,South,Login,Password Reset,High,Chat,Consumer,Agent_09,Resolved,24,77.96,Breached,2.0
TKT01608,2026-05-12 09:15:00,2026-05-13 21:31:08.855905116,West,Login,Account Locked,Low,Chat,Consumer,Agent_10,Closed,72,36.27,Met,5.0
TKT01609,2026-03-31 04:37:00,,South,Technical,System Issue,Medium,Web,Consumer,Agent_13,Pending,48,,Pending,3.0
TKT01610,2026-09-20 08:10:00,2026-09-21 17:36:15.864727848,South,Refund,Refund Pending,Medium,Web,Consumer,Agent_10,Closed,48,33.44,Met,4.0
TKT01611,2026-04-18 04:14:00,,West,Payment,Payment Failed,Medium,Web,Consumer,Agent_10,Pending,48,,Pending,2.0
TKT01612,2026-03-15 06:20:00,2026-03-16 01:26:41.629443908,North,Delivery,Damaged Item,High,Phone,Consumer,Agent_14,Resolved,24,19.11,Met,5.0
TKT01613,2026-02-08 14:51:00,2026-02-09 15:59:18.859403698,North,Refund,Refund Failed,Medium,Email,Consumer,Agent_19,Resolved,48,25.14,Met,4.0
TKT01614,2026-06-08 09:01:00,2026-06-11 10:33:23.887694032,West,Account,Account Verification,Low,Phone,Consumer,Agent_19,Closed,72,73.54,Breached,
TKT01615,2026-03-12 21:27:00,2026-03-13 05:04:15.431312665,East,Payment,Card Declined,Critical,Web,Consumer,Agent_01,Resolved,12,7.62,Met,3.0
TKT01616,2026-08-29 13:44:00,2026-08-30 10:20:45.868792006,West,Technical,System Issue,Critical,Chat,Consumer,Agent_08,Resolved,12,20.61,Breached,3.0
TKT01617,2026-02-05 14:38:00,2026-02-06 04:02:39.382210134,West,Delivery,Wrong Item,High,Chat,Consumer,Agent_17,Resolved,24,13.41,Met,3.0
TKT01618,2026-03-25 22:32:00,2026-03-26 23:40:52.293018912,North,Payment,Payment Failed,Medium,Phone,Business,Agent_10,Resolved,48,25.15,Met,4.0
TKT01619,2026-09-20 18:58:00,2026-09-22 12:02:35.535199105,South,Account,Profile Update,Low,Web,Consumer,Agent_01,Closed,72,41.08,Met,5.0
TKT01620,2026-06-21 21:39:00,2026-06-22 10:45:19.338201608,East,Delivery,Late Delivery,High,Web,Consumer,Agent_08,Resolved,24,13.11,Met,4.0
TKT01621,2026-06-22 04:40:00,2026-06-23 21:34:05.379094227,South,Delivery,Wrong Item,Low,Web,Consumer,Agent_05,Closed,72,40.9,Met,4.0
TKT01622,2026-02-16 21:38:00,2026-02-18 17:14:48.244202053,South,Payment,Payment Failed,Low,Chat,Consumer,Agent_02,Resolved,72,43.61,Met,3.0
TKT01623,2026-05-21 12:52:00,2026-05-23 19:28:43.929191970,East,Delivery,Late Delivery,Medium,Chat,Consumer,Agent_19,Resolved,48,54.61,Breached,1.0
TKT01624,2026-04-28 14:02:00,2026-04-29 02:30:15.350227676,West,Delivery,Late Delivery,Low,Web,Consumer,Agent_02,Resolved,72,12.47,Met,5.0
TKT01625,2026-08-02 11:58:00,2026-08-03 16:15:36.472467264,West,Account,Profile Update,Low,Phone,Consumer,Agent_20,Closed,72,28.29,Met,3.0
TKT01626,2026-08-08 05:27:00,2026-08-10 21:08:33.037373968,South,Payment,Duplicate Charge,Medium,Email,Consumer,Agent_11,Resolved,48,63.69,Breached,1.0
TKT01627,2026-01-26 03:30:00,,South,Payment,Card Declined,Low,Chat,Consumer,Agent_03,Pending,72,,Pending,2.0
TKT01628,2026-01-09 12:06:00,2026-01-10 20:45:05.501687371,East,Technical,App Error,Low,Chat,Business,Agent_09,Closed,72,32.65,Met,3.0
TKT01629,2026-09-28 15:22:00,2026-09-29 18:44:28.326049611,North,Payment,Card Declined,Low,Email,Consumer,Agent_08,Resolved,72,27.37,Met,3.0
TKT01630,2026-01-10 09:11:00,,East,Login,Account Locked,Low,Web,Business,Agent_06,Pending,72,,Pending,2.0
TKT01631,2026-05-01 00:25:00,2026-05-01 08:34:06.837685268,East,Refund,Refund Request,High,Phone,Consumer,Agent_14,Resolved,24,8.15,Met,3.0
TKT01632,2026-05-05 00:26:00,2026-05-05 22:54:14.310707023,East,Technical,App Error,High,Phone,Consumer,Agent_08,Resolved,24,22.47,Met,5.0
TKT01633,2026-06-19 11:41:00,2026-06-24 01:59:16.181329294,North,Account,Profile Update,Medium,Web,Consumer,Agent_15,Resolved,48,110.3,Breached,1.0
TKT01634,2026-03-13 18:26:00,2026-03-14 05:44:22.328998750,West,Payment,Duplicate Charge,Medium,Chat,Consumer,Agent_03,Resolved,48,11.31,Met,5.0
TKT01635,2026-06-01 11:21:00,2026-06-03 17:58:22.991654330,East,Payment,Duplicate Charge,Low,Web,Consumer,Agent_08,Resolved,72,54.62,Met,5.0
TKT01636,2026-07-27 06:52:00,2026-07-28 03:48:02.389910359,North,Payment,Payment Failed,Low,,Consumer,Agent_16,Resolved,72,20.93,Met,3.0
TKT01637,2026-02-18 02:46:00,2026-02-20 09:09:34.748565907,South,Technical,System Issue,Medium,Phone,Consumer,Agent_06,Closed,48,54.39,Breached,1.0
TKT01638,2026-06-03 02:48:00,2026-06-05 07:46:58.075495986,East,Refund,Refund Request,Medium,Chat,Business,Agent_07,Resolved,48,52.98,Breached,1.0
TKT01639,2026-03-09 03:48:00,2026-03-11 18:42:18.219498616,South,Payment,Card Declined,High,Phone,Consumer,Agent_13,Resolved,24,62.91,Breached,2.0
TKT01640,2026-02-19 06:06:00,2026-02-20 05:23:24.297863769,South,Delivery,Late Delivery,Medium,Phone,Consumer,Agent_20,Resolved,48,23.29,Met,5.0
TKT01641,2026-06-01 08:47:00,2026-06-02 08:41:08.377396527,North,Login,Password Reset,Medium,Phone,Consumer,Agent_09,Resolved,48,23.9,Met,5.0
TKT01642,2026-01-19 13:10:00,2026-01-22 23:59:10.983718027,South,Refund,Refund Request,Low,Chat,Business,Agent_19,Resolved,72,82.82,Breached,2.0
TKT01643,2026-04-10 08:43:00,2026-04-11 10:14:33.681759041,South,Payment,Payment Failed,High,Web,Business,Agent_07,Resolved,24,25.53,Breached,1.0
TKT01644,2026-03-01 18:15:00,2026-03-03 16:16:43.585325367,East,Payment,Card Declined,Medium,Phone,Consumer,Agent_16,Closed,48,46.03,Met,5.0
TKT01645,2026-06-16 01:45:00,2026-06-16 06:45:42.408565826,South,Payment,Payment Failed,High,Web,Consumer,Agent_07,Resolved,24,5.01,Met,4.0
TKT01646,2026-07-21 12:11:00,2026-07-22 22:37:12.015944804,East,Login,OTP Issue,Medium,Email,Business,Agent_15,Resolved,48,34.44,Met,5.0
TKT01647,2026-05-26 16:04:00,2026-05-27 19:57:14.762282352,South,Technical,System Issue,High,Email,Consumer,Agent_05,Resolved,24,27.89,Breached,2.0
TKT01648,2026-06-13 21:45:00,2026-06-14 13:55:24.059660642,West,Account,Account Access,Critical,Phone,Consumer,Agent_02,Resolved,12,16.17,Breached,2.0
TKT01649,2026-08-30 02:12:00,2026-08-30 21:20:51.565787844,West,Delivery,Late Delivery,Critical,Email,Consumer,Agent_02,Closed,12,19.15,Breached,3.0
TKT01650,2026-03-10 08:53:00,,North,Delivery,Damaged Item,Medium,Phone,Consumer,Agent_20,Pending,48,,Pending,3.0
TKT01651,2026-06-24 16:14:00,2026-06-26 02:01:33.420526490,South,Login,OTP Issue,Medium,Chat,Consumer,Agent_05,Closed,48,33.79,Met,5.0
TKT01652,2026-02-18 04:28:00,2026-02-20 04:44:08.877852966,North,Payment,Duplicate Charge,Medium,Chat,Consumer,Agent_12,Resolved,48,48.27,Breached,2.0
TKT01653,2026-04-18 23:55:00,2026-04-19 05:43:22.394941988,East,Login,Account Locked,Critical,Chat,Consumer,Agent_04,Resolved,12,5.81,Met,5.0
TKT01654,2026-08-14 11:12:00,2026-08-16 13:28:32.026523656,East,Refund,Refund Failed,Medium,Web,Consumer,Agent_18,Resolved,48,50.28,Breached,4.0
TKT01655,2026-06-10 13:10:00,2026-06-12 12:04:54.697082432,South,Account,Account Access,Low,Phone,Consumer,Agent_20,Resolved,72,46.92,Met,4.0
TKT01656,2026-04-29 00:17:00,2026-05-01 00:00:03.752897268,South,Refund,Refund Request,Medium,Phone,Business,Agent_11,Resolved,48,47.72,Met,4.0
TKT01657,2026-05-29 01:56:00,2026-05-30 17:11:02.171871471,West,Account,Profile Update,Low,Web,Consumer,Agent_20,Resolved,72,39.25,Met,5.0
TKT01658,2026-05-30 13:17:00,2026-05-31 08:47:55.621209600,East,Payment,Payment Failed,Medium,Web,Consumer,Agent_06,Resolved,48,19.52,Met,5.0
TKT01659,2026-05-23 19:27:00,2026-05-25 11:30:26.455598582,East,Technical,System Issue,Medium,Email,Consumer,Agent_13,Resolved,48,40.06,Met,5.0
TKT01660,2026-06-09 09:10:00,2026-06-10 11:43:08.609532721,East,Payment,Payment Failed,Medium,Email,Consumer,Agent_05,Resolved,48,26.55,Met,5.0
TKT01661,2026-01-11 15:28:00,2026-01-13 00:11:39.506851124,North,Technical,System Issue,Low,Chat,Consumer,Agent_04,Closed,72,32.73,Met,4.0
TKT01662,2026-05-18 12:32:00,2026-05-19 14:42:53.011269476,South,Payment,Card Declined,Critical,Web,Consumer,Agent_10,Resolved,12,26.18,Breached,4.0
TKT01663,2026-03-19 07:01:00,2026-03-21 01:40:47.695534470,East,Login,Account Locked,High,Web,Consumer,Agent_02,Resolved,24,42.66,Breached,1.0
TKT01664,2026-03-18 23:12:00,2026-03-19 18:21:26.111417256,East,Delivery,Damaged Item,High,Web,Consumer,Agent_08,Resolved,24,19.16,Met,4.0
TKT01665,2026-09-11 10:45:00,2026-09-11 15:56:09.310931739,South,Refund,Refund Failed,Medium,Phone,Consumer,Agent_20,Resolved,48,5.19,Met,4.0
TKT01666,2026-09-15 09:17:00,2026-09-17 01:40:56.343822748,South,Account,Account Access,High,Email,Consumer,Agent_20,Resolved,24,40.4,Breached,3.0
TKT01667,2026-09-20 00:49:00,2026-09-20 10:07:06.957665762,North,Refund,Refund Failed,Medium,Web,Business,Agent_03,Resolved,48,9.3,Met,4.0
TKT01668,2026-03-26 11:17:00,2026-03-27 06:04:58.135350494,West,Payment,Card Declined,Low,Chat,Consumer,Agent_09,Resolved,72,18.8,Met,5.0
TKT01669,2026-05-26 01:45:00,2026-05-27 06:14:07.889015670,East,Payment,Payment Failed,Low,Phone,Business,Agent_20,Resolved,72,28.49,Met,5.0
TKT01670,2026-02-11 20:39:00,2026-02-12 19:08:38.943537669,West,Delivery,Damaged Item,Medium,Web,Consumer,Agent_02,Resolved,48,22.49,Met,5.0
TKT01671,2026-05-05 10:57:00,2026-05-06 13:42:52.810147044,South,Technical,Website Error,Low,Email,Consumer,Agent_17,Closed,72,26.76,Met,3.0
TKT01672,2026-06-16 18:15:00,2026-06-17 04:46:42.027217528,West,Technical,App Error,Critical,Web,Consumer,Agent_01,Resolved,12,10.53,Met,3.0
TKT01673,2026-08-29 16:27:00,2026-08-31 05:44:19.526775824,North,Technical,System Issue,Low,Email,Business,Agent_17,Resolved,72,37.29,Met,4.0
TKT01674,2026-07-07 14:01:00,2026-07-09 11:53:48.805537958,West,Technical,App Error,Medium,Email,Consumer,Agent_05,Resolved,48,45.88,Met,5.0
TKT01675,2026-01-19 07:25:00,2026-01-20 09:09:51.360592909,East,Login,Password Reset,Medium,Email,Business,Agent_13,Resolved,48,25.75,Met,3.0
TKT01676,2026-03-09 20:09:00,2026-03-12 07:11:13.723897340,North,Login,Account Locked,Medium,Chat,Consumer,Agent_08,Resolved,48,59.04,Breached,3.0
TKT01677,2026-08-06 01:09:00,2026-08-07 15:29:57.412992685,South,Login,Account Locked,Medium,Chat,Consumer,Agent_07,Resolved,48,38.35,Met,4.0
TKT01678,2026-04-12 02:29:00,2026-04-15 12:45:13.475078601,North,Delivery,Wrong Item,Low,Email,Consumer,Agent_14,Closed,72,82.27,Breached,3.0
TKT01679,2026-02-11 21:09:00,2026-02-12 07:40:47.808640534,East,Technical,System Issue,High,Phone,Consumer,Agent_08,Resolved,24,10.53,Met,4.0
TKT01680,2026-06-16 12:53:00,2026-06-17 14:16:04.329104539,South,Technical,Website Error,Medium,Web,Consumer,Agent_11,Resolved,48,25.38,Met,5.0
TKT01681,2026-04-19 18:42:00,2026-04-20 17:23:58.275263356,West,Payment,Card Declined,Medium,Phone,Consumer,Agent_03,Resolved,48,22.7,Met,4.0
TKT01682,2026-02-05 21:41:00,2026-02-06 05:32:40.865660161,East,Technical,Website Error,High,Phone,Consumer,Agent_05,Resolved,24,7.86,Met,4.0
TKT01683,2026-08-20 15:43:00,,North,Account,Account Access,High,Web,Consumer,Agent_18,Pending,24,,Pending,4.0
TKT01684,2026-08-17 07:34:00,2026-08-17 15:17:38.386090081,North,Account,Account Verification,High,Chat,Consumer,Agent_05,Resolved,24,7.73,Met,4.0
TKT01685,2026-06-13 18:47:00,2026-06-16 20:45:19.625207325,North,Delivery,Damaged Item,Medium,Phone,Consumer,Agent_13,Resolved,48,73.97,Breached,4.0
TKT01686,2026-03-14 15:45:00,,South,Technical,App Error,Medium,Phone,Consumer,Agent_05,Pending,48,,Pending,2.0
TKT01687,2026-05-16 10:00:00,2026-05-17 12:54:02.358389887,North,Delivery,Wrong Item,Medium,Web,Business,Agent_02,Closed,48,26.9,Met,4.0
TKT01688,2026-03-11 10:52:00,2026-03-12 06:59:13.949693850,South,Delivery,Wrong Item,High,Phone,Consumer,Agent_13,Resolved,24,20.12,Met,4.0
TKT01689,2026-07-15 12:04:00,2026-07-16 20:55:14.621275760,North,Login,OTP Issue,High,Phone,Business,Agent_06,Resolved,24,32.85,Breached,4.0
TKT01690,2026-09-26 03:52:00,2026-09-27 04:12:32.044409872,North,Login,OTP Issue,Low,Chat,Business,Agent_17,Resolved,72,24.34,Met,5.0
TKT01691,2026-02-18 23:37:00,2026-02-19 12:07:00.428257209,South,Login,Password Reset,Medium,Phone,Business,Agent_08,Closed,48,12.5,Met,4.0
TKT01692,2026-05-10 04:10:00,2026-05-10 09:21:52.161064893,South,Login,Account Locked,High,Email,Consumer,Agent_17,Resolved,24,5.2,Met,4.0
TKT01693,2026-01-05 01:18:00,2026-01-05 20:54:05.304955154,South,Delivery,Wrong Item,Medium,Chat,Consumer,Agent_19,Resolved,48,19.6,Met,5.0
TKT01694,2026-01-27 17:55:00,2026-01-28 15:14:55.171923232,East,Payment,Card Declined,Medium,Web,Consumer,Agent_15,Resolved,48,21.33,Met,5.0
TKT01695,2026-06-09 14:57:00,2026-06-13 08:13:07.826866276,West,Account,Account Access,Medium,Web,Business,Agent_01,Resolved,48,89.27,Breached,3.0
TKT01696,2026-05-29 15:20:00,2026-05-30 06:02:40.031054514,North,Payment,Card Declined,Medium,Web,Business,Agent_18,Resolved,48,14.71,Met,5.0
TKT01697,2026-09-21 13:00:00,2026-09-21 19:18:29.638218492,East,Payment,Payment Failed,Critical,Phone,Consumer,Agent_07,Resolved,12,6.31,Met,3.0
TKT01698,2026-08-18 03:45:00,2026-08-20 20:57:55.732475520,West,Refund,Refund Failed,Medium,Web,Consumer,Agent_07,Resolved,48,65.22,Breached,3.0
TKT01699,2026-07-19 17:54:00,2026-07-20 22:51:56.327753185,North,Refund,Refund Pending,Low,Email,Consumer,Agent_16,Resolved,72,28.97,Met,5.0
TKT01700,2026-02-19 20:09:00,2026-02-23 10:34:14.378125580,North,Payment,Payment Failed,Low,Chat,Consumer,Agent_11,Resolved,72,86.42,Breached,1.0
TKT01701,2026-03-08 17:37:00,2026-03-12 09:33:48.376269643,North,Login,OTP Issue,Low,Email,Consumer,Agent_05,Resolved,72,87.95,Breached,3.0
TKT01702,2026-02-27 13:22:00,2026-03-03 06:51:52.072441227,West,Payment,Card Declined,Medium,Web,Business,Agent_14,Closed,48,89.5,Breached,4.0
TKT01703,2026-09-16 12:21:00,2026-09-18 00:27:47.167924183,North,Login,Account Locked,Medium,Phone,Consumer,Agent_10,Closed,48,36.11,Met,5.0
TKT01704,2026-05-10 02:10:00,,East,Account,Profile Update,Low,Phone,Consumer,Agent_05,Pending,72,,Pending,2.0
TKT01705,2026-08-03 17:02:00,2026-08-05 21:01:49.668308271,North,Refund,Refund Pending,High,Web,Consumer,Agent_19,Resolved,24,52.0,Breached,2.0
TKT01706,2026-06-21 10:31:00,2026-06-21 21:44:26.664389734,East,Delivery,Wrong Item,High,Web,Consumer,Agent_18,Resolved,24,11.22,Met,4.0
TKT01707,2026-09-15 13:57:00,2026-09-17 18:12:34.360962948,South,Technical,System Issue,Medium,Web,Consumer,Agent_04,Closed,48,52.26,Breached,1.0
TKT01708,2026-04-12 12:38:00,2026-04-13 08:46:39.326960544,West,Delivery,Wrong Item,Medium,Phone,Business,Agent_09,Closed,48,20.14,Met,5.0
TKT01709,2026-07-28 11:43:00,2026-07-28 17:17:51.014070353,East,Technical,App Error,Critical,Email,Consumer,Agent_19,Resolved,12,5.58,Met,4.0
TKT01710,2026-04-26 08:16:00,2026-04-28 01:39:01.064853542,North,Refund,Refund Request,Medium,Chat,Consumer,Agent_11,Resolved,48,41.38,Met,5.0
TKT01711,2026-09-21 23:46:00,2026-09-22 22:00:26.635418815,East,Refund,Refund Request,High,Web,Consumer,Agent_03,Resolved,24,22.24,Met,4.0
TKT01712,2026-05-30 05:22:00,2026-05-30 21:59:25.786571394,East,Login,OTP Issue,Medium,Email,Consumer,Agent_11,Closed,48,16.62,Met,5.0
TKT01713,2026-02-05 20:33:00,2026-02-06 10:08:53.131617081,South,Technical,System Issue,High,Email,Consumer,Agent_07,Closed,24,13.6,Met,3.0
TKT01714,2026-07-27 10:14:00,2026-07-29 11:54:55.542162169,West,Technical,App Error,High,Email,Consumer,Agent_17,Closed,24,49.68,Breached,1.0
TKT01715,2026-04-16 05:28:00,2026-04-17 21:23:14.990222740,South,Payment,Duplicate Charge,High,Web,Consumer,Agent_18,Resolved,24,39.92,Breached,2.0
TKT01716,2026-06-07 23:15:00,2026-06-08 22:04:44.565113431,West,Account,Profile Update,High,Phone,Consumer,Agent_15,Resolved,24,22.83,Met,5.0
TKT01717,2026-05-01 02:12:00,2026-05-01 20:19:52.985059215,South,Login,Password Reset,Critical,Email,Consumer,Agent_17,Resolved,12,18.13,Breached,3.0
TKT01718,2026-02-24 13:54:00,2026-02-26 00:24:37.715043081,West,Technical,App Error,Medium,Email,Consumer,Agent_17,Closed,48,34.51,Met,3.0
TKT01719,2026-01-12 10:50:00,2026-01-15 17:18:05.775190672,North,Login,OTP Issue,Low,Email,Consumer,Agent_10,Closed,72,78.47,Breached,1.0
TKT01720,2026-05-25 02:00:00,2026-05-26 23:37:27.466181295,East,Account,Account Verification,Medium,Chat,Consumer,Agent_15,Resolved,48,45.62,Met,5.0
TKT01721,2026-05-16 10:05:00,2026-05-17 14:40:15.019215936,East,Payment,Payment Failed,High,Email,Consumer,Agent_16,Resolved,24,28.59,Breached,3.0
TKT01722,2026-01-03 16:04:00,2026-01-05 01:46:37.678630791,South,Account,Account Access,High,Email,Consumer,Agent_15,Resolved,24,33.71,Breached,1.0
TKT01723,2026-05-24 02:08:00,2026-05-25 22:30:22.227223072,North,Refund,Refund Request,Low,Phone,Consumer,Agent_09,Resolved,72,44.37,Met,4.0
TKT01724,2026-01-30 18:34:00,2026-02-02 12:02:27.698477714,North,Refund,Refund Request,Low,Email,Business,Agent_19,Resolved,72,65.47,Met,3.0
TKT01725,2026-08-25 00:28:00,2026-08-26 14:02:24.296001438,North,Technical,Website Error,High,Email,Consumer,Agent_01,Closed,24,37.57,Breached,1.0
TKT01726,2026-04-25 12:01:00,2026-04-28 07:03:35.135829722,South,Payment,Card Declined,Medium,Web,Consumer,Agent_02,Closed,48,67.04,Breached,1.0
TKT01727,2026-04-14 05:32:00,2026-04-14 21:47:19.874418789,West,Technical,App Error,Medium,Phone,Business,Agent_06,Resolved,48,16.26,Met,5.0
TKT01728,2026-04-28 22:00:00,2026-04-29 14:39:56.893138138,North,Technical,Website Error,High,Email,Business,Agent_09,Resolved,24,16.67,Met,5.0
TKT01729,2026-01-05 19:13:00,2026-01-07 11:26:11.181664790,North,Payment,Card Declined,Medium,Email,Business,Agent_18,Resolved,48,40.22,Met,3.0
TKT01730,2026-09-05 21:56:00,2026-09-07 15:56:37.324143496,West,Delivery,Late Delivery,Low,Chat,Consumer,Agent_01,Resolved,72,42.01,Met,5.0
TKT01731,2026-05-01 19:56:00,,West,Login,OTP Issue,Low,Chat,Consumer,Agent_10,Pending,72,,Pending,3.0
TKT01732,2026-05-29 15:43:00,2026-06-02 03:21:29.784363468,North,Account,Profile Update,Low,Email,Consumer,Agent_04,Closed,72,83.64,Breached,4.0
TKT01733,2026-03-25 17:27:00,2026-03-26 22:05:47.666687470,South,Payment,Payment Failed,Medium,Chat,Business,Agent_14,Resolved,48,28.65,Met,5.0
TKT01734,2026-08-19 18:42:00,2026-08-21 18:13:41.039693972,South,Delivery,Damaged Item,Medium,Email,Consumer,Agent_06,Resolved,48,47.53,Met,5.0
TKT01735,2026-06-10 23:49:00,2026-06-12 14:29:09.863157856,East,Account,Profile Update,Medium,Web,Business,Agent_20,Resolved,48,38.67,Met,5.0
TKT01736,2026-09-29 05:55:00,2026-10-01 15:04:55.312877948,East,Account,Account Verification,Low,Chat,Consumer,Agent_05,Resolved,72,57.17,Met,5.0
TKT01737,2026-02-07 02:18:00,2026-02-07 22:51:10.472183103,East,Refund,Refund Request,Low,Web,Consumer,Agent_15,Resolved,72,20.55,Met,4.0
TKT01738,2026-08-14 19:57:00,2026-08-16 10:20:34.523081995,South,Delivery,Late Delivery,Low,Email,Consumer,Agent_10,Resolved,72,38.39,Met,4.0
TKT01739,2026-05-22 00:28:00,2026-05-23 01:14:17.827588459,East,Refund,Refund Request,Critical,Chat,Consumer,Agent_03,Closed,12,24.77,Breached,4.0
TKT01740,2026-05-31 15:30:00,2026-06-02 14:52:06.371286988,North,Technical,App Error,Medium,Email,Business,Agent_17,Resolved,48,47.37,Met,5.0
TKT01741,2026-04-24 08:15:00,,South,Login,Account Locked,High,Phone,Consumer,Agent_09,Pending,24,,Pending,2.0
TKT01742,2026-08-25 16:53:00,2026-08-26 05:31:32.593836408,South,Payment,Duplicate Charge,High,Web,Business,Agent_09,Resolved,24,12.64,Met,5.0
TKT01743,2026-03-07 10:54:00,2026-03-07 22:24:16.316788471,East,Payment,Card Declined,Medium,Phone,Business,Agent_15,Closed,48,11.5,Met,4.0
TKT01744,2026-09-15 13:47:00,2026-09-15 22:53:32.355858819,North,Technical,Website Error,High,Web,Consumer,Agent_18,Closed,24,9.11,Met,4.0
TKT01745,2026-09-06 05:50:00,2026-09-07 21:13:03.052281760,North,Payment,Duplicate Charge,Low,Email,Consumer,Agent_03,Resolved,72,39.38,Met,5.0
TKT01746,2026-06-29 09:13:00,2026-06-30 04:55:17.668588892,South,Technical,Website Error,High,Chat,Business,Agent_08,Resolved,24,19.7,Met,5.0
TKT01747,2026-07-09 04:58:00,2026-07-10 10:54:31.237508317,South,Payment,Duplicate Charge,Medium,Phone,Consumer,Agent_03,Closed,48,29.94,Met,4.0
TKT01748,2026-06-03 20:15:00,2026-06-04 06:11:44.786551383,East,Payment,Duplicate Charge,High,Chat,Consumer,Agent_19,Resolved,24,9.95,Met,4.0
TKT01749,2026-07-15 01:03:00,2026-07-16 06:28:11.616950434,North,Refund,Refund Pending,Low,Chat,Business,Agent_13,Resolved,72,29.42,Met,5.0
TKT01750,2026-09-19 12:34:00,2026-09-23 06:13:38.466490730,South,Payment,Duplicate Charge,High,Phone,Consumer,Agent_16,Closed,24,89.66,Breached,4.0
TKT01751,2026-05-23 12:49:00,2026-05-25 11:46:08.706702830,West,Account,Account Access,Low,Phone,Consumer,Agent_07,Resolved,72,46.95,Met,3.0
TKT01752,2026-04-11 20:38:00,2026-04-12 14:44:10.374992517,North,Payment,Payment Failed,High,Chat,Consumer,Agent_20,Resolved,24,18.1,Met,4.0
TKT01753,2026-09-01 13:53:00,2026-09-04 04:36:30.432851738,West,Refund,Refund Failed,Medium,Email,Business,Agent_05,Resolved,48,62.73,Breached,1.0
TKT01754,2026-01-12 02:45:00,2026-01-13 22:22:37.462401235,South,Refund,Refund Failed,High,Phone,Consumer,Agent_19,Resolved,24,43.63,Breached,3.0
TKT01755,2026-08-27 20:55:00,2026-08-28 20:33:07.638640425,East,Delivery,Late Delivery,Medium,Email,Consumer,Agent_02,Resolved,48,23.64,Met,5.0
TKT01756,2026-02-18 20:18:00,2026-02-20 08:12:18.030315121,South,Delivery,Wrong Item,Medium,Email,Consumer,Agent_03,Resolved,48,35.91,Met,4.0
TKT01757,2026-02-11 08:25:00,2026-02-11 21:16:05.014742767,South,Payment,Card Declined,Medium,Phone,Consumer,Agent_03,Resolved,48,12.85,Met,5.0
TKT01758,2026-06-15 22:37:00,2026-06-16 06:44:07.665826857,West,Refund,Refund Pending,Critical,Email,Business,Agent_02,Resolved,12,8.12,Met,5.0
TKT01759,2026-03-23 13:12:00,2026-03-26 10:49:08.939131572,South,Refund,Refund Failed,Low,Web,Consumer,Agent_16,Resolved,72,69.62,Met,4.0
TKT01760,2026-06-07 22:07:00,2026-06-08 03:24:07.630431820,East,Refund,Refund Request,Critical,Email,Business,Agent_17,Resolved,12,5.29,Met,4.0
TKT01761,2026-08-04 13:52:00,2026-08-05 12:17:58.737704523,West,Delivery,Damaged Item,Medium,Email,Consumer,Agent_16,Closed,48,22.43,Met,4.0
TKT01762,2026-06-07 22:26:00,2026-06-09 18:17:16.163287099,West,Technical,Website Error,High,Email,Business,Agent_16,Resolved,24,43.85,Breached,2.0
TKT01763,2026-05-14 14:17:00,,East,Refund,Refund Request,Medium,Chat,Business,Agent_19,Pending,48,,Pending,3.0
TKT01764,2026-03-08 23:36:00,2026-03-10 11:59:41.698083764,West,Technical,App Error,Medium,Email,Consumer,Agent_17,Resolved,48,36.39,Met,4.0
TKT01765,2026-01-07 13:25:00,2026-01-08 04:16:15.575988744,East,Login,OTP Issue,High,Email,Consumer,Agent_05,Resolved,24,14.85,Met,4.0
TKT01766,2026-01-14 19:32:00,2026-01-17 19:18:06.520218758,West,Payment,Card Declined,Medium,Email,Business,Agent_12,Resolved,48,71.77,Breached,1.0
TKT01767,2026-03-14 12:40:00,2026-03-15 19:47:51.271312432,South,Refund,Refund Failed,Medium,Email,Consumer,Agent_12,Resolved,48,31.13,Met,5.0
TKT01768,2026-06-12 13:52:00,2026-06-16 06:14:37.586995190,South,Payment,Duplicate Charge,Low,Chat,Consumer,Agent_07,Resolved,72,88.38,Breached,4.0
TKT01769,2026-03-07 23:48:00,2026-03-10 17:00:45.058048758,North,Technical,System Issue,Low,Chat,Consumer,Agent_07,Closed,72,65.21,Met,5.0
TKT01770,2026-05-10 04:42:00,2026-05-11 09:32:44.057000173,West,Login,Password Reset,Medium,Chat,Consumer,Agent_04,Closed,48,28.85,Met,5.0
TKT01771,2026-07-25 23:05:00,2026-07-26 03:07:57.066814618,East,Account,Account Access,High,Phone,Business,Agent_06,Resolved,24,4.05,Met,5.0
TKT01772,2026-09-13 06:18:00,2026-09-13 17:24:14.751235141,East,Delivery,Damaged Item,Medium,Phone,Consumer,Agent_16,Resolved,48,11.1,Met,4.0
TKT01773,2026-09-23 03:17:00,2026-09-24 06:51:15.519534906,West,Technical,App Error,Low,Chat,Consumer,Agent_08,Closed,72,27.57,Met,4.0
TKT01774,2026-01-25 16:54:00,2026-01-26 14:26:38.174385055,South,Payment,Card Declined,Medium,Phone,Consumer,Agent_06,Resolved,48,21.54,Met,4.0
TKT01775,2026-09-10 17:03:00,2026-09-11 22:24:56.869348856,East,Account,Profile Update,Medium,Chat,Business,Agent_19,Resolved,48,29.37,Met,3.0
TKT01776,2026-06-13 09:15:00,2026-06-14 11:24:57.055130334,North,Refund,Refund Failed,Medium,Email,Business,Agent_10,Resolved,48,26.17,Met,5.0
TKT01777,2026-04-05 05:55:00,2026-04-05 22:44:01.145578447,,Account,Profile Update,High,Chat,Consumer,Agent_16,Resolved,24,16.82,Met,4.0
TKT01778,2026-09-27 17:20:00,2026-09-28 12:16:41.816137059,East,Login,OTP Issue,High,Chat,Business,Agent_02,Resolved,24,18.94,Met,5.0
TKT01779,2026-04-20 10:38:00,2026-04-22 06:12:17.905851825,East,Refund,Refund Failed,Low,,Consumer,Agent_14,Resolved,72,43.57,Met,4.0
TKT01780,2026-08-26 06:18:00,2026-08-26 22:44:39.438345224,North,Technical,Website Error,High,Chat,Business,Agent_11,Resolved,24,16.44,Met,4.0
TKT01781,2026-01-25 11:19:00,2026-01-26 20:13:49.687011694,North,Login,Password Reset,Medium,Web,Consumer,Agent_02,Closed,48,32.91,Met,5.0
TKT01782,2026-05-21 08:25:00,2026-05-23 18:27:51.224807212,East,Login,OTP Issue,High,Email,Consumer,Agent_03,Resolved,24,58.05,Breached,1.0
TKT01783,2026-04-27 14:58:00,2026-05-01 13:49:12.104624412,North,Login,Account Locked,Low,Chat,Consumer,Agent_11,Resolved,72,94.85,Breached,2.0
TKT01784,2026-01-25 01:15:00,2026-01-25 21:26:58.892674408,South,Account,Profile Update,High,Chat,Consumer,Agent_04,Resolved,24,20.2,Met,3.0
TKT01785,2026-03-20 03:50:00,2026-03-22 16:28:04.085587248,East,Login,Password Reset,Low,Chat,Consumer,Agent_14,Closed,72,60.63,Met,3.0
TKT01786,2026-03-09 16:01:00,2026-03-11 07:55:42.177125289,North,Technical,Website Error,Medium,,Consumer,Agent_05,Resolved,48,39.91,Met,5.0
TKT01787,2026-06-22 21:11:00,2026-06-23 23:01:02.695893410,North,Technical,App Error,Low,Phone,Consumer,Agent_03,Resolved,72,25.83,Met,5.0
TKT01788,2026-01-12 05:01:00,2026-01-15 20:59:14.849722354,North,Payment,Payment Failed,Low,Phone,Business,Agent_08,Resolved,72,87.97,Breached,1.0
TKT01789,2026-05-08 12:05:00,2026-05-11 18:52:39.162802981,South,Delivery,Late Delivery,Low,Web,Business,Agent_10,Resolved,72,78.79,Breached,3.0
TKT01790,2026-04-06 03:34:00,2026-04-09 08:20:39.525412576,North,Technical,Website Error,Low,Phone,Consumer,Agent_12,Resolved,72,76.78,Breached,3.0
TKT01791,2026-04-02 19:41:00,2026-04-06 00:24:31.672782440,West,Payment,Card Declined,Low,Web,Consumer,Agent_08,Resolved,72,76.73,Breached,2.0
TKT01792,2026-05-21 01:08:00,2026-05-23 15:24:17.013098859,West,Delivery,Late Delivery,High,Web,Consumer,Agent_07,Resolved,24,62.27,Breached,1.0
TKT01793,2026-01-31 06:32:00,,South,Delivery,Wrong Item,Low,Chat,Business,Agent_02,Pending,72,,Pending,3.0
TKT01794,2026-01-20 18:28:00,2026-01-23 04:14:43.224547443,South,Account,Account Access,Medium,Web,Consumer,Agent_12,Resolved,48,57.78,Breached,3.0
TKT01795,2026-05-26 04:26:00,2026-05-28 11:31:21.763694277,North,Login,Password Reset,Low,Email,Business,Agent_20,Closed,72,55.09,Met,3.0
TKT01796,2026-06-09 18:12:00,2026-06-10 00:26:39.769448247,South,Refund,Refund Request,Critical,Phone,Consumer,Agent_11,Resolved,12,6.24,Met,4.0
TKT01797,2026-02-12 10:10:00,2026-02-13 06:02:16.128158624,North,Refund,Refund Request,Critical,Web,Consumer,Agent_09,Resolved,12,19.87,Breached,1.0
TKT01798,2026-09-11 22:50:00,,North,Account,Profile Update,Low,Email,Consumer,Agent_05,Pending,72,,Pending,2.0
TKT01799,2026-05-10 16:48:00,2026-05-11 13:41:41.092436691,North,Delivery,Late Delivery,Medium,Phone,Consumer,Agent_06,Closed,48,20.89,Met,4.0
TKT01800,2026-03-01 16:01:00,2026-03-02 21:33:53.392052065,West,Technical,Website Error,Low,Email,Consumer,Agent_07,Resolved,72,29.55,Met,5.0
TKT01801,2026-05-31 12:07:00,2026-06-01 00:51:37.107826677,West,Refund,Refund Failed,Critical,Chat,Consumer,Agent_14,Resolved,12,12.74,Breached,3.0
TKT01802,2026-01-05 11:12:00,,East,Technical,System Issue,Medium,Chat,Consumer,Agent_18,Pending,48,,Pending,3.0
TKT01803,2026-09-23 07:02:00,2026-09-25 01:33:55.486860340,South,Payment,Payment Failed,Low,Phone,Consumer,Agent_15,Resolved,72,42.53,Met,4.0
TKT01804,2026-05-10 19:57:00,2026-05-12 02:15:43.465834746,West,Login,OTP Issue,Medium,Web,Consumer,Agent_01,Resolved,48,30.31,Met,3.0
TKT01805,2026-09-24 01:54:00,2026-09-25 06:27:31.772627985,South,Payment,Payment Failed,Low,Email,Consumer,Agent_16,Resolved,72,28.56,Met,3.0
TKT01806,2026-06-27 03:39:00,2026-07-02 02:43:25.735567954,North,Refund,Refund Failed,Medium,Chat,Consumer,Agent_15,Resolved,48,119.07,Breached,2.0
TKT01807,2026-09-10 00:30:00,2026-09-11 09:19:04.753730413,South,Delivery,Late Delivery,High,Web,Business,Agent_09,Resolved,24,32.82,Breached,2.0
TKT01808,2026-02-25 22:46:00,2026-02-26 12:00:13.531938795,North,Login,OTP Issue,Medium,Chat,Consumer,Agent_07,Closed,48,13.24,Met,4.0
TKT01809,2026-03-24 23:20:00,2026-03-26 09:13:24.698628988,South,Delivery,Damaged Item,Medium,Chat,Business,Agent_12,Resolved,48,33.89,Met,3.0
TKT01810,2026-04-09 19:13:00,,West,Login,Password Reset,Low,Web,Consumer,Agent_09,Pending,72,,Pending,4.0
TKT01811,2026-05-29 10:16:00,2026-05-30 17:40:38.017548651,South,Payment,Card Declined,Low,Phone,Consumer,Agent_12,Resolved,72,31.41,Met,5.0
TKT01812,2026-06-05 08:58:00,2026-06-06 00:46:25.932129642,North,Delivery,Damaged Item,Low,Web,Consumer,Agent_11,Resolved,72,15.81,Met,3.0
TKT01813,2026-07-09 12:18:00,2026-07-09 22:59:21.401311268,West,Delivery,Late Delivery,High,Email,Consumer,Agent_03,Resolved,24,10.69,Met,5.0
TKT01814,2026-09-20 17:05:00,,North,Technical,App Error,Low,Phone,Consumer,Agent_13,Pending,72,,Pending,3.0
TKT01815,2026-03-21 14:30:00,2026-03-23 18:05:01.581578336,North,Account,Account Access,Medium,Email,Business,Agent_05,Resolved,48,51.58,Breached,2.0
TKT01816,2026-09-09 01:40:00,2026-09-12 02:00:09.003939435,West,Technical,Website Error,Medium,Phone,Business,Agent_18,Resolved,48,72.34,Breached,1.0
TKT01817,2026-04-07 18:01:00,,South,Technical,App Error,Low,Chat,Business,Agent_11,Pending,72,,Pending,4.0
TKT01818,2026-09-17 23:32:00,2026-09-19 22:55:04.517133896,East,Payment,Payment Failed,Medium,Web,Consumer,Agent_03,Closed,48,47.38,Met,4.0
TKT01819,2026-09-17 11:31:00,2026-09-20 03:03:31.210609426,East,Technical,System Issue,Medium,Email,Consumer,Agent_09,Resolved,48,63.54,Breached,3.0
TKT01820,2026-04-13 15:40:00,2026-04-14 12:39:43.562973796,South,Account,Profile Update,Medium,Phone,Consumer,Agent_08,Closed,48,21.0,Met,3.0
TKT01821,2026-02-09 05:40:00,2026-02-10 09:06:35.205021891,South,Account,Account Verification,Medium,Chat,Business,Agent_08,Closed,48,27.44,Met,4.0
TKT01822,2026-09-30 14:20:00,2026-10-02 11:38:20.964740601,West,Technical,System Issue,Medium,Chat,Consumer,Agent_13,Resolved,48,45.31,Met,4.0
TKT01823,2026-04-11 17:23:00,2026-04-13 06:56:04.620527614,North,Delivery,Late Delivery,Medium,Web,Consumer,Agent_11,Resolved,48,37.55,Met,5.0
TKT01824,2026-08-09 21:18:00,2026-08-10 21:55:31.165902325,West,Delivery,Late Delivery,Medium,Web,Business,Agent_06,Resolved,48,24.63,Met,5.0
TKT01825,2026-05-04 22:20:00,2026-05-06 05:39:15.442866336,West,Technical,Website Error,High,Email,Consumer,Agent_13,Resolved,24,31.32,Breached,2.0
TKT01826,2026-08-19 00:37:00,2026-08-24 05:54:27.682245110,North,Payment,Card Declined,Low,Phone,Business,Agent_11,Resolved,72,125.29,Breached,1.0
TKT01827,2026-06-27 10:59:00,2026-06-28 12:38:22.202744119,North,Refund,Refund Failed,Medium,Chat,Consumer,Agent_14,Resolved,48,25.66,Met,4.0
TKT01828,2026-03-04 23:29:00,2026-03-07 15:06:32.661472130,South,Delivery,Wrong Item,Low,Email,Business,Agent_14,Closed,72,63.63,Met,5.0
TKT01829,2026-04-26 15:27:00,2026-04-28 04:49:59.937282382,North,Refund,Refund Pending,Low,Email,Consumer,Agent_19,Closed,72,37.38,Met,5.0
TKT01830,2026-07-10 17:29:00,2026-07-14 08:03:08.256772376,North,Technical,System Issue,Medium,Chat,Consumer,Agent_05,Resolved,48,86.57,Breached,1.0
TKT01831,2026-03-03 07:33:00,2026-03-03 19:50:09.932864085,South,Delivery,Late Delivery,High,Phone,Consumer,Agent_15,Closed,24,12.29,Met,5.0
TKT01832,2026-09-13 22:26:00,2026-09-14 11:06:31.062158000,West,Technical,System Issue,High,Email,Consumer,Agent_13,Closed,24,12.68,Met,5.0
TKT01833,2026-01-07 12:16:00,2026-01-08 03:19:55.044413460,East,Technical,Website Error,Low,Web,Consumer,Agent_16,Resolved,72,15.07,Met,4.0
TKT01834,2026-06-04 13:38:00,2026-06-06 19:00:07.661274006,North,Login,OTP Issue,Medium,Chat,Consumer,Agent_19,Closed,48,53.37,Breached,2.0
TKT01835,2026-04-02 12:52:00,,West,Technical,App Error,Medium,Chat,Business,Agent_17,Pending,48,,Pending,3.0
TKT01836,2026-01-14 00:12:00,2026-01-15 21:46:55.864101421,West,Payment,Card Declined,Low,Chat,Consumer,Agent_16,Resolved,72,45.58,Met,5.0
TKT01837,2026-08-17 15:14:00,,East,Technical,App Error,High,Phone,Consumer,Agent_14,Pending,24,,Pending,2.0
TKT01838,2026-03-27 15:20:00,2026-03-30 06:38:59.971243366,North,Payment,Payment Failed,High,Phone,Business,Agent_17,Resolved,24,63.32,Breached,3.0
TKT01839,2026-05-13 13:44:00,2026-05-14 03:52:46.179353353,West,Delivery,Late Delivery,Critical,Email,Business,Agent_07,Resolved,12,14.15,Breached,3.0
TKT01840,2026-07-02 06:10:00,2026-07-03 14:28:10.488696310,West,Login,Account Locked,Low,Email,Consumer,Agent_06,Closed,72,32.3,Met,5.0
TKT01841,2026-03-03 21:54:00,2026-03-05 21:41:37.620474637,North,Payment,Duplicate Charge,Low,Chat,Business,Agent_05,Closed,72,47.79,Met,4.0
TKT01842,2026-08-07 05:31:00,2026-08-07 23:04:18.893042632,North,Payment,Payment Failed,High,Email,Consumer,Agent_01,Closed,24,17.56,Met,5.0
TKT01843,2026-09-03 04:20:00,2026-09-04 06:03:49.850007722,West,Payment,Payment Failed,High,Chat,Consumer,Agent_16,Resolved,24,25.73,Breached,2.0
TKT01844,2026-08-18 20:28:00,2026-08-19 07:36:19.207426246,South,Delivery,Late Delivery,High,Web,Business,Agent_14,Resolved,24,11.14,Met,5.0
TKT01845,2026-03-20 11:36:00,2026-03-20 22:58:26.623858429,South,Payment,Card Declined,Low,Email,Business,Agent_02,Resolved,72,11.37,Met,4.0
TKT01846,2026-05-29 11:26:00,2026-05-31 02:41:55.657734443,West,Account,Account Access,Medium,Phone,Consumer,Agent_04,Resolved,48,39.27,Met,5.0
TKT01847,2026-05-18 15:49:00,2026-05-20 10:13:32.738798822,North,Payment,Duplicate Charge,Medium,Phone,Consumer,Agent_01,Resolved,48,42.41,Met,5.0
TKT01848,2026-03-06 06:26:00,2026-03-06 21:28:34.260550378,North,Technical,Website Error,Low,Chat,Consumer,Agent_02,Closed,72,15.04,Met,5.0
TKT01849,2026-01-13 13:40:00,2026-01-13 20:13:01.275801242,South,Refund,Refund Pending,Medium,Web,Business,Agent_09,Resolved,48,6.55,Met,4.0
TKT01850,2026-08-01 07:47:00,2026-08-03 13:42:40.311938049,South,Delivery,Late Delivery,Medium,Email,Business,Agent_01,Resolved,48,53.93,Breached,2.0
TKT01851,2026-08-30 23:58:00,2026-09-02 04:24:54.205161550,,Payment,Card Declined,Low,Email,Consumer,Agent_20,Resolved,72,52.45,Met,3.0
TKT01852,2026-08-01 01:08:00,2026-08-02 04:37:39.238015988,South,Account,Profile Update,Medium,Web,Business,Agent_16,Resolved,48,27.49,Met,3.0
TKT01853,2026-06-30 18:47:00,2026-07-01 13:16:46.507949768,North,Login,Account Locked,Medium,Web,Consumer,Agent_14,Resolved,48,18.5,Met,4.0
TKT01854,2026-06-22 19:44:00,2026-06-25 20:13:44.800738951,South,Account,Profile Update,Medium,Email,Consumer,Agent_13,Resolved,48,72.5,Breached,4.0
TKT01855,2026-06-09 03:19:00,2026-06-10 03:10:03.061657479,West,Delivery,Damaged Item,High,Chat,Consumer,Agent_19,Resolved,24,23.85,Met,5.0
TKT01856,2026-06-13 03:35:00,2026-06-15 08:36:13.333988020,East,Delivery,Wrong Item,Medium,Email,Consumer,Agent_15,Resolved,48,53.02,Breached,2.0
TKT01857,2026-07-07 03:31:00,2026-07-07 19:39:17.718973742,East,Refund,Refund Pending,Medium,Web,Business,Agent_18,Resolved,48,16.14,Met,5.0
TKT01858,2026-07-10 08:27:00,2026-07-11 04:01:57.971804624,North,Technical,System Issue,Critical,Phone,Consumer,Agent_03,Resolved,12,19.58,Breached,3.0
TKT01859,2026-09-13 00:15:00,2026-09-13 13:07:14.514684556,West,Delivery,Damaged Item,Critical,Email,Consumer,Agent_15,Resolved,12,12.87,Breached,4.0
TKT01860,2026-07-02 14:43:00,2026-07-06 09:06:58.820227220,South,Login,Account Locked,Low,Web,Consumer,Agent_15,Resolved,72,90.4,Breached,4.0
TKT01861,2026-04-27 05:31:00,,East,Payment,Card Declined,High,Phone,Business,Agent_05,Pending,24,,Pending,3.0
TKT01862,2026-07-15 11:56:00,2026-07-17 06:06:33.183269716,East,Payment,Duplicate Charge,Low,Email,Consumer,Agent_13,Resolved,72,42.18,Met,4.0
TKT01863,2026-02-03 09:10:00,2026-02-04 23:38:42.484214694,West,Payment,Duplicate Charge,Low,Chat,Consumer,Agent_20,Closed,72,38.48,Met,5.0
TKT01864,2026-02-21 15:41:00,2026-02-22 13:04:25.703487175,East,Delivery,Wrong Item,Medium,Chat,Consumer,Agent_16,Closed,48,21.39,Met,4.0
TKT01865,2026-04-22 04:15:00,2026-04-23 09:43:33.155820210,West,Login,Password Reset,Medium,Email,Consumer,Agent_20,Resolved,48,29.48,Met,5.0
TKT01866,2026-09-09 16:31:00,2026-09-12 02:02:09.550205029,North,Login,Account Locked,High,Email,Consumer,Agent_15,Resolved,24,57.52,Breached,3.0
TKT01867,2026-03-23 12:07:00,,East,Payment,Duplicate Charge,High,Phone,Consumer,Agent_14,Pending,24,,Pending,2.0
TKT01868,2026-08-20 14:39:00,2026-08-20 21:23:29.278606408,South,Login,Password Reset,Critical,Chat,Consumer,Agent_09,Resolved,12,6.74,Met,5.0
TKT01869,2026-08-15 13:34:00,2026-08-15 21:52:29.393181154,West,Refund,Refund Pending,High,Web,Consumer,Agent_18,Resolved,24,8.31,Met,4.0
TKT01870,2026-08-21 19:55:00,2026-08-23 07:46:59.300956256,North,Technical,System Issue,Medium,Email,Consumer,Agent_17,Resolved,48,35.87,Met,4.0
TKT01871,2026-08-09 10:48:00,2026-08-09 17:42:50.670754855,South,Delivery,Late Delivery,High,Chat,Consumer,Agent_05,Resolved,24,6.91,Met,3.0
TKT01872,2026-02-11 16:39:00,2026-02-12 02:53:36.833660804,West,Account,Profile Update,Critical,Chat,Consumer,Agent_15,Closed,12,10.24,Met,5.0
TKT01873,2026-01-21 07:50:00,2026-01-21 16:49:42.636730084,South,Account,Profile Update,High,Email,Consumer,Agent_11,Closed,24,9.0,Met,3.0
TKT01874,2026-02-11 23:27:00,2026-02-13 03:21:25.345621821,East,Login,Password Reset,High,Email,Business,Agent_12,Resolved,24,27.91,Breached,3.0
TKT01875,2026-04-23 11:29:00,2026-04-23 19:55:17.055964932,North,Account,Profile Update,Critical,,Consumer,Agent_07,Resolved,12,8.44,Met,5.0
TKT01876,2026-04-15 11:39:00,2026-04-16 22:02:18.722596941,West,Technical,System Issue,Low,Email,Consumer,Agent_20,Resolved,72,34.39,Met,5.0
TKT01877,2026-07-11 08:26:00,,West,Refund,Refund Request,High,Web,Consumer,Agent_09,Pending,24,,Pending,4.0
TKT01878,2026-01-17 16:31:00,2026-01-19 00:03:21.819750367,North,Technical,Website Error,High,Email,Business,Agent_03,Resolved,24,31.54,Breached,2.0
TKT01879,2026-04-30 16:49:00,2026-05-01 04:28:41.125134711,South,Technical,Website Error,Critical,Phone,Business,Agent_17,Closed,12,11.66,Met,4.0
TKT01880,2026-05-09 13:23:00,2026-05-12 15:47:33.066365796,North,Payment,Card Declined,Low,Email,Consumer,Agent_09,Resolved,72,74.41,Breached,1.0
TKT01881,2026-05-10 13:50:00,2026-05-11 04:36:32.926816074,North,Account,Profile Update,Medium,Phone,Business,Agent_11,Closed,48,14.78,Met,5.0
TKT01882,2026-03-01 22:28:00,2026-03-02 12:41:16.902839542,North,Technical,System Issue,High,Email,Consumer,Agent_14,Resolved,24,14.22,Met,5.0
TKT01883,2026-02-17 03:33:00,2026-02-18 05:11:24.752216436,North,Technical,Website Error,Low,Chat,Consumer,Agent_10,Closed,72,25.64,Met,4.0
TKT01884,2026-01-29 20:31:00,2026-01-30 20:44:31.266513919,East,Technical,App Error,Medium,Email,Consumer,Agent_04,Resolved,48,24.23,Met,5.0
TKT01885,2026-04-07 02:48:00,2026-04-07 22:01:14.499232341,West,Refund,Refund Pending,Medium,Phone,Consumer,Agent_16,Closed,48,19.22,Met,4.0
TKT01886,2026-01-10 22:33:00,2026-01-13 19:35:06.116808793,South,Account,Account Verification,Medium,Email,Consumer,Agent_16,Resolved,48,69.04,Breached,3.0
TKT01887,2026-08-30 21:43:00,2026-09-02 00:50:38.198443173,South,Login,OTP Issue,Medium,Email,Business,Agent_12,Resolved,48,51.13,Breached,2.0
TKT01888,2026-08-20 16:17:00,2026-08-21 22:28:15.214842099,North,Delivery,Late Delivery,Medium,Chat,Consumer,Agent_06,Resolved,48,30.19,Met,5.0
TKT01889,2026-07-22 22:08:00,2026-07-23 18:29:45.798781701,North,Login,OTP Issue,Medium,Chat,Business,Agent_07,Resolved,48,20.36,Met,4.0
TKT01890,2026-09-04 02:25:00,2026-09-04 18:45:39.577479424,South,Technical,Website Error,Medium,Phone,Consumer,Agent_08,Resolved,48,16.34,Met,5.0
TKT01891,2026-09-21 08:35:00,2026-09-24 04:32:31.407696043,South,Refund,Refund Failed,Medium,Email,Business,Agent_06,Resolved,48,67.96,Breached,2.0
TKT01892,2026-08-02 18:33:00,2026-08-04 16:37:27.631776586,East,Payment,Duplicate Charge,Low,Email,Business,Agent_07,Resolved,72,46.07,Met,5.0
TKT01893,2026-07-19 07:32:00,2026-07-20 14:26:17.592045606,North,Technical,App Error,Low,Chat,Business,Agent_09,Resolved,72,30.9,Met,4.0
TKT01894,2026-03-20 00:59:00,2026-03-22 02:25:22.071650280,South,Technical,Website Error,Low,Phone,Consumer,Agent_16,Resolved,72,49.44,Met,4.0
TKT01895,2026-06-22 22:14:00,2026-06-24 22:59:37.722362752,West,Login,OTP Issue,Medium,Email,Consumer,Agent_13,Resolved,48,48.76,Breached,4.0
TKT01896,2026-03-10 08:47:00,2026-03-10 18:55:48.439123868,East,Login,Password Reset,High,Phone,Consumer,Agent_15,Resolved,24,10.15,Met,4.0
TKT01897,2026-03-28 20:50:00,2026-04-02 03:12:02.350981264,East,Login,Account Locked,Low,Phone,Consumer,Agent_18,Resolved,72,102.37,Breached,1.0
TKT01898,2026-04-11 17:03:00,2026-04-12 06:25:07.631710251,North,Payment,Card Declined,Low,Phone,Consumer,Agent_04,Resolved,72,13.37,Met,5.0
TKT01899,2026-01-08 07:53:00,2026-01-08 16:10:02.575034595,East,Login,OTP Issue,High,Chat,Business,Agent_05,Resolved,24,8.28,Met,5.0
TKT01900,2026-07-19 12:36:00,2026-07-20 06:26:37.969685851,East,Technical,Website Error,Medium,Web,Consumer,Agent_08,Closed,48,17.84,Met,4.0
TKT01901,2026-03-28 13:01:00,2026-03-28 20:27:19.065731748,West,Payment,Card Declined,Critical,Chat,Consumer,Agent_04,Resolved,12,7.44,Met,4.0
TKT01902,2026-02-12 18:22:00,2026-02-14 11:39:23.845113852,East,Payment,Duplicate Charge,High,Email,Consumer,Agent_17,Resolved,24,41.29,Breached,2.0
TKT01903,2026-04-19 07:12:00,2026-04-19 20:01:35.074966306,West,Account,Profile Update,Medium,Phone,Business,Agent_17,Resolved,48,12.83,Met,5.0
TKT01904,2026-06-01 19:36:00,,East,Login,Password Reset,Medium,Phone,Consumer,Agent_02,Pending,48,,Pending,4.0
TKT01905,2026-01-17 06:40:00,2026-01-18 17:59:22.713707982,East,Delivery,Late Delivery,Medium,Phone,Consumer,Agent_16,Resolved,48,35.32,Met,4.0
TKT01906,2026-05-13 21:42:00,2026-05-15 18:06:15.728990551,North,Delivery,Damaged Item,Low,Email,Business,Agent_19,Closed,72,44.4,Met,5.0
TKT01907,2026-05-28 00:56:00,2026-05-30 08:03:03.015729386,North,Delivery,Late Delivery,Low,Email,Business,Agent_07,Resolved,72,55.12,Met,5.0
TKT01908,2026-08-20 16:42:00,2026-08-22 03:42:20.951533141,North,Login,Password Reset,Low,Phone,Consumer,Agent_11,Resolved,72,35.01,Met,5.0
TKT01909,2026-08-16 03:05:00,2026-08-17 08:18:35.748242911,North,Technical,App Error,High,Phone,Business,Agent_01,Resolved,24,29.23,Breached,2.0
TKT01910,2026-05-19 06:37:00,2026-05-23 16:13:08.675410057,South,Technical,Website Error,Medium,Phone,Business,Agent_18,Resolved,48,105.6,Breached,2.0
TKT01911,2026-07-30 10:04:00,2026-07-31 13:23:21.517295916,North,Delivery,Damaged Item,Low,Email,Consumer,Agent_07,Resolved,72,27.32,Met,5.0
TKT01912,2026-01-28 13:07:00,2026-01-29 01:09:56.595361754,North,Login,OTP Issue,High,Phone,Consumer,Agent_13,Resolved,24,12.05,Met,5.0
TKT01913,2026-02-20 02:37:00,2026-02-20 21:08:28.009195345,North,Account,Account Verification,Medium,Phone,Business,Agent_03,Closed,48,18.52,Met,5.0
TKT01914,2026-09-18 23:02:00,2026-09-19 17:11:12.721877060,East,Refund,Refund Pending,Medium,Chat,Consumer,Agent_09,Resolved,48,18.15,Met,5.0
TKT01915,2026-09-18 09:48:00,2026-09-21 18:17:53.454858597,East,Payment,Payment Failed,Low,Phone,Business,Agent_17,Resolved,72,80.5,Breached,4.0
TKT01916,2026-01-08 07:45:00,2026-01-13 14:46:39.092191784,East,Payment,Card Declined,Medium,Chat,Consumer,Agent_02,Closed,48,127.03,Breached,2.0
TKT01917,2026-05-18 07:25:00,2026-05-18 22:43:52.059576549,North,Delivery,Late Delivery,Critical,Phone,Consumer,Agent_15,Closed,12,15.31,Breached,3.0
TKT01918,2026-02-07 13:20:00,2026-02-09 15:48:54.018486645,West,Technical,App Error,Low,Chat,Consumer,Agent_09,Resolved,72,50.48,Met,5.0
TKT01919,2026-04-21 18:16:00,2026-04-22 13:33:56.094841021,South,Payment,Payment Failed,Medium,Chat,Consumer,Agent_07,Resolved,48,19.3,Met,5.0
TKT01920,2026-08-08 15:28:00,2026-08-09 22:07:11.828994552,West,Refund,Refund Request,Low,Email,Consumer,Agent_19,Resolved,72,30.65,Met,5.0
TKT01921,2026-08-11 00:16:00,2026-08-12 07:00:10.981559194,West,Technical,App Error,Low,Phone,Business,Agent_11,Resolved,72,30.74,Met,4.0
TKT01922,2026-05-16 12:10:00,2026-05-19 00:39:52.917292762,West,Refund,Refund Request,Medium,Phone,Consumer,Agent_18,Resolved,48,60.5,Breached,1.0
TKT01923,2026-09-13 05:25:00,2026-09-14 00:40:15.697053269,West,Delivery,Damaged Item,High,Phone,Consumer,Agent_17,Resolved,24,19.25,Met,4.0
TKT01924,2026-02-18 16:34:00,2026-02-19 03:46:43.474338932,South,Account,Account Verification,Critical,Chat,Consumer,Agent_04,Resolved,12,11.21,Met,5.0
TKT01925,2026-03-19 10:12:00,2026-03-21 23:37:34.265942886,West,Payment,Card Declined,Low,Email,Business,Agent_02,Resolved,72,61.43,Met,5.0
TKT01926,2026-04-15 09:05:00,2026-04-16 19:05:49.129510780,North,Technical,Website Error,Medium,Web,Consumer,Agent_17,Resolved,48,34.01,Met,4.0
TKT01927,2026-06-18 09:55:00,2026-06-19 20:53:07.294222243,West,Login,Account Locked,Medium,Chat,Consumer,Agent_20,Resolved,48,34.97,Met,3.0
TKT01928,2026-08-05 15:20:00,2026-08-06 01:57:09.864731528,South,Payment,Duplicate Charge,Medium,Web,Consumer,Agent_01,Closed,48,10.62,Met,4.0
TKT01929,2026-04-29 14:01:00,2026-04-30 06:43:51.360730948,South,Technical,System Issue,Medium,Chat,Consumer,Agent_13,Resolved,48,16.71,Met,4.0
TKT01930,2026-07-09 20:25:00,2026-07-11 19:01:08.656752743,West,Technical,App Error,Low,Chat,Business,Agent_10,Resolved,72,46.6,Met,3.0
TKT01931,2026-09-12 05:43:00,2026-09-13 18:23:06.133924920,North,Payment,Card Declined,Medium,Phone,Business,Agent_17,Closed,48,36.67,Met,5.0
TKT01932,2026-09-23 14:18:00,2026-09-25 01:07:54.965801787,West,Payment,Payment Failed,Medium,Chat,Consumer,Agent_17,Closed,48,34.83,Met,4.0
TKT01933,2026-05-29 23:43:00,2026-05-30 19:58:02.333369653,East,Account,Account Access,High,Chat,Business,Agent_11,Closed,24,20.25,Met,5.0
TKT01934,2026-06-13 20:41:00,2026-06-14 15:33:19.905545884,South,Payment,Card Declined,High,Email,Consumer,Agent_09,Resolved,24,18.87,Met,3.0
TKT01935,2026-05-20 07:24:00,2026-05-24 20:59:42.677581372,West,Payment,Duplicate Charge,Low,Phone,Consumer,Agent_03,Resolved,72,109.6,Breached,3.0
TKT01936,2026-09-15 03:41:00,2026-09-15 12:25:48.037212571,East,Delivery,Late Delivery,Low,Email,Consumer,Agent_10,Resolved,72,8.75,Met,5.0
TKT01937,2026-09-26 23:26:00,2026-09-27 20:01:51.680859176,North,Refund,Refund Failed,Critical,Web,Consumer,Agent_17,Resolved,12,20.6,Breached,2.0
TKT01938,2026-06-30 09:51:00,2026-07-02 22:18:03.139083273,East,Technical,System Issue,Medium,Phone,Consumer,Agent_16,Resolved,48,60.45,Breached,3.0
TKT01939,2026-06-09 17:10:00,2026-06-10 18:43:23.592047976,South,Payment,Card Declined,High,Email,Business,Agent_16,Resolved,24,25.56,Breached,1.0
TKT01940,2026-08-14 21:35:00,,East,Delivery,Wrong Item,Low,Phone,Consumer,Agent_15,Pending,72,,Pending,4.0
TKT01941,2026-01-11 16:57:00,2026-01-12 12:50:43.092216481,East,Refund,Refund Failed,Medium,Phone,Business,Agent_13,Resolved,48,19.9,Met,5.0
TKT01942,2026-01-10 00:15:00,2026-01-11 01:12:43.247000347,East,Account,Profile Update,Medium,Web,Business,Agent_02,Resolved,48,24.96,Met,5.0
TKT01943,2026-09-28 08:43:00,2026-09-29 00:41:52.748817063,North,Delivery,Wrong Item,High,Chat,Business,Agent_06,Resolved,24,15.98,Met,4.0
TKT01944,2026-09-30 13:22:00,2026-10-01 12:36:44.175530936,North,Technical,App Error,Low,Web,Consumer,Agent_03,Resolved,72,23.25,Met,3.0
TKT01945,2026-07-02 00:20:00,2026-07-05 18:36:24.582963417,North,Login,Account Locked,Low,Email,Business,Agent_01,Resolved,72,90.27,Breached,2.0
TKT01946,2026-06-02 03:47:00,2026-06-03 12:31:07.584156060,North,Payment,Payment Failed,Medium,Phone,Consumer,Agent_17,Resolved,48,32.74,Met,3.0
TKT01947,2026-05-04 16:47:00,,West,Delivery,Damaged Item,High,Chat,Consumer,Agent_01,Pending,24,,Pending,3.0
TKT01948,2026-04-24 21:51:00,2026-04-25 04:04:13.898152862,East,Delivery,Late Delivery,Critical,Email,Consumer,Agent_11,Closed,12,6.22,Met,4.0
TKT01949,2026-08-01 13:28:00,2026-08-02 07:41:33.162486294,South,Refund,Refund Request,Critical,Web,Consumer,Agent_04,Closed,12,18.23,Breached,2.0
TKT01950,2026-06-21 19:17:00,,East,Technical,Website Error,Critical,Phone,Consumer,Agent_11,Pending,12,,Pending,2.0
TKT01951,2026-06-23 21:46:00,2026-06-27 19:22:20.919394886,West,Payment,Payment Failed,Low,Web,Consumer,Agent_13,Resolved,72,93.61,Breached,4.0
TKT01952,2026-04-23 06:43:00,2026-04-25 01:04:56.065645098,East,Login,OTP Issue,Low,Phone,Business,Agent_17,Resolved,72,42.37,Met,5.0
TKT01953,2026-05-02 18:09:00,2026-05-03 22:34:15.055412156,East,Delivery,Wrong Item,Low,Phone,Consumer,Agent_20,Resolved,72,28.42,Met,3.0
TKT01954,2026-02-01 07:16:00,2026-02-02 13:02:17.792940097,South,Account,Profile Update,Medium,Chat,Consumer,Agent_13,Resolved,48,29.77,Met,4.0
TKT01955,2026-08-10 13:48:00,2026-08-10 22:43:07.929553929,South,Payment,Duplicate Charge,High,Web,Consumer,Agent_17,Resolved,24,8.92,Met,4.0
TKT01956,2026-04-29 15:33:00,2026-04-30 08:09:40.677232204,South,Technical,App Error,High,Email,Consumer,Agent_02,Resolved,24,16.61,Met,4.0
TKT01957,2026-02-08 04:18:00,2026-02-12 06:11:40.211419920,East,Login,OTP Issue,Low,Phone,Business,Agent_02,Resolved,72,97.89,Breached,4.0
TKT01958,2026-09-25 01:42:00,2026-09-26 00:17:39.684673222,West,Technical,System Issue,Medium,Phone,Consumer,Agent_18,Resolved,48,22.59,Met,5.0
TKT01959,2026-08-21 16:32:00,2026-08-22 13:11:16.886008429,North,Account,Account Verification,Critical,Email,Business,Agent_06,Resolved,12,20.65,Breached,4.0
TKT01960,2026-01-18 12:48:00,2026-01-19 18:24:03.271745415,North,Login,Account Locked,Medium,Email,Business,Agent_02,Resolved,48,29.6,Met,5.0
TKT01961,2026-05-29 18:44:00,2026-06-01 23:33:34.927876466,East,Account,Account Access,Low,Email,Consumer,Agent_11,Resolved,72,76.83,Breached,3.0
TKT01962,2026-05-29 20:21:00,2026-05-31 11:09:24.839365222,North,Delivery,Wrong Item,Medium,Email,Consumer,Agent_17,Resolved,48,38.81,Met,5.0
TKT01963,2026-05-06 13:32:00,2026-05-09 16:56:11.117536441,North,Account,Profile Update,Medium,Web,Consumer,Agent_09,Resolved,48,75.4,Breached,3.0
TKT01964,2026-08-26 03:45:00,2026-08-27 15:02:25.015447089,East,Technical,Website Error,Medium,Phone,Consumer,Agent_20,Resolved,48,35.29,Met,5.0
TKT01965,2026-05-15 15:42:00,2026-05-17 03:10:16.322762866,East,Account,Account Access,Medium,Chat,Consumer,Agent_05,Resolved,48,35.47,Met,4.0
TKT01966,2026-05-31 07:42:00,2026-06-05 10:13:08.915487290,West,Technical,App Error,Low,Email,Business,Agent_20,Resolved,72,122.52,Breached,3.0
TKT01967,2026-08-24 03:56:00,2026-08-24 22:42:02.065784998,North,Login,Password Reset,Critical,Chat,Consumer,Agent_15,Resolved,12,18.77,Breached,2.0
TKT01968,2026-08-12 17:29:00,2026-08-14 16:06:07.811493859,East,Payment,Card Declined,Medium,Chat,Consumer,Agent_17,Closed,48,46.62,Met,5.0
TKT01969,2026-07-22 19:04:00,2026-07-23 14:57:55.787384068,North,Login,Password Reset,Medium,Chat,Consumer,Agent_10,Resolved,48,19.9,Met,4.0
TKT01970,2026-09-13 08:25:00,2026-09-13 20:04:31.888560909,South,Technical,System Issue,Critical,Web,Consumer,Agent_06,Resolved,12,11.66,Met,3.0
TKT01971,2026-03-27 20:05:00,2026-04-03 08:43:43.685225851,South,Technical,System Issue,Low,Email,Business,Agent_13,Resolved,72,156.65,Breached,2.0
TKT01972,2026-05-30 13:33:00,2026-06-01 13:51:49.754774203,West,Refund,Refund Failed,Low,Chat,Business,Agent_16,Closed,72,48.31,Met,5.0
TKT01973,2026-08-23 12:46:00,2026-08-24 03:51:53.822681660,East,Payment,Duplicate Charge,High,Chat,Consumer,Agent_02,Resolved,24,15.1,Met,5.0
TKT01974,2026-01-22 10:33:00,2026-01-23 22:39:36.633659688,North,Account,Account Verification,Medium,Phone,Business,Agent_20,Resolved,48,36.11,Met,5.0
TKT01975,2026-09-26 22:18:00,2026-09-28 01:22:29.287106889,South,Refund,Refund Request,High,Email,Consumer,Agent_05,Closed,24,27.07,Breached,1.0
TKT01976,2026-09-15 16:30:00,2026-09-16 04:00:33.184467676,East,Payment,Payment Failed,Medium,Web,Consumer,Agent_17,Resolved,48,11.51,Met,3.0
TKT01977,2026-01-29 10:17:00,2026-01-31 01:10:36.999552354,South,Delivery,Late Delivery,Low,Email,Consumer,Agent_07,Resolved,72,38.89,Met,4.0
TKT01978,2026-08-01 04:32:00,2026-08-02 21:51:30.422431624,South,Technical,App Error,Medium,Email,Consumer,Agent_17,Resolved,48,41.33,Met,5.0
TKT01979,2026-02-19 03:51:00,,East,Payment,Duplicate Charge,Low,Email,Consumer,Agent_05,Pending,72,,Pending,4.0
TKT01980,2026-04-05 12:47:00,2026-04-06 05:22:46.606659759,South,Technical,App Error,High,Email,Consumer,Agent_06,Closed,24,16.6,Met,5.0
TKT01981,2026-03-29 08:15:00,2026-03-30 15:23:25.427788918,East,Refund,Refund Failed,Medium,Phone,Consumer,Agent_10,Resolved,48,31.14,Met,5.0
TKT01982,2026-02-13 17:27:00,2026-02-13 23:15:15.971426208,West,Payment,Payment Failed,Critical,Chat,Consumer,Agent_05,Resolved,12,5.8,Met,5.0
TKT01983,2026-06-20 18:52:00,2026-06-21 21:48:37.161585103,East,Delivery,Late Delivery,High,Phone,Consumer,Agent_14,Resolved,24,26.94,Breached,2.0
TKT01984,2026-07-08 08:21:00,2026-07-12 08:33:32.927412758,South,Login,Password Reset,Low,Web,Consumer,Agent_20,Resolved,72,96.21,Breached,1.0
TKT01985,2026-07-03 00:24:00,2026-07-04 08:40:01.524866455,South,Refund,Refund Pending,High,Chat,Consumer,Agent_14,Resolved,24,32.27,Breached,4.0
TKT01986,2026-01-03 20:10:00,2026-01-05 21:09:08.158213924,North,Payment,Duplicate Charge,Medium,Email,Consumer,Agent_02,Resolved,48,48.99,Breached,1.0
TKT01987,2026-07-10 04:47:00,2026-07-12 00:19:32.798648684,West,Delivery,Wrong Item,High,Phone,Consumer,Agent_09,Resolved,24,43.54,Breached,3.0
TKT01988,2026-04-28 05:37:00,2026-04-28 18:54:57.826955587,South,Delivery,Damaged Item,High,Email,Business,Agent_18,Closed,24,13.3,Met,5.0
TKT01989,2026-01-19 17:40:00,2026-01-21 19:09:55.493438298,West,Delivery,Damaged Item,Medium,Email,Consumer,Agent_18,Resolved,48,49.5,Breached,1.0
TKT01990,2026-01-23 02:16:00,2026-01-25 04:36:03.583323063,,Refund,Refund Failed,Medium,Web,Business,Agent_09,Resolved,48,50.33,Breached,1.0
TKT01991,2026-01-30 08:27:00,2026-01-31 04:07:22.981319068,West,Account,Account Verification,Medium,Chat,Consumer,Agent_05,Closed,48,19.67,Met,4.0
TKT01992,2026-04-18 03:46:00,2026-04-20 06:20:34.436142015,East,Payment,Payment Failed,Medium,Web,Consumer,Agent_18,Resolved,48,50.58,Breached,3.0
TKT01993,2026-05-08 05:19:00,2026-05-09 11:48:27.635422790,West,Login,Account Locked,Low,Web,Consumer,Agent_12,Closed,72,30.49,Met,3.0
TKT01994,2026-08-17 15:15:00,2026-08-20 02:57:34.270103995,South,Technical,Website Error,Medium,Chat,Consumer,Agent_06,Resolved,48,59.71,Breached,2.0
TKT01995,2026-04-21 20:05:00,2026-04-22 20:53:02.568924705,South,Technical,App Error,Low,Web,Business,Agent_17,Closed,72,24.8,Met,5.0
TKT01996,2026-05-16 01:25:00,,East,Login,OTP Issue,Low,Chat,Business,Agent_14,Pending,72,,Pending,2.0
TKT01997,2026-07-05 15:25:00,2026-07-07 12:45:24.363883604,South,Technical,System Issue,Low,Web,Business,Agent_10,Resolved,72,45.34,Met,3.0
TKT01998,2026-05-24 00:52:00,2026-05-24 19:47:05.100233602,North,Login,Password Reset,Medium,Phone,Consumer,Agent_19,Resolved,48,18.92,Met,4.0
TKT01999,2026-03-13 14:19:00,2026-03-15 07:33:59.408152353,South,Refund,Refund Pending,Medium,Chat,Consumer,Agent_03,Resolved,48,41.25,Met,4.0
TKT02000,2026-05-09 14:26:00,2026-05-10 03:40:31.307852922,North,Payment,Duplicate Charge,High,Email,Consumer,Agent_10,Resolved,24,13.24,Met,5.0
TKT02001,2026-09-18 20:58:00,2026-09-19 07:02:43.573331740,West,Refund,Refund Request,Medium,Web,Consumer,Agent_14,Resolved,48,10.08,Met,5.0
TKT02002,2026-01-03 07:12:00,2026-01-03 23:54:39.087149814,West,Login,OTP Issue,Medium,Web,Consumer,Agent_15,Resolved,48,16.71,Met,3.0
TKT02003,2026-04-14 16:38:00,2026-04-18 22:43:39.977488978,South,Delivery,Late Delivery,Medium,,Consumer,Agent_16,Closed,48,102.09,Breached,4.0
TKT02004,2026-08-12 01:39:00,2026-08-13 16:20:22.598802355,South,Account,Account Verification,High,Web,Consumer,Agent_06,Closed,24,38.69,Breached,2.0
TKT02005,2026-01-10 16:29:00,2026-01-13 07:08:24.544071813,East,Technical,App Error,Medium,Web,Consumer,Agent_14,Closed,48,62.66,Breached,3.0
TKT02006,2026-08-19 09:58:00,2026-08-20 02:24:49.922841706,West,Login,Account Locked,Critical,Chat,Business,Agent_04,Resolved,12,16.45,Breached,3.0
TKT02007,2026-08-07 06:42:00,2026-08-07 15:49:22.801715378,North,Technical,App Error,Critical,Chat,Consumer,Agent_13,Resolved,12,9.12,Met,5.0
TKT02008,2026-03-07 06:35:00,2026-03-07 21:15:14.946676590,East,Technical,App Error,High,Web,Consumer,Agent_08,Closed,24,14.67,Met,3.0
TKT02009,2026-04-22 06:54:00,2026-04-23 02:49:50.474659026,East,Refund,Refund Pending,Critical,Chat,Consumer,Agent_09,Resolved,12,19.93,Breached,1.0
TKT02010,2026-01-13 15:38:00,2026-01-14 05:21:06.080990203,West,Account,Account Verification,Medium,Web,Consumer,Agent_11,Resolved,48,13.72,Met,5.0
TKT02011,2026-03-27 11:16:00,2026-03-28 09:28:07.680338575,East,Payment,Card Declined,Medium,Web,Business,Agent_05,Resolved,48,22.2,Met,4.0
TKT02012,2026-08-22 07:42:00,2026-08-23 13:33:38.431234951,North,Payment,Payment Failed,High,Web,Consumer,Agent_05,Resolved,24,29.86,Breached,2.0
TKT02013,2026-03-31 09:00:00,2026-04-01 13:27:21.330001576,East,Login,Password Reset,High,Email,Business,Agent_18,Resolved,24,28.46,Breached,2.0
TKT02014,2026-02-23 23:07:00,2026-02-24 20:15:59.951148975,North,Payment,Payment Failed,High,Chat,Consumer,Agent_16,Resolved,24,21.15,Met,4.0
TKT02015,2026-01-12 19:13:00,2026-01-13 11:25:06.038429799,North,Delivery,Wrong Item,High,Email,Consumer,Agent_19,Resolved,24,16.2,Met,5.0
TKT02016,2026-07-28 01:23:00,2026-07-28 07:12:32.953118376,South,Payment,Card Declined,Critical,Phone,Business,Agent_09,Resolved,12,5.83,Met,5.0
TKT02017,2026-01-14 04:30:00,2026-01-16 03:21:56.423746497,West,Login,Account Locked,Medium,Phone,Consumer,Agent_11,Closed,48,46.87,Met,5.0
TKT02018,2026-05-01 04:03:00,2026-05-01 11:57:37.485729388,West,Payment,Duplicate Charge,High,Web,Consumer,Agent_11,Resolved,24,7.91,Met,4.0
TKT02019,2026-01-20 06:27:00,2026-01-21 02:34:14.748424806,West,Technical,App Error,High,Email,Business,Agent_14,Resolved,24,20.12,Met,4.0
TKT02020,2026-03-16 03:33:00,2026-03-17 04:00:28.108817618,West,Delivery,Late Delivery,High,Web,Business,Agent_10,Resolved,24,24.46,Breached,2.0
TKT02021,2026-08-31 13:37:00,2026-09-02 07:25:53.617852166,North,Login,Account Locked,Medium,Web,Consumer,Agent_09,Resolved,48,41.81,Met,5.0
TKT02022,2026-08-11 19:49:00,2026-08-11 23:49:14.673249417,West,Refund,Refund Failed,High,Web,Business,Agent_05,Resolved,24,4.0,Met,5.0
TKT02023,2026-03-11 00:58:00,2026-03-11 09:55:02.838428301,West,Refund,Refund Request,Critical,Web,Business,Agent_11,Resolved,12,8.95,Met,5.0
TKT02024,2026-07-30 14:42:00,2026-07-31 02:35:03.484003812,North,Technical,System Issue,Low,Web,Business,Agent_09,Resolved,72,11.88,Met,3.0
TKT02025,2026-04-11 14:02:00,2026-04-12 16:53:49.444693358,South,Payment,Duplicate Charge,Medium,Phone,Business,Agent_13,Resolved,48,26.86,Met,5.0
TKT02026,2026-07-05 15:23:00,2026-07-06 15:23:45.090440240,West,Account,Account Verification,Medium,Chat,Consumer,Agent_19,Resolved,48,24.01,Met,5.0
TKT02027,2026-05-12 02:02:00,2026-05-12 21:06:19.390138590,East,Refund,Refund Request,Critical,Chat,Consumer,Agent_08,Closed,12,19.07,Breached,3.0
TKT02028,2026-04-21 23:56:00,2026-04-23 12:15:45.866460072,South,Account,Profile Update,Medium,Chat,Consumer,Agent_04,Resolved,48,36.33,Met,4.0
TKT02029,2026-05-12 19:22:00,2026-05-14 19:49:16.280183196,South,Payment,Card Declined,Low,Phone,Consumer,Agent_12,Resolved,72,48.45,Met,4.0
TKT02030,2026-01-20 20:52:00,,South,Refund,Refund Failed,Medium,Email,Business,Agent_07,Pending,48,,Pending,3.0
TKT02031,2026-01-24 21:37:00,2026-01-26 06:06:13.921017266,West,Technical,App Error,High,Phone,Business,Agent_08,Resolved,24,32.49,Breached,3.0
TKT02032,2026-08-15 07:18:00,2026-08-19 03:13:19.965214228,North,Delivery,Wrong Item,Low,Phone,Consumer,Agent_19,Resolved,72,91.92,Breached,2.0
TKT02033,2026-06-03 17:01:00,2026-06-04 13:52:43.935026223,West,Refund,Refund Request,Medium,Email,Consumer,Agent_08,Resolved,48,20.86,Met,4.0
TKT02034,2026-08-18 09:21:00,2026-08-19 00:34:53.502033990,West,Technical,System Issue,Critical,Web,Consumer,Agent_19,Resolved,12,15.23,Breached,3.0
TKT02035,2026-07-21 01:57:00,2026-07-22 04:58:17.626278144,South,Refund,Refund Pending,High,Web,Consumer,Agent_04,Resolved,24,27.02,Breached,4.0
TKT02036,2026-02-07 15:04:00,2026-02-12 01:13:46.239787951,North,Technical,App Error,Low,Web,Consumer,Agent_10,Resolved,72,106.16,Breached,2.0
TKT02037,2026-09-17 06:34:00,2026-09-17 17:21:30.803660430,West,Refund,Refund Request,Critical,Email,Consumer,Agent_15,Resolved,12,10.79,Met,4.0
TKT02038,2026-07-07 14:35:00,2026-07-08 17:35:43.071566619,West,Technical,System Issue,High,Phone,Business,Agent_08,Closed,24,27.01,Breached,3.0
TKT02039,2026-02-26 15:34:00,2026-03-01 11:53:18.853852324,West,Refund,Refund Pending,Low,Phone,Consumer,Agent_15,Resolved,72,68.32,Met,5.0
TKT02040,2026-01-20 18:21:00,2026-01-22 01:48:51.172350530,West,Payment,Payment Failed,Low,Email,Consumer,Agent_16,Resolved,72,31.46,Met,4.0
TKT02041,2026-09-30 15:51:00,2026-10-02 09:22:32.462620899,North,Delivery,Wrong Item,Low,Web,Consumer,Agent_07,Resolved,72,41.53,Met,3.0
TKT02042,2026-04-29 23:55:00,2026-04-30 23:28:08.761516855,North,Login,OTP Issue,High,Email,Consumer,Agent_08,Resolved,24,23.55,Met,5.0
TKT02043,2026-03-12 01:14:00,2026-03-13 01:43:33.443663478,North,Login,Password Reset,Low,Phone,Consumer,Agent_13,Resolved,72,24.49,Met,4.0
TKT02044,2026-01-04 04:54:00,2026-01-06 13:46:21.783507362,East,Technical,Website Error,Low,Chat,Consumer,Agent_13,Closed,72,56.87,Met,3.0
TKT02045,2026-08-09 00:20:00,2026-08-09 19:57:53.366783728,North,Delivery,Wrong Item,High,Chat,Business,Agent_02,Resolved,24,19.63,Met,5.0
TKT02046,2026-01-14 19:54:00,,North,Payment,Duplicate Charge,Medium,Chat,Consumer,Agent_20,Pending,48,,Pending,2.0
TKT02047,2026-01-03 17:18:00,2026-01-04 16:03:07.410906399,South,Login,Account Locked,High,Web,Consumer,Agent_15,Resolved,24,22.75,Met,4.0
TKT02048,2026-08-04 20:34:00,2026-08-05 22:43:16.680909009,West,Technical,System Issue,High,Web,Consumer,Agent_06,Resolved,24,26.15,Breached,2.0
TKT02049,2026-08-17 09:19:00,2026-08-19 00:05:30.568635876,West,Refund,Refund Request,Low,Web,Business,Agent_18,Resolved,72,38.78,Met,5.0
TKT02050,2026-07-05 18:29:00,2026-07-06 15:19:59.375118141,South,Payment,Duplicate Charge,High,Web,Consumer,Agent_07,Resolved,24,20.85,Met,4.0
TKT02051,2026-02-24 19:32:00,2026-02-26 01:03:04.898173526,North,Payment,Card Declined,Low,Email,Consumer,Agent_02,Resolved,72,29.52,Met,3.0
TKT02052,2026-09-11 06:11:00,2026-09-12 12:19:08.073485307,West,Technical,Website Error,Medium,Chat,Consumer,Agent_02,Resolved,48,30.14,Met,4.0
TKT02053,2026-01-24 13:37:00,2026-01-26 04:37:38.127663626,East,Technical,Website Error,Medium,Chat,Business,Agent_01,Resolved,48,39.01,Met,3.0
TKT02054,2026-06-11 19:34:00,2026-06-13 12:15:28.875990472,East,Technical,App Error,Low,Web,Consumer,Agent_14,Resolved,72,40.69,Met,5.0
TKT02055,2026-06-07 19:24:00,2026-06-08 01:25:24.433591281,South,Login,OTP Issue,Critical,Web,Consumer,Agent_02,Closed,12,6.02,Met,5.0
TKT02056,2026-03-23 18:12:00,2026-03-24 13:45:57.248126830,East,Refund,Refund Failed,Medium,Email,Business,Agent_10,Resolved,48,19.57,Met,5.0
TKT02057,2026-06-08 21:23:00,2026-06-11 10:26:39.836784650,South,Delivery,Wrong Item,Low,Email,Consumer,Agent_04,Resolved,72,61.06,Met,4.0
TKT02058,2026-07-07 14:05:00,2026-07-09 02:54:30.193685706,East,Delivery,Damaged Item,Critical,Email,Consumer,Agent_04,Resolved,12,36.83,Breached,1.0
TKT02059,2026-03-01 08:40:00,2026-03-02 23:40:30.497260536,East,Payment,Duplicate Charge,Medium,Chat,Business,Agent_07,Resolved,48,39.01,Met,4.0
TKT02060,2026-07-30 06:10:00,2026-07-30 17:13:52.118431527,East,Delivery,Late Delivery,High,Chat,Consumer,Agent_20,Closed,24,11.06,Met,4.0
TKT02061,2026-06-01 01:40:00,2026-06-02 08:53:36.372287258,South,Payment,Duplicate Charge,Medium,Chat,Consumer,Agent_05,Resolved,48,31.23,Met,4.0
TKT02062,2026-04-19 11:00:00,2026-04-20 03:26:02.446399525,West,Account,Account Verification,High,Chat,Consumer,Agent_12,Closed,24,16.43,Met,3.0
TKT02063,2026-03-17 16:07:00,2026-03-22 14:55:17.760534325,South,Technical,App Error,Low,Email,Business,Agent_12,Closed,72,118.8,Breached,3.0
TKT02064,2026-01-30 04:02:00,2026-01-31 17:31:03.542967862,North,Technical,Website Error,Medium,Web,Consumer,Agent_06,Resolved,48,37.48,Met,5.0
TKT02065,2026-04-27 12:32:00,2026-04-30 04:57:34.133395033,North,Technical,Website Error,Medium,Chat,Consumer,Agent_18,Resolved,48,64.43,Breached,3.0
TKT02066,2026-07-11 08:31:00,2026-07-12 08:20:01.003470027,East,Account,Profile Update,Low,Email,Consumer,Agent_02,Closed,72,23.82,Met,3.0
TKT02067,2026-01-19 14:08:00,2026-01-20 17:15:22.653072688,East,Payment,Payment Failed,High,Web,Business,Agent_19,Closed,24,27.12,Breached,3.0
TKT02068,2026-06-22 09:14:00,2026-06-23 09:14:23.811497539,West,Login,Password Reset,Medium,Phone,Business,Agent_16,Resolved,48,24.01,Met,3.0
TKT02069,2026-08-16 18:38:00,2026-08-17 11:45:27.194328897,West,Payment,Card Declined,Medium,Web,Consumer,Agent_02,Closed,48,17.12,Met,3.0
TKT02070,2026-07-02 03:45:00,2026-07-03 10:58:49.738139328,West,Delivery,Wrong Item,Low,Phone,Business,Agent_17,Closed,72,31.23,Met,4.0
TKT02071,2026-04-23 03:33:00,2026-04-23 19:14:28.669122697,East,Refund,Refund Failed,High,Phone,Consumer,Agent_20,Resolved,24,15.69,Met,4.0
TKT02072,2026-07-02 11:57:00,2026-07-03 19:38:48.371803008,South,Login,OTP Issue,High,Chat,Consumer,Agent_07,Closed,24,31.7,Breached,2.0
TKT02073,2026-05-26 01:06:00,2026-05-26 13:16:05.188813327,East,Login,OTP Issue,Medium,Email,Business,Agent_07,Resolved,48,12.17,Met,4.0
TKT02074,2026-04-26 06:35:00,2026-04-27 02:21:44.196281853,North,Refund,Refund Pending,Medium,Web,Consumer,Agent_12,Resolved,48,19.78,Met,3.0
TKT02075,2026-04-23 10:11:00,2026-04-25 02:12:16.147398792,East,Login,Account Locked,Low,Phone,Consumer,Agent_11,Resolved,72,40.02,Met,5.0
TKT02076,2026-09-08 17:15:00,2026-09-09 09:45:52.366623912,West,Login,OTP Issue,Medium,Email,Consumer,Agent_17,Resolved,48,16.51,Met,4.0
TKT02077,2026-09-08 21:00:00,2026-09-16 12:18:00.111512872,North,Delivery,Late Delivery,Low,Web,Consumer,Agent_11,Closed,72,183.3,Breached,1.0
TKT02078,2026-04-28 12:49:00,2026-05-05 03:01:53.344141239,East,Delivery,Damaged Item,Medium,Chat,Consumer,Agent_08,Resolved,48,158.21,Breached,2.0
TKT02079,2026-06-10 23:42:00,2026-06-12 04:58:05.679742835,West,Payment,Card Declined,Medium,Web,Consumer,Agent_06,Resolved,48,29.27,Met,3.0
TKT02080,2026-07-17 06:46:00,2026-07-18 03:56:29.495641749,East,Account,Account Access,Critical,Chat,Business,Agent_06,Closed,12,21.17,Breached,3.0
TKT02081,2026-09-17 15:24:00,2026-09-19 23:49:43.226380484,East,Login,Account Locked,Medium,Web,Consumer,Agent_15,Resolved,48,56.43,Breached,1.0
TKT02082,2026-05-28 10:46:00,2026-05-29 03:46:53.808223730,West,Payment,Duplicate Charge,High,Web,Consumer,Agent_20,Resolved,24,17.01,Met,5.0
TKT02083,2026-08-28 03:41:00,2026-08-29 17:37:06.583370604,North,Account,Account Verification,Medium,Phone,Consumer,Agent_12,Resolved,48,37.94,Met,5.0
TKT02084,2026-02-16 19:39:00,2026-02-17 06:16:22.155129908,North,Technical,System Issue,Critical,Phone,Business,Agent_09,Resolved,12,10.62,Met,5.0
TKT02085,2026-07-17 10:53:00,2026-07-17 20:31:08.785519562,South,Payment,Duplicate Charge,Medium,Phone,Consumer,Agent_13,Closed,48,9.64,Met,4.0
TKT02086,2026-02-16 07:07:00,2026-02-18 05:02:26.416478917,North,Delivery,Late Delivery,Medium,Chat,Consumer,Agent_15,Resolved,48,45.92,Met,4.0
TKT02087,2026-03-19 19:41:00,2026-03-20 13:14:36.764512830,East,Refund,Refund Failed,High,Web,Consumer,Agent_15,Resolved,24,17.56,Met,5.0
TKT02088,2026-05-04 16:16:00,2026-05-08 05:39:22.769232590,West,Refund,Refund Pending,Low,Web,Consumer,Agent_13,Resolved,72,85.39,Breached,3.0
TKT02089,2026-03-16 23:59:00,2026-03-18 04:08:16.026252494,North,Refund,Refund Failed,Low,Chat,Consumer,Agent_09,Resolved,72,28.15,Met,5.0
TKT02090,2026-05-17 16:45:00,2026-05-18 12:02:58.407652734,East,Account,Account Verification,Low,Web,Consumer,Agent_11,Resolved,72,19.3,Met,5.0
TKT02091,2026-03-31 22:29:00,2026-04-02 01:47:57.768808820,East,Payment,Payment Failed,High,Phone,Business,Agent_11,Resolved,24,27.32,Breached,3.0
TKT02092,2026-03-02 06:10:00,2026-03-05 16:09:31.746684811,North,Technical,System Issue,Low,Chat,Business,Agent_09,Resolved,72,81.99,Breached,2.0
TKT02093,2026-05-18 22:47:00,2026-05-19 08:28:20.307177042,West,Account,Account Verification,High,Chat,Business,Agent_17,Resolved,24,9.69,Met,5.0
TKT02094,2026-02-19 21:25:00,2026-02-20 15:26:29.316281034,West,Technical,Website Error,Medium,Web,Business,Agent_06,Resolved,48,18.02,Met,5.0
TKT02095,2026-09-16 21:46:00,2026-09-21 03:02:31.169104838,South,Delivery,Wrong Item,Low,Phone,Consumer,Agent_05,Resolved,72,101.28,Breached,2.0
TKT02096,2026-04-17 14:09:00,2026-04-20 17:10:41.252965712,West,Delivery,Wrong Item,Medium,Web,Consumer,Agent_03,Resolved,48,75.03,Breached,3.0
TKT02097,2026-04-23 14:15:00,2026-04-25 16:14:46.479095152,West,Technical,App Error,Low,Web,Business,Agent_06,Closed,72,50.0,Met,5.0
TKT02098,2026-09-11 03:48:00,2026-09-12 00:15:16.392367958,North,Refund,Refund Request,Medium,Chat,Business,Agent_17,Resolved,48,20.45,Met,4.0
TKT02099,2026-04-28 04:39:00,2026-04-29 13:44:30.069101464,North,Login,OTP Issue,High,Chat,Consumer,Agent_11,Resolved,24,33.09,Breached,2.0
TKT02100,2026-07-17 21:53:00,2026-07-18 23:14:38.835955396,East,Login,Account Locked,Medium,Email,Consumer,Agent_04,Closed,48,25.36,Met,3.0
TKT02101,2026-02-20 17:50:00,2026-02-21 21:07:53.780905867,North,Refund,Refund Request,Low,Web,Consumer,Agent_12,Closed,72,27.3,Met,5.0
TKT02102,2026-09-02 16:14:00,2026-09-03 06:15:15.324067102,South,Login,OTP Issue,High,Email,Consumer,Agent_10,Resolved,24,14.02,Met,5.0
TKT02103,2026-02-04 20:37:00,2026-02-05 22:11:44.999452365,East,Payment,Payment Failed,High,Web,Business,Agent_17,Resolved,24,25.58,Breached,2.0
TKT02104,2026-03-10 12:37:00,2026-03-11 07:25:12.266656542,West,Login,Account Locked,High,Email,Consumer,Agent_06,Resolved,24,18.8,Met,4.0
TKT02105,2026-02-18 17:27:00,,North,Account,Account Access,High,Web,Business,Agent_18,Pending,24,,Pending,2.0
TKT02106,2026-03-15 05:20:00,2026-03-17 15:30:01.338523478,South,Account,Profile Update,Low,Chat,Consumer,Agent_19,Resolved,72,58.17,Met,3.0
TKT02107,2026-07-11 04:33:00,,East,Account,Account Access,High,Chat,Consumer,Agent_15,Pending,24,,Pending,2.0
TKT02108,2026-09-18 09:15:00,2026-09-21 05:17:53.677869925,South,Delivery,Wrong Item,Medium,Email,Business,Agent_12,Resolved,48,68.05,Breached,2.0
TKT02109,2026-03-11 14:03:00,2026-03-13 04:47:58.747834924,South,Technical,System Issue,Low,Email,Business,Agent_19,Resolved,72,38.75,Met,4.0
TKT02110,2026-03-31 22:16:00,2026-04-02 03:44:04.243299456,West,Account,Account Verification,High,Email,Consumer,Agent_05,Closed,24,29.47,Breached,2.0
TKT02111,2026-09-17 23:06:00,2026-09-18 03:32:21.912225950,East,Refund,Refund Pending,Critical,Phone,Consumer,Agent_18,Closed,12,4.44,Met,5.0
TKT02112,2026-05-06 11:07:00,2026-05-07 03:02:48.497675638,North,Payment,Payment Failed,High,Email,Business,Agent_12,Closed,24,15.93,Met,5.0
TKT02113,2026-08-19 16:39:00,2026-08-25 16:32:49.180132147,West,Payment,Payment Failed,Low,Email,Consumer,Agent_15,Closed,72,143.9,Breached,1.0
TKT02114,2026-05-09 06:19:00,2026-05-11 01:30:55.107344212,South,Refund,Refund Request,Medium,Email,Business,Agent_10,Resolved,48,43.2,Met,4.0
TKT02115,2026-04-10 11:50:00,2026-04-12 00:44:05.930723977,East,Account,Account Access,Medium,Phone,Consumer,Agent_19,Resolved,48,36.9,Met,5.0
TKT02116,2026-07-01 12:25:00,2026-07-01 22:34:26.410490150,West,Refund,Refund Failed,High,Phone,Consumer,Agent_09,Resolved,24,10.16,Met,5.0
TKT02117,2026-06-23 11:14:00,2026-06-26 03:41:39.763750341,North,Refund,Refund Pending,Low,Web,Consumer,Agent_06,Resolved,72,64.46,Met,4.0
TKT02118,2026-07-07 01:55:00,2026-07-08 03:04:43.638358392,South,Login,OTP Issue,High,Chat,Consumer,Agent_14,Resolved,24,25.16,Breached,2.0
TKT02119,2026-02-26 10:04:00,2026-02-28 07:18:47.444449120,East,Delivery,Wrong Item,Medium,Email,Consumer,Agent_01,Resolved,48,45.25,Met,4.0
TKT02120,2026-01-31 17:45:00,2026-02-02 19:11:48.521241250,West,Login,OTP Issue,High,Email,Consumer,Agent_01,Resolved,24,49.45,Breached,1.0
TKT02121,2026-03-25 06:18:00,2026-03-25 17:46:28.961814817,West,Payment,Payment Failed,Critical,Chat,Consumer,Agent_11,Resolved,12,11.47,Met,4.0
TKT02122,2026-06-01 20:29:00,2026-06-02 15:45:01.347570300,South,Account,Profile Update,Medium,Web,Business,Agent_03,Resolved,48,19.27,Met,4.0
TKT02123,2026-02-05 07:45:00,2026-02-08 01:34:35.060519272,West,Login,OTP Issue,Medium,Web,Business,Agent_05,Closed,48,65.83,Breached,3.0
TKT02124,2026-08-01 04:39:00,2026-08-01 18:29:09.758291650,North,Delivery,Wrong Item,High,Email,Business,Agent_08,Resolved,24,13.84,Met,4.0
TKT02125,2026-04-16 10:17:00,2026-04-18 07:53:30.457141480,North,Login,OTP Issue,Medium,Chat,Consumer,Agent_18,Resolved,48,45.61,Met,5.0
TKT02126,2026-08-08 01:57:00,2026-08-09 15:22:11.948423880,North,Login,Account Locked,High,Email,Consumer,Agent_05,Resolved,24,37.42,Breached,2.0
TKT02127,2026-06-12 21:00:00,2026-06-15 12:26:09.060865036,East,Payment,Duplicate Charge,Medium,Email,Business,Agent_12,Resolved,48,63.44,Breached,2.0
TKT02128,2026-08-08 05:08:00,2026-08-09 12:48:48.415551160,West,Technical,App Error,Low,Email,Business,Agent_18,Resolved,72,31.68,Met,5.0
TKT02129,2026-09-27 01:39:00,2026-09-27 16:35:05.347332344,North,Payment,Card Declined,High,Chat,Consumer,Agent_12,Resolved,24,14.93,Met,5.0
TKT02130,2026-04-30 04:20:00,2026-05-01 17:23:50.359217216,North,Payment,Payment Failed,Low,Chat,Consumer,Agent_08,Resolved,72,37.06,Met,4.0
TKT02131,2026-07-01 16:32:00,2026-07-01 23:12:35.432144814,East,Refund,Refund Pending,Critical,Web,Consumer,Agent_09,Closed,12,6.68,Met,4.0
TKT02132,2026-04-16 22:08:00,2026-04-17 15:42:35.509254060,West,Payment,Payment Failed,Medium,Chat,Consumer,Agent_15,Closed,48,17.58,Met,4.0
TKT02133,2026-08-05 22:57:00,2026-08-06 15:37:44.468203123,North,Technical,App Error,High,Chat,Consumer,Agent_03,Resolved,24,16.68,Met,5.0
TKT02134,2026-07-24 04:45:00,2026-07-26 11:06:43.742873512,North,Delivery,Damaged Item,Medium,Chat,Business,Agent_15,Resolved,48,54.36,Breached,1.0
TKT02135,2026-03-11 05:27:00,2026-03-11 23:38:21.204231133,North,Delivery,Wrong Item,Medium,Phone,Consumer,Agent_04,Resolved,48,18.19,Met,4.0
TKT02136,2026-02-13 18:46:00,2026-02-14 18:46:42.897083454,East,Payment,Payment Failed,Medium,Web,Consumer,Agent_16,Resolved,48,24.01,Met,3.0
TKT02137,2026-08-16 01:02:00,2026-08-18 02:02:37.983114730,West,Account,Account Access,High,Chat,Consumer,Agent_19,Resolved,24,49.01,Breached,2.0
TKT02138,2026-07-03 11:26:00,2026-07-05 09:43:45.751893345,North,Account,Profile Update,Medium,Email,Consumer,Agent_18,Resolved,48,46.3,Met,5.0
TKT02139,2026-04-17 21:45:00,2026-04-19 17:32:51.322755249,South,Technical,Website Error,High,Phone,Consumer,Agent_16,Resolved,24,43.8,Breached,2.0
TKT02140,2026-03-25 21:56:00,2026-03-28 22:28:47.908502739,East,Technical,System Issue,Medium,Phone,Consumer,Agent_12,Resolved,48,72.55,Breached,2.0
TKT02141,2026-09-07 12:17:00,2026-09-08 05:40:40.892110645,South,Refund,Refund Pending,High,Web,Consumer,Agent_12,Resolved,24,17.39,Met,5.0
TKT02142,2026-01-21 17:10:00,2026-01-22 03:24:19.039837182,West,Account,Profile Update,High,Phone,Business,Agent_04,Resolved,24,10.24,Met,5.0
TKT02143,2026-07-15 10:38:00,2026-07-17 20:07:40.939836349,East,Delivery,Late Delivery,Low,Phone,Consumer,Agent_15,Closed,72,57.49,Met,4.0
TKT02144,2026-06-27 15:35:00,2026-06-30 09:11:54.907435234,East,Payment,Payment Failed,Medium,Web,Consumer,Agent_19,Resolved,48,65.62,Breached,2.0
TKT02145,2026-01-07 18:35:00,2026-01-13 16:22:48.739860996,East,Technical,System Issue,Medium,Chat,Consumer,Agent_18,Resolved,48,141.8,Breached,3.0
TKT02146,2026-03-11 20:13:00,2026-03-12 05:29:12.831613665,West,Login,OTP Issue,Medium,Web,Consumer,Agent_11,Closed,48,9.27,Met,5.0
TKT02147,2026-05-07 07:55:00,2026-05-08 17:21:27.659615895,South,Payment,Card Declined,Medium,Email,Consumer,Agent_15,Closed,48,33.44,Met,4.0
TKT02148,2026-06-09 00:52:00,2026-06-09 14:25:32.854997721,North,Login,OTP Issue,High,Chat,Consumer,Agent_16,Resolved,24,13.56,Met,5.0
TKT02149,2026-09-05 12:33:00,2026-09-07 01:26:40.230044487,West,Delivery,Late Delivery,Low,Chat,Consumer,Agent_11,Resolved,72,36.89,Met,5.0
TKT02150,2026-07-22 08:05:00,2026-07-22 16:48:29.450886920,North,Technical,App Error,High,Phone,Business,Agent_11,Resolved,24,8.72,Met,4.0
TKT02151,2026-05-28 23:07:00,2026-05-30 01:59:10.590909988,North,Account,Account Access,Critical,Chat,Consumer,Agent_13,Resolved,12,26.87,Breached,2.0
TKT02152,2026-05-23 18:55:00,2026-05-24 15:58:51.221395782,North,Account,Account Verification,Medium,Phone,Consumer,Agent_07,Resolved,48,21.06,Met,5.0
TKT02153,2026-07-18 06:48:00,2026-07-20 06:37:06.034770480,East,Technical,System Issue,Medium,Chat,Consumer,Agent_15,Closed,48,47.82,Met,3.0
TKT02154,2026-06-03 17:10:00,2026-06-06 18:56:39.312771704,East,Account,Account Verification,Low,Web,Consumer,Agent_17,Resolved,72,73.78,Breached,2.0
TKT02155,2026-05-22 11:07:00,2026-05-23 19:02:33.324919338,South,Payment,Payment Failed,High,Phone,Consumer,Agent_13,Resolved,24,31.93,Breached,2.0
TKT02156,2026-06-14 20:20:00,2026-06-16 10:23:21.950620851,West,Account,Account Verification,Medium,Web,Consumer,Agent_04,Resolved,48,38.06,Met,4.0
TKT02157,2026-01-21 13:54:00,2026-01-22 19:18:04.963936770,North,Payment,Card Declined,Medium,Phone,Business,Agent_01,Resolved,48,29.4,Met,4.0
TKT02158,2026-03-23 14:35:00,2026-03-24 00:18:23.551627155,West,Payment,Duplicate Charge,Critical,Phone,Consumer,Agent_12,Resolved,12,9.72,Met,5.0
TKT02159,2026-03-10 06:06:00,2026-03-10 19:26:40.535168863,,Delivery,Damaged Item,Medium,Phone,Consumer,Agent_04,Resolved,48,13.34,Met,5.0
TKT02160,2026-05-11 16:41:00,2026-05-12 09:51:58.183795844,West,Login,Account Locked,High,Chat,Consumer,Agent_01,Resolved,24,17.18,Met,4.0
TKT02161,2026-03-28 04:09:00,2026-03-30 01:35:26.767672760,East,Refund,Refund Pending,Medium,Chat,Consumer,Agent_06,Resolved,48,45.44,Met,3.0
TKT02162,2026-08-06 21:03:00,2026-08-11 09:00:23.448767014,North,Technical,Website Error,Low,Web,Business,Agent_11,Resolved,72,107.96,Breached,3.0
TKT02163,2026-06-10 06:19:00,2026-06-10 17:27:43.931933386,North,Technical,Website Error,High,Email,Business,Agent_18,Resolved,24,11.15,Met,4.0
TKT02164,2026-06-27 14:31:00,2026-06-28 08:07:04.669451532,West,Login,Password Reset,Low,Web,Consumer,Agent_18,Resolved,72,17.6,Met,5.0
TKT02165,2026-04-27 13:54:00,2026-04-28 06:46:09.348123295,South,Login,OTP Issue,High,Email,Business,Agent_20,Resolved,24,16.87,Met,5.0
TKT02166,2026-07-15 12:54:00,2026-07-17 13:28:58.595152411,East,Technical,Website Error,Low,Phone,Consumer,Agent_06,Resolved,72,48.58,Met,5.0
TKT02167,2026-03-27 15:18:00,2026-03-28 04:21:00.148756766,West,Delivery,Damaged Item,High,Email,Business,Agent_14,Closed,24,13.05,Met,3.0
TKT02168,2026-03-22 07:34:00,2026-03-23 09:35:44.048906504,West,Account,Profile Update,Low,Email,Business,Agent_06,Resolved,72,26.03,Met,4.0
TKT02169,2026-06-01 06:05:00,2026-06-02 11:41:15.897863959,North,Account,Account Verification,Medium,Phone,Consumer,Agent_15,Closed,48,29.6,Met,4.0
TKT02170,2026-03-02 21:53:00,2026-03-06 23:02:04.382263447,South,Refund,Refund Pending,Medium,Web,Consumer,Agent_01,Resolved,48,97.15,Breached,2.0
TKT02171,2026-03-02 06:42:00,2026-03-03 01:57:11.032821017,West,Technical,App Error,Medium,Phone,Business,Agent_17,Resolved,48,19.25,Met,5.0
TKT02172,2026-01-28 00:57:00,2026-01-28 19:45:09.761335005,South,Delivery,Wrong Item,Medium,Phone,Consumer,Agent_12,Resolved,48,18.8,Met,5.0
TKT02173,2026-02-12 08:40:00,2026-02-12 23:21:51.467455802,North,Technical,Website Error,Medium,Email,Consumer,Agent_03,Closed,48,14.7,Met,5.0
TKT02174,2026-06-18 22:07:00,2026-06-20 06:13:19.606832758,North,Delivery,Late Delivery,Medium,Phone,Consumer,Agent_02,Closed,48,32.11,Met,4.0
TKT02175,2026-03-27 18:58:00,2026-03-29 15:51:34.491450073,West,Login,Password Reset,Medium,Web,Consumer,Agent_06,Closed,48,44.89,Met,5.0
TKT02176,2026-06-26 03:29:00,2026-06-27 07:11:04.298035032,South,Refund,Refund Failed,Medium,Email,Consumer,Agent_05,Resolved,48,27.7,Met,4.0
TKT02177,2026-01-17 17:44:00,2026-01-19 09:12:56.710211728,West,Delivery,Damaged Item,Medium,Web,Consumer,Agent_08,Closed,48,39.48,Met,5.0
TKT02178,2026-04-08 13:35:00,2026-04-14 20:42:59.310274839,West,Refund,Refund Failed,Low,Phone,Business,Agent_02,Closed,72,151.13,Breached,1.0
TKT02179,2026-07-17 02:52:00,2026-07-17 14:16:07.165821520,West,Account,Profile Update,Critical,Web,Business,Agent_12,Resolved,12,11.4,Met,3.0
TKT02180,2026-04-08 03:53:00,2026-04-09 12:05:18.925626974,West,Refund,Refund Pending,Medium,Web,Consumer,Agent_07,Resolved,48,32.21,Met,5.0
TKT02181,2026-03-06 13:12:00,2026-03-08 04:25:28.431778900,South,Account,Account Verification,Low,Phone,Consumer,Agent_14,Resolved,72,39.22,Met,5.0
TKT02182,2026-01-05 13:12:00,2026-01-06 07:52:04.098108579,West,Login,OTP Issue,Medium,Chat,Business,Agent_10,Resolved,48,18.67,Met,5.0
TKT02183,2026-01-02 23:46:00,2026-01-07 05:18:01.941298008,North,Technical,App Error,High,Web,Consumer,Agent_20,Resolved,24,101.53,Breached,1.0
TKT02184,2026-01-22 17:42:00,2026-01-26 22:27:44.771554065,North,Technical,App Error,Low,Chat,Business,Agent_14,Closed,72,100.76,Breached,3.0
TKT02185,2026-04-22 01:58:00,2026-04-23 10:06:24.019295938,South,Payment,Card Declined,High,Phone,Consumer,Agent_11,Closed,24,32.14,Breached,3.0
TKT02186,2026-02-26 05:34:00,2026-02-28 07:20:47.771271253,West,Login,Account Locked,Medium,Chat,Consumer,Agent_19,Closed,48,49.78,Breached,3.0
TKT02187,2026-03-07 22:39:00,2026-03-14 00:14:36.515144954,West,Login,Account Locked,Low,Chat,Business,Agent_01,Resolved,72,145.59,Breached,2.0
TKT02188,2026-04-08 18:17:00,2026-04-09 02:44:06.988550238,East,Login,Password Reset,High,Chat,Consumer,Agent_02,Resolved,24,8.45,Met,5.0
TKT02189,2026-05-24 20:14:00,2026-05-30 20:37:27.899582942,West,Refund,Refund Pending,Medium,Chat,Consumer,Agent_03,Resolved,48,144.39,Breached,2.0
TKT02190,2026-05-05 05:23:00,2026-05-06 07:10:22.893206478,South,Refund,Refund Failed,Medium,Web,Business,Agent_05,Resolved,48,25.79,Met,3.0
TKT02191,2026-06-16 16:50:00,2026-06-17 08:32:12.357714412,South,Payment,Card Declined,High,Web,Consumer,Agent_11,Resolved,24,15.7,Met,4.0
TKT02192,2026-03-27 19:30:00,2026-03-28 10:31:32.094884586,East,Technical,System Issue,Medium,Email,Consumer,Agent_19,Resolved,48,15.03,Met,5.0
TKT02193,2026-03-17 04:43:00,2026-03-18 22:53:27.584845093,North,Login,Password Reset,High,Chat,Consumer,Agent_07,Resolved,24,42.17,Breached,1.0
TKT02194,2026-02-28 03:32:00,2026-03-02 15:38:10.993953852,South,Technical,System Issue,Medium,Phone,Consumer,Agent_16,Resolved,48,60.1,Breached,1.0
TKT02195,2026-05-18 15:28:00,2026-05-21 03:13:08.969515473,West,Account,Account Verification,High,Web,Consumer,Agent_20,Resolved,24,59.75,Breached,3.0
TKT02196,2026-04-09 12:31:00,2026-04-10 21:22:08.491356867,West,Login,Account Locked,High,Chat,Consumer,Agent_08,Closed,24,32.85,Breached,2.0
TKT02197,2026-07-11 23:37:00,2026-07-14 05:40:26.856050277,North,Delivery,Wrong Item,Low,Phone,Consumer,Agent_04,Resolved,72,54.06,Met,4.0
TKT02198,2026-08-31 05:38:00,2026-09-01 00:59:31.345230945,East,Account,Account Access,High,Email,Consumer,Agent_12,Resolved,24,19.36,Met,5.0
TKT02199,2026-02-18 17:25:00,,South,Account,Account Access,Medium,Phone,Business,Agent_18,Pending,48,,Pending,2.0
TKT02200,2026-02-01 01:44:00,2026-02-02 06:37:14.481953300,West,Payment,Duplicate Charge,Low,Phone,Consumer,Agent_14,Resolved,72,28.89,Met,4.0
TKT02201,2026-01-20 12:49:00,2026-01-22 01:26:54.944788951,North,Delivery,Damaged Item,Medium,Chat,Business,Agent_17,Resolved,48,36.63,Met,4.0
TKT02202,2026-06-03 11:55:00,2026-06-05 19:45:45.797239993,North,Login,Account Locked,Low,Web,Consumer,Agent_12,Resolved,72,55.85,Met,4.0
TKT02203,2026-03-09 12:42:00,2026-03-09 18:50:30.118413213,North,Technical,Website Error,High,Phone,Consumer,Agent_09,Resolved,24,6.14,Met,4.0
TKT02204,2026-08-02 20:44:00,2026-08-03 06:44:06.240475828,West,Payment,Card Declined,Medium,Phone,Consumer,Agent_16,Resolved,48,10.0,Met,5.0
TKT02205,2026-05-23 06:18:00,2026-05-23 13:58:38.675642714,North,Login,OTP Issue,Critical,Email,Consumer,Agent_10,Closed,12,7.68,Met,5.0
TKT02206,2026-08-20 20:45:00,2026-08-22 17:18:37.756237312,North,Technical,App Error,Low,Web,Consumer,Agent_20,Resolved,72,44.56,Met,4.0
TKT02207,2026-08-01 21:21:00,2026-08-04 04:01:42.662227159,North,Technical,Website Error,Medium,Web,Consumer,Agent_20,Resolved,48,54.68,Breached,2.0
TKT02208,2026-03-20 11:52:00,2026-03-22 03:32:12.798127556,South,Delivery,Damaged Item,Low,Web,Consumer,Agent_11,Resolved,72,39.67,Met,4.0
TKT02209,2026-08-02 23:10:00,2026-08-04 00:52:58.333096447,West,Account,Profile Update,Medium,Web,Consumer,Agent_09,Resolved,48,25.72,Met,3.0
TKT02210,2026-04-26 22:52:00,2026-04-28 23:02:36.979309308,South,Technical,App Error,High,Web,Consumer,Agent_01,Resolved,24,48.18,Breached,4.0
TKT02211,2026-04-02 03:44:00,2026-04-02 14:55:43.218915237,East,Payment,Payment Failed,High,Email,Consumer,Agent_16,Resolved,24,11.2,Met,4.0
TKT02212,2026-09-27 12:17:00,2026-09-28 07:25:07.801688900,North,Account,Profile Update,High,Web,Consumer,Agent_04,Resolved,24,19.14,Met,5.0
TKT02213,2026-06-17 03:55:00,2026-06-17 21:02:05.265371463,West,Payment,Duplicate Charge,High,Web,Consumer,Agent_08,Resolved,24,17.12,Met,5.0
TKT02214,2026-02-27 03:02:00,2026-02-28 20:48:35.712727784,East,Refund,Refund Pending,Low,Chat,Consumer,Agent_02,Resolved,72,41.78,Met,5.0
TKT02215,2026-01-26 11:51:00,2026-01-28 15:07:32.660069707,South,Delivery,Wrong Item,Medium,Email,Business,Agent_14,Resolved,48,51.28,Breached,1.0
TKT02216,2026-03-07 07:23:00,2026-03-07 16:26:48.960222577,East,Technical,App Error,High,Email,Consumer,Agent_09,Resolved,24,9.06,Met,4.0
TKT02217,2026-09-05 10:22:00,2026-09-06 14:33:01.345926886,South,Technical,Website Error,Medium,Web,Consumer,Agent_14,Resolved,48,28.18,Met,3.0
TKT02218,2026-09-11 17:09:00,2026-09-14 00:53:04.204656726,West,Payment,Duplicate Charge,Low,Phone,Business,Agent_14,Resolved,72,55.73,Met,5.0
TKT02219,2026-02-13 20:59:00,2026-02-15 10:48:17.674738982,South,Technical,Website Error,Medium,Chat,Business,Agent_12,Resolved,48,37.82,Met,4.0
TKT02220,2026-04-07 19:10:00,2026-04-08 06:44:57.505415487,East,Payment,Payment Failed,Medium,Chat,Consumer,Agent_11,Closed,48,11.58,Met,4.0
TKT02221,2026-02-11 18:47:00,2026-02-12 04:45:19.058055416,South,Delivery,Late Delivery,Medium,Phone,Consumer,Agent_01,Resolved,48,9.97,Met,5.0
TKT02222,2026-08-15 12:28:00,,South,Payment,Payment Failed,High,Web,Consumer,Agent_01,Pending,24,,Pending,2.0
TKT02223,2026-09-19 02:34:00,2026-09-19 13:50:30.184268653,East,Login,OTP Issue,Medium,Web,Consumer,Agent_11,Resolved,48,11.28,Met,3.0
TKT02224,2026-06-16 04:16:00,2026-06-19 06:17:29.248396874,East,Delivery,Wrong Item,Low,Email,Consumer,Agent_20,Closed,72,74.02,Breached,2.0
TKT02225,2026-03-30 03:54:00,2026-04-01 20:59:43.532192194,North,Technical,Website Error,Low,Web,Consumer,Agent_15,Resolved,72,65.1,Met,4.0
TKT02226,2026-06-27 08:19:00,2026-06-27 16:26:00.950599574,East,Payment,Payment Failed,High,Email,Business,Agent_09,Closed,24,8.12,Met,5.0
TKT02227,2026-07-16 04:48:00,2026-07-17 02:54:05.792222775,South,Payment,Payment Failed,Critical,Email,Consumer,Agent_20,Closed,12,22.1,Breached,2.0
TKT02228,2026-09-24 08:29:00,2026-09-25 09:38:40.863036826,West,Payment,Card Declined,High,Chat,Business,Agent_17,Resolved,24,25.16,Breached,2.0
TKT02229,2026-09-25 11:48:00,2026-09-29 13:55:53.406404929,West,Account,Profile Update,Medium,Phone,Consumer,Agent_10,Closed,48,98.13,Breached,4.0
TKT02230,2026-03-15 13:04:00,2026-03-15 20:52:57.494388625,North,Technical,Website Error,Critical,Phone,Consumer,Agent_15,Resolved,12,7.82,Met,4.0
TKT02231,2026-01-08 14:53:00,2026-01-10 01:49:59.281721347,South,Account,Account Verification,High,Email,Consumer,Agent_12,Resolved,24,34.95,Breached,2.0
TKT02232,2026-06-13 12:55:00,2026-06-14 03:57:47.990737266,East,Login,OTP Issue,High,Chat,Business,Agent_05,Resolved,24,15.05,Met,4.0
TKT02233,2026-03-26 04:57:00,2026-03-26 23:39:50.731130732,South,Login,Account Locked,High,Phone,Consumer,Agent_14,Resolved,24,18.71,Met,5.0
TKT02234,2026-03-13 02:16:00,2026-03-13 22:41:52.968120974,East,Login,OTP Issue,Medium,Email,Consumer,Agent_10,Resolved,48,20.43,Met,
TKT02235,2026-02-24 06:15:00,,East,Delivery,Late Delivery,Medium,Email,Consumer,Agent_20,Pending,48,,Pending,2.0
TKT02236,2026-02-16 01:26:00,2026-02-21 15:31:16.046465744,East,Technical,App Error,Low,Phone,Business,Agent_01,Closed,72,134.09,Breached,2.0
TKT02237,2026-08-26 20:22:00,2026-08-30 22:17:52.210870136,North,Payment,Payment Failed,Medium,Phone,Consumer,Agent_16,Closed,48,97.93,Breached,4.0
TKT02238,2026-04-14 07:16:00,2026-04-14 18:40:23.729053770,East,Login,Password Reset,High,Phone,Consumer,Agent_04,Resolved,24,11.41,Met,4.0
TKT02239,2026-07-29 22:13:00,2026-07-30 18:24:01.221291218,South,Technical,App Error,High,Chat,Consumer,Agent_05,Resolved,24,20.18,Met,5.0
TKT02240,2026-02-11 21:44:00,2026-02-12 16:31:53.907329763,North,Login,Account Locked,High,Email,Consumer,Agent_09,Resolved,24,18.8,Met,5.0
TKT02241,2026-09-25 22:26:00,2026-09-27 07:35:43.973469939,North,Delivery,Wrong Item,Medium,Web,Consumer,Agent_17,Resolved,48,33.16,Met,5.0
TKT02242,2026-09-20 12:43:00,2026-09-26 18:56:46.402518630,West,Login,Password Reset,Low,Phone,Consumer,Agent_06,Resolved,72,150.23,Breached,4.0
TKT02243,2026-09-16 11:41:00,2026-09-17 17:39:08.052990866,North,Delivery,Late Delivery,Low,Chat,Business,Agent_05,Resolved,72,29.97,Met,5.0
TKT02244,2026-04-24 15:41:00,2026-04-26 04:39:00.737310525,South,Login,OTP Issue,Medium,Chat,Consumer,Agent_18,Closed,48,36.97,Met,5.0
TKT02245,2026-02-09 02:31:00,2026-02-09 20:08:55.465015339,West,Account,Profile Update,Medium,Phone,Consumer,Agent_17,Resolved,48,17.63,Met,5.0
TKT02246,2026-08-08 22:05:00,2026-08-11 01:49:22.760864329,East,Delivery,Damaged Item,Medium,Phone,Consumer,Agent_11,Resolved,48,51.74,Breached,1.0
TKT02247,2026-05-09 21:41:00,2026-05-12 06:26:07.774946902,West,Login,OTP Issue,Low,Phone,Consumer,Agent_03,Resolved,72,56.75,Met,3.0
TKT02248,2026-01-08 17:11:00,2026-01-08 23:49:40.489115467,North,Delivery,Late Delivery,Critical,Phone,Consumer,Agent_06,Resolved,12,6.64,Met,5.0
TKT02249,2026-04-11 13:26:00,2026-04-12 08:30:27.675216422,East,Refund,Refund Failed,Medium,Chat,Consumer,Agent_09,Resolved,48,19.07,Met,3.0
TKT02250,2026-06-25 03:54:00,2026-06-26 15:50:58.249087681,East,Login,Password Reset,High,Phone,Consumer,Agent_13,Resolved,24,35.95,Breached,3.0
TKT02251,2026-04-17 11:14:00,2026-04-20 13:54:28.038883828,South,Technical,System Issue,Medium,Email,Consumer,Agent_01,Resolved,48,74.67,Breached,3.0
TKT02252,2026-04-11 09:20:00,2026-04-12 11:18:29.245290855,North,Account,Profile Update,Low,Email,Consumer,Agent_15,Closed,72,25.97,Met,4.0
TKT02253,2026-09-17 22:05:00,2026-09-19 03:06:57.312737410,South,Delivery,Damaged Item,High,Phone,Consumer,Agent_20,Resolved,24,29.03,Breached,2.0
TKT02254,2026-09-03 00:37:00,2026-09-03 15:59:13.578941607,North,Payment,Payment Failed,High,Phone,Consumer,Agent_04,Closed,24,15.37,Met,4.0
TKT02255,2026-02-01 19:19:00,2026-02-04 04:53:21.292996551,North,Refund,Refund Request,Medium,Chat,Consumer,Agent_02,Resolved,48,57.57,Breached,1.0
TKT02256,2026-05-17 13:41:00,2026-05-18 14:56:43.654867304,East,Payment,Payment Failed,Medium,Email,Consumer,Agent_16,Resolved,48,25.26,Met,5.0
TKT02257,2026-01-12 07:00:00,2026-01-14 13:29:57.707534860,East,Account,Profile Update,Low,Email,Consumer,Agent_06,Closed,72,54.5,Met,3.0
TKT02258,2026-01-16 20:42:00,2026-01-17 16:33:46.977859382,West,Account,Profile Update,High,Chat,Consumer,Agent_20,Resolved,24,19.86,Met,5.0
TKT02259,2026-05-09 05:47:00,2026-05-09 08:34:45.239340192,North,Refund,Refund Pending,Critical,Phone,Consumer,Agent_15,Resolved,12,2.8,Met,4.0
TKT02260,2026-03-04 18:22:00,2026-03-05 18:27:15.470591524,North,Payment,Card Declined,Low,Web,Consumer,Agent_19,Resolved,72,24.09,Met,5.0
TKT02261,2026-04-19 12:27:00,2026-04-21 05:35:18.427288354,East,Delivery,Wrong Item,Medium,Chat,Consumer,Agent_07,Closed,48,41.14,Met,3.0
TKT02262,2026-01-21 04:32:00,2026-01-21 17:49:41.999928158,North,Login,OTP Issue,Critical,Chat,Consumer,Agent_11,Resolved,12,13.29,Breached,2.0
TKT02263,2026-06-07 19:44:00,2026-06-10 16:59:51.437466295,North,Technical,App Error,Medium,Web,Consumer,Agent_18,Resolved,48,69.26,Breached,2.0
TKT02264,2026-09-26 05:07:00,2026-09-27 22:43:16.372180386,North,Payment,Payment Failed,High,Email,Consumer,Agent_08,Resolved,24,41.6,Breached,1.0
TKT02265,2026-06-11 23:17:00,2026-06-14 19:06:50.115998233,South,Login,OTP Issue,Medium,Chat,Consumer,Agent_02,Resolved,48,67.83,Breached,3.0
TKT02266,2026-09-17 16:15:00,2026-09-21 15:43:19.698300948,West,Login,OTP Issue,Medium,Email,Business,Agent_12,Closed,48,95.47,Breached,4.0
TKT02267,2026-04-12 12:12:00,2026-04-12 20:14:59.565538759,West,Payment,Card Declined,Medium,Email,Business,Agent_08,Closed,48,8.05,Met,3.0
TKT02268,2026-08-11 17:12:00,2026-08-13 15:11:38.232019442,,Delivery,Damaged Item,Medium,Chat,Consumer,Agent_01,Resolved,48,45.99,Met,4.0
TKT02269,2026-02-28 07:23:00,2026-02-28 23:06:08.155382642,North,Account,Account Access,Low,Chat,Consumer,Agent_07,Resolved,72,15.72,Met,5.0
TKT02270,2026-09-04 18:56:00,2026-09-05 13:12:47.613389106,East,Account,Account Verification,High,Phone,Consumer,Agent_09,Closed,24,18.28,Met,5.0
TKT02271,2026-05-08 20:28:00,2026-05-09 04:00:09.882118805,West,Refund,Refund Request,High,Email,Consumer,Agent_09,Resolved,24,7.54,Met,4.0
TKT02272,2026-01-25 06:44:00,2026-01-26 06:07:53.405847718,West,Technical,System Issue,High,Chat,Consumer,Agent_02,Closed,24,23.4,Met,3.0
TKT02273,2026-05-11 14:12:00,2026-05-13 16:55:49.483591590,East,Refund,Refund Failed,Medium,Email,Consumer,Agent_04,Resolved,48,50.73,Breached,1.0
TKT02274,2026-07-15 20:20:00,2026-07-17 09:07:20.880670563,West,Account,Account Verification,Low,Chat,Consumer,Agent_14,Resolved,72,36.79,Met,4.0
TKT02275,2026-06-03 12:57:00,2026-06-06 19:08:36.479186833,South,Technical,Website Error,Low,Chat,Consumer,Agent_14,Closed,72,78.19,Breached,1.0
TKT02276,2026-05-13 01:54:00,2026-05-13 12:46:49.607162353,East,Payment,Card Declined,High,Phone,Consumer,Agent_08,Resolved,24,10.88,Met,4.0
TKT02277,2026-08-15 19:04:00,2026-08-19 08:37:29.561128437,North,Login,Account Locked,Medium,Phone,Consumer,Agent_09,Closed,48,85.56,Breached,2.0
TKT02278,2026-07-08 01:04:00,2026-07-08 13:49:17.122153752,South,Technical,System Issue,Medium,Phone,Consumer,Agent_03,Resolved,48,12.75,Met,4.0
TKT02279,2026-09-22 21:39:00,2026-09-24 15:22:01.976570364,West,Delivery,Wrong Item,Low,Chat,Consumer,Agent_19,Resolved,72,41.72,Met,3.0
TKT02280,2026-05-14 13:44:00,2026-05-16 02:15:23.883587306,North,Delivery,Late Delivery,Low,Phone,Consumer,Agent_06,Closed,72,36.52,Met,4.0
TKT02281,2026-07-30 03:58:00,2026-07-31 15:32:12.544010277,West,Account,Account Verification,Medium,Email,Consumer,Agent_01,Resolved,48,35.57,Met,3.0
TKT02282,2026-03-01 05:01:00,2026-03-02 08:21:07.513734861,West,Login,Password Reset,High,Email,Consumer,Agent_18,Closed,24,27.34,Breached,1.0
TKT02283,2026-08-01 23:35:00,,North,Payment,Duplicate Charge,Critical,Chat,Business,Agent_08,Pending,12,,Pending,3.0
TKT02284,2026-08-04 16:08:00,,,Account,Account Verification,High,Phone,Consumer,Agent_07,Pending,24,,Pending,2.0
TKT02285,2026-08-14 06:08:00,2026-08-14 20:50:54.728664163,South,Technical,Website Error,Critical,Web,Consumer,Agent_07,Closed,12,14.72,Breached,3.0
TKT02286,2026-05-11 03:52:00,2026-05-11 15:52:46.592927067,West,Refund,Refund Request,Critical,Chat,Business,Agent_10,Resolved,12,12.01,Breached,1.0
TKT02287,2026-03-17 03:14:00,2026-03-18 15:29:10.433516245,East,Payment,Card Declined,Medium,Web,Business,Agent_04,Resolved,48,36.25,Met,5.0
TKT02288,2026-06-05 15:06:00,2026-06-06 21:54:20.371529667,East,Refund,Refund Pending,Low,Chat,Consumer,Agent_18,Closed,72,30.81,Met,4.0
TKT02289,2026-09-05 17:15:00,2026-09-06 06:39:52.947675435,East,Payment,Duplicate Charge,High,Web,Business,Agent_19,Resolved,24,13.41,Met,4.0
TKT02290,2026-08-06 15:20:00,2026-08-08 07:06:55.972378549,West,Technical,App Error,Low,Email,Consumer,Agent_10,Resolved,72,39.78,Met,5.0
TKT02291,2026-07-09 11:28:00,2026-07-12 23:09:29.038115090,West,Payment,Duplicate Charge,Medium,Web,Consumer,Agent_20,Resolved,48,83.69,Breached,1.0
TKT02292,2026-06-12 02:56:00,2026-06-13 13:27:39.465310454,North,Delivery,Damaged Item,Low,Phone,Consumer,Agent_19,Resolved,72,34.53,Met,3.0
TKT02293,2026-06-29 03:36:00,2026-06-30 07:31:03.011277144,South,Account,Account Access,Medium,Web,Consumer,Agent_03,Closed,48,27.92,Met,4.0
TKT02294,2026-02-03 17:14:00,2026-02-05 05:07:24.560746818,West,Login,Password Reset,Medium,Web,Consumer,Agent_17,Resolved,48,35.89,Met,4.0
TKT02295,2026-02-10 10:29:00,2026-02-12 12:11:27.061387552,East,Refund,Refund Failed,Low,Email,Consumer,Agent_01,Resolved,72,49.71,Met,4.0
TKT02296,2026-03-16 02:43:00,2026-03-16 13:39:31.849536224,West,Delivery,Damaged Item,Medium,Phone,Consumer,Agent_08,Resolved,48,10.94,Met,5.0
TKT02297,2026-06-25 00:52:00,2026-06-25 14:06:39.771714246,South,Delivery,Late Delivery,High,Phone,Consumer,Agent_17,Closed,24,13.24,Met,3.0
TKT02298,2026-05-30 03:37:00,2026-05-30 15:37:07.364509596,West,Account,Account Access,Medium,Web,Consumer,Agent_04,Closed,48,12.0,Met,5.0
TKT02299,2026-09-30 16:38:00,2026-10-01 07:30:20.036948480,South,Technical,App Error,High,Chat,Consumer,Agent_02,Resolved,24,14.87,Met,4.0
TKT02300,2026-04-18 13:43:00,2026-04-21 21:10:17.018646541,North,Technical,System Issue,Low,Phone,Consumer,Agent_17,Closed,72,79.45,Breached,1.0
TKT02301,2026-05-19 23:03:00,2026-05-22 07:14:19.829362344,South,Refund,Refund Pending,Low,Phone,Consumer,Agent_02,Resolved,72,56.19,Met,5.0
TKT02302,2026-09-28 06:24:00,2026-09-29 11:36:16.684069971,East,Refund,Refund Request,Medium,Chat,Consumer,Agent_01,Resolved,48,29.2,Met,3.0
TKT02303,2026-07-31 00:55:00,2026-08-02 21:48:44.051877639,West,Refund,Refund Request,Medium,Email,Business,Agent_05,Closed,48,68.9,Breached,4.0
TKT02304,2026-09-29 01:57:00,2026-10-01 04:22:26.986865062,West,Refund,Refund Request,High,Email,Consumer,Agent_06,Resolved,24,50.42,Breached,1.0
TKT02305,2026-03-07 14:59:00,2026-03-10 14:58:57.188400745,East,Payment,Card Declined,High,Email,Business,Agent_12,Resolved,24,72.0,Breached,1.0
TKT02306,2026-09-05 21:16:00,2026-09-06 16:55:19.948693604,South,Account,Account Verification,High,Phone,Consumer,Agent_10,Resolved,24,19.66,Met,4.0
TKT02307,2026-06-05 13:17:00,2026-06-05 20:32:57.430718611,West,Technical,System Issue,Critical,Phone,Consumer,Agent_08,Resolved,12,7.27,Met,4.0
TKT02308,2026-02-16 12:59:00,2026-02-17 04:02:23.007594621,West,Refund,Refund Pending,Medium,Chat,Consumer,Agent_14,Resolved,48,15.06,Met,4.0
TKT02309,2026-07-20 16:55:00,2026-07-22 22:08:08.887838199,South,Login,Password Reset,Low,Chat,Consumer,Agent_04,Resolved,72,53.22,Met,3.0
TKT02310,2026-05-28 13:22:00,2026-05-29 13:01:59.034302776,South,Login,Password Reset,Medium,Chat,Business,Agent_19,Resolved,48,23.67,Met,3.0
TKT02311,2026-05-04 14:04:00,2026-05-06 07:18:05.919268401,South,Login,OTP Issue,Low,Web,Consumer,Agent_05,Resolved,72,41.23,Met,3.0
TKT02312,2026-01-01 20:03:00,2026-01-03 09:23:41.233305930,West,Technical,Website Error,Medium,Email,Consumer,Agent_07,Resolved,48,37.34,Met,4.0
TKT02313,2026-09-04 23:58:00,2026-09-05 23:58:09.531138445,East,Payment,Payment Failed,Low,Phone,Consumer,Agent_20,Resolved,72,24.0,Met,
TKT02314,2026-05-08 20:58:00,2026-05-10 06:51:37.247222900,East,Refund,Refund Request,Medium,Chat,Consumer,Agent_02,Closed,48,33.89,Met,4.0
TKT02315,2026-07-10 14:14:00,2026-07-12 01:04:00.468231388,North,Account,Account Access,Low,Phone,Consumer,Agent_11,Resolved,72,34.83,Met,5.0
TKT02316,2026-03-08 11:47:00,,South,Payment,Card Declined,Low,Web,Consumer,Agent_10,Pending,72,,Pending,2.0
TKT02317,2026-01-04 18:23:00,2026-01-05 18:21:28.169118994,East,Account,Profile Update,High,Chat,Consumer,Agent_18,Resolved,24,23.97,Met,3.0
TKT02318,2026-05-23 00:21:00,2026-05-24 17:14:33.151996388,South,Delivery,Damaged Item,Medium,Chat,Consumer,Agent_02,Resolved,48,40.89,Met,5.0
TKT02319,2026-07-10 14:02:00,2026-07-12 00:20:28.556056792,West,Technical,App Error,High,Web,Business,Agent_14,Resolved,24,34.31,Breached,3.0
TKT02320,2026-01-21 18:36:00,2026-01-22 07:49:35.702413546,East,Technical,App Error,High,Email,Consumer,Agent_10,Closed,24,13.23,Met,5.0
TKT02321,2026-08-15 03:11:00,2026-08-21 07:12:41.750733583,West,Account,Account Verification,Low,Email,Consumer,Agent_06,Resolved,72,148.03,Breached,2.0
TKT02322,2026-04-27 16:58:00,2026-04-28 12:18:18.106012068,North,Delivery,Damaged Item,Medium,Phone,Consumer,Agent_03,Resolved,48,19.34,Met,4.0
TKT02323,2026-05-22 18:46:00,2026-05-27 00:55:25.235078680,East,Login,OTP Issue,Low,Phone,Consumer,Agent_16,Resolved,72,102.16,Breached,1.0
TKT02324,2026-02-08 06:35:00,2026-02-08 13:51:46.770485178,East,Delivery,Late Delivery,High,Chat,Consumer,Agent_08,Resolved,24,7.28,Met,5.0
TKT02325,2026-09-09 17:10:00,2026-09-11 08:09:23.982436226,North,Payment,Duplicate Charge,High,Email,Consumer,Agent_09,Closed,24,38.99,Breached,2.0
TKT02326,2026-07-26 10:39:00,2026-07-28 09:21:02.677806090,South,Login,OTP Issue,Low,Phone,Consumer,Agent_11,Closed,72,46.7,Met,5.0
TKT02327,2026-07-29 16:58:00,2026-07-30 20:05:04.477088726,East,Payment,Duplicate Charge,Medium,Email,Consumer,Agent_16,Resolved,48,27.12,Met,5.0
TKT02328,2026-04-25 09:26:00,2026-04-25 20:12:16.116771453,North,Payment,Card Declined,Critical,Phone,Business,Agent_02,Closed,12,10.77,Met,5.0
TKT02329,2026-08-13 03:50:00,2026-08-14 15:05:41.059806634,West,Delivery,Late Delivery,Medium,Web,Consumer,Agent_05,Resolved,48,35.26,Met,5.0
TKT02330,2026-05-14 14:33:00,2026-05-15 12:07:34.823759365,North,Refund,Refund Pending,High,Web,Consumer,Agent_01,Closed,24,21.58,Met,5.0
TKT02331,2026-09-08 09:33:00,,West,Technical,System Issue,Medium,Phone,Consumer,Agent_15,Pending,48,,Pending,2.0
TKT02332,2026-08-07 03:59:00,2026-08-08 10:21:17.746833658,North,Payment,Duplicate Charge,Low,Web,Business,Agent_07,Resolved,72,30.37,Met,4.0
TKT02333,2026-04-01 01:29:00,2026-04-01 14:37:42.656079721,East,Delivery,Wrong Item,High,Email,Consumer,Agent_16,Resolved,24,13.15,Met,3.0
TKT02334,2026-02-15 03:51:00,2026-02-15 12:13:23.599490660,South,Refund,Refund Request,High,Phone,Business,Agent_12,Resolved,24,8.37,Met,5.0
TKT02335,2026-02-07 07:36:00,2026-02-08 05:30:23.576989906,East,Account,Account Verification,High,Web,Consumer,Agent_19,Resolved,24,21.91,Met,4.0
TKT02336,2026-05-22 03:52:00,2026-05-23 07:58:37.785433384,East,Account,Account Verification,Medium,Phone,Consumer,Agent_15,Closed,48,28.11,Met,5.0
TKT02337,2026-04-10 05:53:00,2026-04-12 05:34:34.443899937,West,Login,OTP Issue,Medium,Email,Business,Agent_03,Resolved,48,47.69,Met,5.0
TKT02338,2026-07-09 16:44:00,,East,Account,Account Access,High,Email,Business,Agent_20,Pending,24,,Pending,3.0
TKT02339,2026-02-04 22:36:00,2026-02-07 09:43:56.652167625,North,Payment,Duplicate Charge,Medium,Phone,Consumer,Agent_05,Resolved,48,59.13,Breached,1.0
TKT02340,2026-05-27 07:18:00,2026-05-28 12:04:15.847355197,South,Technical,System Issue,Medium,Phone,Consumer,Agent_15,Resolved,48,28.77,Met,5.0
TKT02341,2026-01-30 23:18:00,2026-01-31 01:55:09.111860396,East,Technical,Website Error,High,Email,Consumer,Agent_17,Resolved,24,2.62,Met,3.0
TKT02342,2026-03-25 21:55:00,2026-03-27 09:36:28.619622222,South,Login,Password Reset,Medium,Phone,Consumer,Agent_16,Closed,48,35.69,Met,5.0
TKT02343,2026-09-27 05:44:00,2026-09-28 07:08:28.149581422,West,Refund,Refund Failed,Medium,Phone,Consumer,Agent_16,Resolved,48,25.41,Met,4.0
TKT02344,2026-06-03 11:03:00,,East,Refund,Refund Failed,High,Phone,Consumer,Agent_12,Pending,24,,Pending,4.0
TKT02345,2026-04-12 10:56:00,2026-04-12 20:49:48.580464152,South,Payment,Payment Failed,Critical,Chat,Consumer,Agent_04,Resolved,12,9.9,Met,4.0
TKT02346,2026-08-03 02:09:00,2026-08-03 22:40:48.674198254,North,Payment,Duplicate Charge,Medium,Email,Business,Agent_05,Resolved,48,20.53,Met,5.0
TKT02347,2026-05-30 02:20:00,2026-05-30 16:51:24.211055413,South,Technical,Website Error,Medium,Chat,Consumer,Agent_08,Resolved,48,14.52,Met,4.0
TKT02348,2026-03-24 06:54:00,2026-03-24 20:45:41.783148100,North,Technical,Website Error,High,Chat,Consumer,Agent_12,Closed,24,13.86,Met,5.0
TKT02349,2026-04-20 18:36:00,2026-04-21 12:09:35.753523411,North,Delivery,Wrong Item,High,Chat,Consumer,Agent_05,Resolved,24,17.56,Met,4.0
TKT02350,2026-07-20 10:25:00,2026-07-22 06:15:29.044110454,West,Refund,Refund Pending,High,Web,Consumer,Agent_11,Resolved,24,43.84,Breached,3.0
TKT02351,2026-06-22 04:43:00,2026-06-23 07:34:49.097475860,South,Refund,Refund Request,Medium,Chat,Consumer,Agent_19,Resolved,48,26.86,Met,4.0
TKT02352,2026-07-25 03:42:00,2026-07-26 12:32:11.719928227,East,Delivery,Wrong Item,Medium,Phone,Business,Agent_10,Resolved,48,32.84,Met,5.0
TKT02353,2026-03-04 12:23:00,2026-03-05 16:03:27.944598748,East,Account,Account Verification,Medium,Chat,Business,Agent_18,Resolved,48,27.67,Met,4.0
TKT02354,2026-03-14 07:42:00,2026-03-15 04:14:45.317300766,East,Login,Password Reset,High,Web,Business,Agent_12,Closed,24,20.55,Met,4.0
TKT02355,2026-09-08 21:39:00,2026-09-09 17:33:52.068515997,East,Payment,Duplicate Charge,High,Web,Consumer,Agent_09,Resolved,24,19.91,Met,5.0
TKT02356,2026-05-04 19:23:00,2026-05-06 09:31:09.208131777,South,Login,OTP Issue,Low,Chat,Business,Agent_10,Closed,72,38.14,Met,5.0
TKT02357,2026-05-01 05:56:00,2026-05-02 02:05:07.360151036,West,Login,Account Locked,Medium,Email,Consumer,Agent_20,Resolved,48,20.15,Met,5.0
TKT02358,2026-04-30 17:26:00,2026-05-02 10:44:09.178712787,East,Account,Account Verification,Medium,Phone,Consumer,Agent_20,Resolved,48,41.3,Met,5.0
TKT02359,2026-06-13 21:33:00,2026-06-14 02:55:34.261162582,East,Payment,Payment Failed,Critical,Phone,Consumer,Agent_19,Resolved,12,5.38,Met,4.0
TKT02360,2026-09-22 14:18:00,2026-09-23 13:45:13.838760219,North,Technical,System Issue,High,Email,Consumer,Agent_06,Resolved,24,23.45,Met,4.0
TKT02361,2026-06-10 11:04:00,2026-06-14 03:59:06.448913976,South,Technical,App Error,Medium,Phone,Consumer,Agent_10,Resolved,48,88.92,Breached,2.0
TKT02362,2026-03-30 22:36:00,2026-03-31 22:28:25.495297978,North,Refund,Refund Failed,Low,Web,Consumer,Agent_19,Closed,72,23.87,Met,4.0
TKT02363,2026-05-22 16:54:00,2026-05-23 07:41:26.553871024,North,Login,Account Locked,Medium,Web,Consumer,Agent_09,Resolved,48,14.79,Met,4.0
TKT02364,2026-07-22 01:24:00,,,Account,Account Verification,Low,Phone,Consumer,Agent_16,Pending,72,,Pending,3.0
TKT02365,2026-08-15 10:20:00,2026-08-16 19:53:07.471955501,East,Account,Account Verification,High,Email,Consumer,Agent_08,Resolved,24,33.55,Breached,2.0
TKT02366,2026-08-10 17:34:00,2026-08-11 07:08:36.495315368,East,Technical,App Error,High,Phone,Consumer,Agent_12,Closed,24,13.58,Met,4.0
TKT02367,2026-02-10 03:59:00,2026-02-12 08:13:27.675480469,South,Delivery,Late Delivery,Medium,Chat,Business,Agent_05,Resolved,48,52.24,Breached,2.0
TKT02368,2026-07-15 06:02:00,2026-07-17 02:13:52.351182052,North,Refund,Refund Request,Medium,Web,Consumer,Agent_11,Resolved,48,44.2,Met,4.0
TKT02369,2026-03-09 13:41:00,2026-03-10 04:05:34.141234626,East,Login,OTP Issue,High,Web,Consumer,Agent_19,Resolved,24,14.41,Met,4.0
TKT02370,2026-09-21 23:32:00,2026-09-24 00:27:29.937267195,West,Refund,Refund Failed,Medium,Chat,Consumer,Agent_03,Resolved,48,48.92,Breached,1.0
TKT02371,2026-01-02 11:07:00,,North,Payment,Duplicate Charge,Low,Web,Consumer,Agent_15,Pending,72,,Pending,4.0
TKT02372,2026-05-05 22:02:00,2026-05-06 12:17:27.961203369,West,Payment,Payment Failed,Critical,Chat,Business,Agent_20,Resolved,12,14.26,Breached,2.0
TKT02373,2026-04-20 23:14:00,2026-04-21 17:42:31.987200522,West,Refund,Refund Failed,High,Web,Consumer,Agent_03,Resolved,24,18.48,Met,5.0
TKT02374,2026-03-27 01:38:00,2026-03-28 06:27:39.969517234,West,Account,Account Access,High,Email,Consumer,Agent_01,Resolved,24,28.83,Breached,2.0
TKT02375,2026-04-30 00:46:00,2026-05-03 00:01:21.295347512,East,Refund,Refund Pending,Low,Web,Business,Agent_11,Resolved,72,71.26,Met,4.0
TKT02376,2026-05-07 13:58:00,2026-05-09 02:54:05.300881242,West,Delivery,Wrong Item,Low,Phone,Consumer,Agent_13,Resolved,72,36.93,Met,4.0
TKT02377,2026-09-12 07:01:00,2026-09-13 07:48:52.885376682,West,Refund,Refund Pending,Low,Phone,Consumer,Agent_05,Resolved,72,24.8,Met,5.0
TKT02378,2026-07-02 01:01:00,2026-07-03 23:49:24.585622920,East,Account,Profile Update,Low,Phone,Consumer,Agent_07,Resolved,72,46.81,Met,5.0
TKT02379,2026-01-16 18:52:00,2026-01-17 21:40:32.010209719,East,Account,Profile Update,High,Phone,Business,Agent_01,Resolved,24,26.81,Breached,1.0
TKT02380,2026-03-03 19:02:00,2026-03-04 15:36:10.931332958,East,Login,Account Locked,Low,Email,Consumer,Agent_13,Resolved,72,20.57,Met,3.0
TKT02381,2026-06-07 16:49:00,2026-06-08 07:58:34.440839276,South,Technical,System Issue,High,Web,Consumer,Agent_10,Resolved,24,15.16,Met,4.0
TKT02382,2026-09-25 09:57:00,2026-09-27 05:53:53.662291656,North,Refund,Refund Request,Medium,Phone,Consumer,Agent_20,Closed,48,43.95,Met,4.0
TKT02383,2026-02-04 23:25:00,2026-02-05 10:28:26.561267103,North,Login,Password Reset,Medium,Web,Consumer,Agent_18,Closed,48,11.06,Met,5.0
TKT02384,2026-09-24 06:31:00,2026-09-25 01:12:45.259142373,South,Login,Password Reset,Critical,Email,Consumer,Agent_13,Closed,12,18.7,Breached,2.0
TKT02385,2026-03-05 16:16:00,,South,Login,Password Reset,Low,Chat,Business,Agent_01,Pending,72,,Pending,2.0
TKT02386,2026-02-19 17:55:00,2026-02-24 01:44:27.620455180,South,Login,OTP Issue,Medium,Email,Consumer,Agent_17,Closed,48,103.82,Breached,4.0
TKT02387,2026-09-12 10:02:00,2026-09-13 01:41:23.321273259,East,Login,Password Reset,Medium,Phone,Consumer,Agent_12,Resolved,48,15.66,Met,4.0
TKT02388,2026-05-29 21:52:00,2026-06-01 06:05:49.742686642,West,Payment,Payment Failed,Low,Email,Consumer,Agent_06,Resolved,72,56.23,Met,5.0
TKT02389,2026-06-21 05:36:00,2026-06-22 02:59:33.704951154,East,Refund,Refund Pending,Medium,Phone,Business,Agent_07,Closed,48,21.39,Met,5.0
TKT02390,2026-07-20 13:29:00,2026-07-23 13:00:44.520170278,West,Login,OTP Issue,Medium,Email,Consumer,Agent_01,Resolved,48,71.53,Breached,1.0
TKT02391,2026-02-04 20:27:00,2026-02-05 22:12:59.448441038,North,Delivery,Wrong Item,High,Phone,Consumer,Agent_10,Resolved,24,25.77,Breached,1.0
TKT02392,2026-08-04 21:01:00,2026-08-05 11:14:57.420408644,West,Payment,Duplicate Charge,High,Chat,Consumer,Agent_03,Resolved,24,14.23,Met,3.0
TKT02393,2026-03-06 23:25:00,,South,Payment,Duplicate Charge,Medium,Chat,Consumer,Agent_07,Pending,48,,Pending,4.0
TKT02394,2026-01-08 12:31:00,2026-01-10 22:53:24.068215722,North,Technical,App Error,Low,Web,Business,Agent_10,Closed,72,58.37,Met,5.0
TKT02395,2026-03-17 19:19:00,2026-03-20 01:58:19.120516560,West,Delivery,Damaged Item,Medium,Web,Business,Agent_10,Resolved,48,54.66,Breached,1.0
TKT02396,2026-06-23 23:50:00,,South,Payment,Payment Failed,Low,Email,Business,Agent_09,Pending,72,,Pending,3.0
TKT02397,2026-02-16 23:05:00,,West,Refund,Refund Request,Medium,Chat,Business,Agent_06,Pending,48,,Pending,3.0
TKT02398,2026-01-15 23:24:00,2026-01-16 06:03:25.750544353,West,Payment,Duplicate Charge,High,Phone,Consumer,Agent_09,Resolved,24,6.66,Met,3.0
TKT02399,2026-05-27 14:40:00,2026-05-28 10:58:17.545534333,West,Payment,Payment Failed,Low,Chat,Business,Agent_09,Closed,72,20.3,Met,4.0
TKT02400,2026-01-26 10:34:00,2026-01-28 03:38:14.035364731,North,Payment,Card Declined,High,Chat,Business,Agent_10,Closed,24,41.07,Breached,3.0
TKT02401,2026-04-03 04:13:00,2026-04-03 16:16:52.449518527,West,Payment,Card Declined,Critical,Chat,Consumer,Agent_04,Resolved,12,12.06,Breached,1.0
TKT02402,2026-08-20 18:57:00,2026-08-21 03:25:19.611798052,South,Account,Account Verification,High,Chat,Consumer,Agent_16,Resolved,24,8.47,Met,5.0
TKT02403,2026-01-21 00:19:00,2026-01-21 13:58:00.596564337,West,Refund,Refund Request,Medium,Phone,Consumer,Agent_02,Resolved,48,13.65,Met,5.0
TKT02404,2026-02-07 08:47:00,2026-02-08 01:07:48.752668860,South,Delivery,Late Delivery,Medium,Chat,Business,Agent_11,Resolved,48,16.35,Met,3.0
TKT02405,2026-06-06 19:28:00,2026-06-07 14:45:26.401533698,East,Payment,Payment Failed,Critical,Chat,Consumer,Agent_09,Closed,12,19.29,Breached,3.0
TKT02406,2026-06-28 20:31:00,2026-06-29 16:35:05.874053429,North,Technical,App Error,Medium,Email,Business,Agent_03,Resolved,48,20.07,Met,3.0
TKT02407,2026-05-12 06:15:00,2026-05-13 08:04:41.439220996,East,Login,OTP Issue,High,Web,Consumer,Agent_07,Resolved,24,25.83,Breached,3.0
TKT02408,2026-01-28 02:45:00,2026-01-30 20:39:13.240257220,East,Refund,Refund Request,Low,Web,Consumer,Agent_13,Closed,72,65.9,Met,4.0
TKT02409,2026-09-17 20:04:00,,North,Technical,App Error,Low,Web,Consumer,Agent_13,Pending,72,,Pending,3.0
TKT02410,2026-03-17 14:20:00,2026-03-18 07:35:42.541445048,East,Account,Account Verification,High,Web,Consumer,Agent_19,Resolved,24,17.26,Met,5.0
TKT02411,2026-03-08 10:16:00,2026-03-09 12:07:58.612314700,South,Login,Password Reset,High,Phone,Business,Agent_11,Closed,24,25.87,Breached,2.0
TKT02412,2026-07-13 10:11:00,2026-07-14 02:03:01.784400988,South,Technical,System Issue,High,Email,Consumer,Agent_05,Resolved,24,15.87,Met,4.0
TKT02413,2026-06-11 22:35:00,2026-06-12 09:48:33.133895821,South,Login,Password Reset,Critical,Email,Consumer,Agent_16,Resolved,12,11.23,Met,4.0
TKT02414,2026-09-14 08:22:00,2026-09-17 05:41:02.821525082,South,Payment,Payment Failed,Low,Email,Consumer,Agent_02,Closed,72,69.32,Met,5.0
TKT02415,2026-03-13 15:12:00,2026-03-16 08:10:59.773283407,East,Account,Account Access,Low,Chat,Consumer,Agent_10,Closed,72,64.98,Met,4.0
TKT02416,2026-03-28 01:18:00,2026-03-28 13:16:44.409396367,North,Technical,Website Error,Critical,Chat,Business,Agent_10,Closed,12,11.98,Met,5.0
TKT02417,2026-09-19 09:44:00,2026-09-21 22:25:42.381187573,East,Delivery,Damaged Item,Low,Email,Consumer,Agent_19,Resolved,72,60.7,Met,5.0
TKT02418,2026-08-02 11:27:00,2026-08-03 00:42:05.115821007,North,Payment,Card Declined,High,Phone,Consumer,Agent_20,Resolved,24,13.25,Met,4.0
TKT02419,2026-06-02 06:35:00,2026-06-02 22:35:37.139457542,North,Refund,Refund Request,Medium,Web,Business,Agent_06,Closed,48,16.01,Met,5.0
TKT02420,2026-07-29 18:46:00,2026-07-31 14:56:15.251920168,East,Payment,Duplicate Charge,Low,Phone,Business,Agent_16,Resolved,72,44.17,Met,4.0
TKT02421,2026-03-02 06:41:00,2026-03-03 04:46:12.038876534,East,Refund,Refund Request,Medium,Email,Business,Agent_13,Resolved,48,22.09,Met,5.0
TKT02422,2026-09-25 16:14:00,2026-09-27 10:51:39.425519982,South,Account,Account Access,Medium,Web,Business,Agent_19,Closed,48,42.63,Met,4.0
TKT02423,2026-09-19 03:43:00,2026-09-19 13:32:32.247091138,North,Refund,Refund Failed,High,Web,Consumer,Agent_03,Resolved,24,9.83,Met,4.0
TKT02424,2026-08-06 08:37:00,2026-08-07 07:58:13.138125138,North,Login,Account Locked,High,Web,Business,Agent_09,Resolved,24,23.35,Met,3.0
TKT02425,2026-05-16 10:33:00,2026-05-17 12:34:34.055281128,West,Delivery,Wrong Item,Medium,Phone,Consumer,Agent_10,Resolved,48,26.03,Met,5.0
TKT02426,2026-04-03 03:55:00,2026-04-03 19:50:23.281609022,North,Technical,Website Error,Medium,Email,Consumer,Agent_16,Closed,48,15.92,Met,4.0
TKT02427,2026-04-19 01:55:00,,South,Payment,Card Declined,Medium,Chat,Consumer,Agent_18,Pending,48,,Pending,2.0
TKT02428,2026-08-29 19:46:00,2026-08-31 03:18:50.112765733,North,Login,Password Reset,Low,Web,Consumer,Agent_04,Resolved,72,31.55,Met,4.0
TKT02429,2026-05-22 03:45:00,2026-05-23 17:34:42.990199896,West,Payment,Duplicate Charge,Medium,Web,Consumer,Agent_16,Resolved,48,37.83,Met,4.0
TKT02430,2026-08-25 03:49:00,2026-08-28 14:21:23.757591141,West,Refund,Refund Request,Low,Web,Consumer,Agent_18,Resolved,72,82.54,Breached,1.0
TKT02431,2026-06-26 03:01:00,2026-06-28 17:02:51.456499752,North,Payment,Card Declined,Low,Web,Consumer,Agent_10,Closed,72,62.03,Met,5.0
TKT02432,2026-05-21 21:12:00,2026-05-24 08:39:08.799299024,South,Delivery,Late Delivery,Medium,Web,Consumer,Agent_01,Resolved,48,59.45,Breached,1.0
TKT02433,2026-07-08 22:21:00,2026-07-10 21:08:27.851405114,West,Delivery,Wrong Item,Medium,Chat,Consumer,Agent_10,Resolved,48,46.79,Met,4.0
TKT02434,2026-02-18 03:29:00,2026-02-19 12:12:46.879224067,West,Login,Account Locked,Low,Web,Consumer,Agent_17,Resolved,72,32.73,Met,4.0
TKT02435,2026-07-09 23:35:00,2026-07-11 17:58:12.984383706,West,Delivery,Late Delivery,Medium,Web,Business,Agent_19,Resolved,48,42.39,Met,4.0
TKT02436,2026-05-16 01:35:00,2026-05-17 01:50:42.596571549,East,Payment,Card Declined,Medium,Chat,Consumer,Agent_16,Closed,48,24.26,Met,4.0
TKT02437,2026-02-12 14:53:00,2026-02-15 23:46:33.998625380,South,Login,OTP Issue,Low,Phone,Consumer,Agent_06,Resolved,72,80.89,Breached,2.0
TKT02438,2026-03-31 12:35:00,2026-04-02 07:47:59.404684482,South,Technical,Website Error,Critical,Email,Consumer,Agent_08,Closed,12,43.22,Breached,1.0
TKT02439,2026-09-02 18:29:00,2026-09-03 23:51:57.015172430,East,Refund,Refund Pending,Low,Phone,Business,Agent_16,Resolved,72,29.38,Met,4.0
TKT02440,2026-07-11 06:54:00,2026-07-11 15:28:51.148173223,North,Account,Account Access,High,Web,Consumer,Agent_12,Resolved,24,8.58,Met,4.0
TKT02441,2026-04-16 06:33:00,2026-04-18 01:28:01.982594413,West,Refund,Refund Failed,Low,Phone,Consumer,Agent_09,Resolved,72,42.92,Met,4.0
TKT02442,2026-08-21 11:35:00,2026-08-22 06:14:36.674132814,West,Payment,Payment Failed,High,Chat,Consumer,Agent_16,Resolved,24,18.66,Met,4.0
TKT02443,2026-09-22 14:03:00,2026-09-23 14:42:59.323209116,East,Technical,System Issue,Low,Web,Business,Agent_07,Resolved,72,24.67,Met,5.0
TKT02444,2026-02-06 10:03:00,2026-02-07 00:42:52.004628054,North,Payment,Card Declined,High,Phone,Consumer,Agent_08,Closed,24,14.66,Met,5.0
TKT02445,2026-02-10 09:41:00,2026-02-12 22:03:25.946772978,South,Payment,Card Declined,Medium,Email,Consumer,Agent_20,Resolved,48,60.37,Breached,2.0
TKT02446,2026-01-17 02:12:00,2026-01-18 01:30:13.390493601,North,Technical,System Issue,High,Phone,Consumer,Agent_05,Closed,24,23.3,Met,4.0
TKT02447,2026-02-28 13:10:00,2026-03-01 13:37:27.535491525,South,Delivery,Damaged Item,Medium,Web,Business,Agent_09,Resolved,48,24.46,Met,5.0
TKT02448,2026-07-02 10:48:00,2026-07-04 14:44:14.033759766,West,Technical,Website Error,Low,Web,Consumer,Agent_08,Resolved,72,51.94,Met,5.0
TKT02449,2026-02-10 22:17:00,2026-02-12 21:53:15.741126756,North,Login,Password Reset,High,Web,Consumer,Agent_20,Resolved,24,47.6,Breached,1.0
TKT02450,2026-02-08 03:40:00,2026-02-11 19:05:59.594210281,South,Refund,Refund Pending,Low,Chat,Consumer,Agent_16,Closed,72,87.43,Breached,1.0
TKT02451,2026-07-11 16:15:00,2026-07-12 07:48:18.009794826,North,Delivery,Late Delivery,Critical,Web,Business,Agent_11,Resolved,12,15.56,Breached,2.0
TKT02452,2026-09-24 17:49:00,2026-09-26 03:42:56.030610145,North,Technical,System Issue,Low,Phone,Business,Agent_01,Resolved,72,33.9,Met,4.0
TKT02453,2026-05-27 20:15:00,2026-05-28 14:29:02.569681647,North,Technical,System Issue,Medium,Email,Consumer,Agent_17,Resolved,48,18.23,Met,4.0
TKT02454,2026-05-07 23:22:00,2026-05-08 11:00:02.527519041,East,Login,Password Reset,High,Phone,Consumer,Agent_12,Resolved,24,11.63,Met,5.0
TKT02455,2026-02-15 13:07:00,2026-02-16 14:46:43.763101257,South,Payment,Duplicate Charge,Medium,Email,Business,Agent_05,Resolved,48,25.66,Met,4.0
TKT02456,2026-02-14 11:30:00,2026-02-16 08:40:42.888726897,South,Delivery,Damaged Item,Low,Web,Business,Agent_14,Resolved,72,45.18,Met,4.0
TKT02457,2026-01-01 22:37:00,2026-01-02 16:37:26.284521117,West,Technical,System Issue,High,Email,Consumer,Agent_07,Resolved,24,18.01,Met,5.0
TKT02458,2026-06-17 00:38:00,2026-06-17 18:11:22.757610492,South,Account,Profile Update,High,Chat,Consumer,Agent_07,Resolved,24,17.56,Met,3.0
TKT02459,2026-04-18 21:56:00,2026-04-19 03:40:27.176006338,West,Account,Profile Update,Critical,Chat,Consumer,Agent_04,Closed,12,5.74,Met,3.0
TKT02460,2026-01-19 11:29:00,2026-01-20 04:30:43.898900736,East,Delivery,Late Delivery,Medium,Chat,Business,Agent_15,Closed,48,17.03,Met,4.0
TKT02461,2026-03-13 02:41:00,2026-03-14 03:15:57.547501568,West,Technical,Website Error,Medium,Chat,Consumer,Agent_07,Resolved,48,24.58,Met,3.0
TKT02462,2026-04-19 22:34:00,2026-04-21 12:59:50.496750084,West,Payment,Card Declined,Medium,Chat,Consumer,Agent_09,Resolved,48,38.43,Met,5.0
TKT02463,2026-09-25 18:47:00,2026-09-28 04:37:24.280527904,East,Account,Account Verification,Medium,Email,Consumer,Agent_01,Resolved,48,57.84,Breached,2.0
TKT02464,2026-08-28 02:40:00,2026-08-28 23:42:08.662307172,East,Login,Account Locked,High,Email,Consumer,Agent_02,Closed,24,21.04,Met,5.0
TKT02465,2026-03-31 17:57:00,2026-04-02 02:58:25.819882060,East,Technical,System Issue,Medium,Web,Consumer,Agent_08,Resolved,48,33.02,Met,5.0
TKT02466,2026-04-13 17:37:00,2026-04-15 03:57:18.403459566,North,Payment,Duplicate Charge,Medium,Email,Business,Agent_07,Resolved,48,34.34,Met,4.0
TKT02467,2026-09-07 04:01:00,2026-09-09 06:59:58.902680150,South,Payment,Card Declined,Medium,Email,Consumer,Agent_03,Closed,48,50.98,Breached,2.0
TKT02468,2026-01-08 16:06:00,,North,Account,Account Verification,High,Phone,Business,Agent_07,Pending,24,,Pending,3.0
TKT02469,2026-06-02 14:49:00,2026-06-02 22:10:55.091013537,West,Technical,App Error,Critical,Web,Business,Agent_20,Closed,12,7.37,Met,5.0
TKT02470,2026-06-23 01:52:00,,East,Login,Password Reset,High,Email,Consumer,Agent_16,Pending,24,,Pending,2.0
TKT02471,2026-06-07 16:53:00,2026-06-08 05:30:33.452790740,East,Login,Account Locked,Medium,Web,Consumer,Agent_02,Closed,48,12.63,Met,4.0
TKT02472,2026-08-03 05:17:00,2026-08-03 20:43:57.495502057,North,Delivery,Wrong Item,High,Chat,Consumer,Agent_01,Resolved,24,15.45,Met,5.0
TKT02473,2026-06-26 00:22:00,2026-06-27 08:22:31.953372663,West,Refund,Refund Pending,Medium,Email,Consumer,Agent_08,Resolved,48,32.01,Met,4.0
TKT02474,2026-06-24 13:43:00,,South,Account,Account Verification,Low,Phone,Consumer,Agent_05,Pending,72,,Pending,2.0
TKT02475,2026-05-26 19:01:00,2026-05-29 08:10:40.898437898,West,Login,Password Reset,Low,Phone,Consumer,Agent_10,Closed,72,61.16,Met,5.0
TKT02476,2026-06-10 11:40:00,2026-06-11 05:42:30.538586551,East,Payment,Duplicate Charge,Low,Chat,Business,Agent_04,Resolved,72,18.04,Met,4.0
TKT02477,2026-05-07 16:58:00,2026-05-09 18:29:37.141090057,West,Login,Password Reset,Medium,Phone,Consumer,Agent_09,Resolved,48,49.53,Breached,2.0
TKT02478,2026-03-23 20:35:00,2026-03-24 18:18:35.933853846,North,Delivery,Wrong Item,High,Phone,Business,Agent_14,Resolved,24,21.73,Met,5.0
TKT02479,2026-05-27 18:56:00,,West,Login,Account Locked,Medium,Chat,Consumer,Agent_10,Pending,48,,Pending,3.0
TKT02480,2026-08-27 17:47:00,2026-08-29 22:58:59.538287104,North,Delivery,Late Delivery,Medium,Email,Consumer,Agent_18,Resolved,48,53.2,Breached,2.0
TKT02481,2026-03-25 02:07:00,2026-03-26 09:10:12.185051364,West,Payment,Payment Failed,Critical,Phone,Consumer,Agent_09,Resolved,12,31.05,Breached,2.0
TKT02482,2026-04-23 14:35:00,2026-04-23 22:15:04.218669357,West,Delivery,Wrong Item,High,Phone,Business,Agent_05,Resolved,24,7.67,Met,5.0
TKT02483,2026-08-13 02:37:00,,North,Payment,Duplicate Charge,High,Email,Consumer,Agent_08,Pending,24,,Pending,3.0
TKT02484,2026-08-31 13:46:00,2026-09-01 18:19:51.499163685,North,Account,Account Access,Medium,Chat,Consumer,Agent_12,Resolved,48,28.56,Met,4.0
TKT02485,2026-05-23 23:37:00,2026-05-24 10:48:41.150940723,South,Technical,App Error,Low,Phone,Consumer,Agent_20,Resolved,72,11.19,Met,4.0
TKT02486,2026-02-10 14:11:00,2026-02-11 10:04:08.939470642,South,Delivery,Damaged Item,Low,Phone,Consumer,Agent_19,Resolved,72,19.89,Met,5.0
TKT02487,2026-09-15 08:31:00,2026-09-17 05:15:05.680424716,West,Payment,Card Declined,Low,Chat,Consumer,Agent_14,Resolved,72,44.73,Met,4.0
TKT02488,2026-04-15 00:44:00,2026-04-17 23:08:06.136041470,East,Technical,Website Error,Medium,Phone,Business,Agent_11,Resolved,48,70.4,Breached,2.0
TKT02489,2026-07-21 18:51:00,2026-07-22 23:26:11.302318161,East,Delivery,Damaged Item,Medium,Email,Consumer,Agent_11,Resolved,48,28.59,Met,4.0
TKT02490,2026-09-23 03:38:00,2026-09-25 01:26:20.612133784,South,Technical,Website Error,Low,Phone,Business,Agent_04,Resolved,72,45.81,Met,4.0
TKT02491,2026-07-29 07:22:00,2026-07-30 11:58:36.139246794,South,Account,Account Verification,Low,Phone,Consumer,Agent_18,Resolved,72,28.61,Met,4.0
TKT02492,2026-02-20 05:14:00,2026-02-21 15:19:36.365719369,West,Delivery,Late Delivery,Low,Phone,Consumer,Agent_09,Resolved,72,34.09,Met,5.0
TKT02493,2026-04-28 02:56:00,2026-04-29 09:00:23.038275320,North,Delivery,Damaged Item,Medium,Email,Consumer,Agent_08,Resolved,48,30.07,Met,4.0
TKT02494,2026-07-20 03:47:00,,North,Technical,App Error,Medium,Email,Consumer,Agent_04,Pending,48,,Pending,3.0
TKT02495,2026-02-08 04:26:00,2026-02-09 19:04:42.939189261,North,Login,Account Locked,Medium,Web,Consumer,Agent_19,Resolved,48,38.65,Met,4.0
TKT02496,2026-01-28 14:29:00,2026-01-29 11:01:30.179503226,East,Delivery,Late Delivery,Medium,Phone,Consumer,Agent_19,Resolved,48,20.54,Met,4.0
TKT02497,2026-09-16 13:57:00,2026-09-17 02:37:40.992686241,East,Login,Password Reset,Medium,Email,Consumer,Agent_02,Resolved,48,12.68,Met,3.0
TKT02498,2026-03-25 23:22:00,2026-03-27 10:07:57.815198398,East,Delivery,Late Delivery,Low,Phone,Consumer,Agent_11,Resolved,72,34.77,Met,3.0
TKT02499,2026-06-04 08:08:00,2026-06-09 01:24:22.833381662,East,Login,OTP Issue,Low,Chat,Consumer,Agent_03,Resolved,72,113.27,Breached,2.0
TKT02500,2026-04-27 11:41:00,2026-04-27 20:27:14.417917766,North,Payment,Duplicate Charge,High,Chat,Business,Agent_01,Resolved,24,8.77,Met,4.0
TKT02501,2026-01-02 11:26:00,2026-01-03 08:30:23.718744037,West,Payment,Payment Failed,Critical,Phone,Consumer,Agent_10,Closed,12,21.07,Breached,2.0
TKT02502,2026-04-03 21:53:00,2026-04-04 21:40:15.999937155,West,Payment,Payment Failed,Medium,Chat,Consumer,Agent_13,Resolved,48,23.79,Met,5.0
TKT02503,2026-06-15 16:35:00,2026-06-16 06:06:56.805258792,,Technical,App Error,Critical,Email,Business,Agent_03,Resolved,12,13.53,Breached,2.0
TKT02504,2026-09-15 05:56:00,2026-09-16 10:58:27.266932694,East,Account,Profile Update,Medium,Phone,Consumer,Agent_07,Closed,48,29.04,Met,5.0
TKT02505,2026-03-22 14:31:00,2026-03-24 05:07:59.157059922,North,Account,Account Verification,Low,Phone,Consumer,Agent_05,Resolved,72,38.62,Met,4.0
TKT02506,2026-09-25 03:23:00,2026-09-25 13:56:55.164261765,North,Payment,Duplicate Charge,Critical,Phone,Consumer,Agent_02,Closed,12,10.57,Met,4.0
TKT02507,2026-08-23 20:36:00,2026-08-26 18:14:19.633335604,,Refund,Refund Pending,Low,Web,Business,Agent_18,Resolved,72,69.64,Met,5.0
TKT02508,2026-08-01 09:11:00,2026-08-01 17:05:38.097392900,South,Login,OTP Issue,High,Web,Consumer,Agent_14,Resolved,24,7.91,Met,3.0
TKT02509,2026-03-03 05:22:00,2026-03-04 14:12:23.040031387,West,Refund,Refund Request,Medium,Web,Business,Agent_20,Resolved,48,32.84,Met,3.0
TKT02510,2026-02-18 09:53:00,2026-02-19 03:42:47.837229942,West,Delivery,Damaged Item,Medium,Phone,Consumer,Agent_02,Resolved,48,17.83,Met,3.0
TKT02511,2026-05-07 03:00:00,2026-05-07 22:37:35.433045454,West,Delivery,Wrong Item,Medium,Phone,Consumer,Agent_05,Closed,48,19.63,Met,4.0
TKT02512,2026-08-11 08:18:00,2026-08-12 14:43:46.963604294,North,Payment,Payment Failed,Medium,Web,Consumer,Agent_13,Resolved,48,30.43,Met,4.0
TKT02513,2026-04-17 22:23:00,2026-04-22 02:36:57.278892630,East,Payment,Duplicate Charge,Medium,Chat,Consumer,Agent_07,Resolved,48,100.23,Breached,3.0
TKT02514,2026-05-26 01:22:00,2026-05-27 21:31:33.586946866,North,Payment,Duplicate Charge,Medium,Email,Consumer,Agent_10,Resolved,48,44.16,Met,4.0
TKT02515,2026-04-09 05:02:00,2026-04-11 20:09:59.227756168,East,Delivery,Wrong Item,Medium,Chat,Consumer,Agent_20,Resolved,48,63.13,Breached,1.0
TKT02516,2026-03-14 04:21:00,2026-03-14 12:19:07.767857827,South,Technical,Website Error,Critical,Web,Business,Agent_07,Closed,12,7.97,Met,5.0
TKT02517,2026-05-02 13:03:00,2026-05-03 07:25:36.235896355,South,Account,Account Access,High,Email,Consumer,Agent_18,Resolved,24,18.38,Met,4.0
TKT02518,2026-01-30 20:23:00,2026-02-01 13:44:57.275732919,South,Technical,App Error,Medium,Web,Consumer,Agent_18,Closed,48,41.37,Met,5.0
TKT02519,2026-07-07 21:03:00,2026-07-10 11:02:40.526814087,East,Account,Account Access,Low,Email,Consumer,Agent_02,Closed,72,61.99,Met,5.0
TKT02520,2026-07-14 15:13:00,2026-07-15 09:11:45.491141578,West,Payment,Duplicate Charge,High,Email,Consumer,Agent_16,Resolved,24,17.98,Met,4.0
TKT02521,2026-06-05 11:31:00,2026-06-06 15:59:36.538490154,East,Payment,Duplicate Charge,Low,Email,Consumer,Agent_13,Resolved,72,28.48,Met,3.0
TKT02522,2026-06-21 15:43:00,2026-06-23 07:10:52.526445598,South,Technical,System Issue,Low,Web,Business,Agent_17,Resolved,72,39.46,Met,5.0
TKT02523,2026-02-10 11:22:00,2026-02-11 15:14:33.838830969,West,Technical,App Error,Medium,Web,Business,Agent_06,Resolved,48,27.88,Met,4.0
TKT02524,2026-03-04 21:58:00,2026-03-05 12:29:47.321166197,South,Technical,Website Error,High,Email,Consumer,Agent_09,Resolved,24,14.53,Met,4.0
TKT02525,2026-01-23 11:28:00,,East,Account,Account Access,Low,Phone,Business,Agent_03,Pending,72,,Pending,3.0
TKT02526,2026-03-16 06:35:00,2026-03-18 23:57:53.178351787,West,Payment,Payment Failed,Low,Phone,Consumer,Agent_07,Resolved,72,65.38,Met,4.0
TKT02527,2026-02-17 19:21:00,2026-02-20 13:24:37.207257116,East,Technical,Website Error,Medium,Phone,Consumer,Agent_05,Resolved,48,66.06,Breached,4.0
TKT02528,2026-06-09 13:58:00,2026-06-10 02:36:50.391191050,East,Account,Account Verification,Medium,Phone,Consumer,Agent_07,Resolved,48,12.65,Met,3.0
TKT02529,2026-04-28 14:37:00,2026-05-02 07:24:51.385250889,East,Payment,Duplicate Charge,Medium,Chat,Consumer,Agent_10,Resolved,48,88.8,Breached,2.0
TKT02530,2026-04-10 13:42:00,2026-04-13 00:45:00.559493593,West,Refund,Refund Request,Medium,Chat,Business,Agent_10,Resolved,48,59.05,Breached,2.0
TKT02531,2026-06-16 19:12:00,2026-06-17 13:00:49.686910934,South,Refund,Refund Request,Medium,Phone,Consumer,Agent_10,Resolved,48,17.81,Met,4.0
TKT02532,2026-06-05 00:48:00,2026-06-06 01:20:46.206711265,South,Payment,Card Declined,Low,Web,Consumer,Agent_06,Resolved,72,24.55,Met,4.0
TKT02533,2026-01-07 13:08:00,2026-01-09 06:09:01.319665367,West,Technical,Website Error,Low,Phone,Business,Agent_19,Resolved,72,41.02,Met,5.0
TKT02534,2026-07-15 04:52:00,2026-07-15 18:41:34.987979672,North,Technical,App Error,High,Email,Consumer,Agent_18,Resolved,24,13.83,Met,5.0
TKT02535,2026-02-25 08:55:00,2026-02-26 05:31:46.236174829,West,Account,Profile Update,High,Email,Business,Agent_15,Closed,24,20.61,Met,4.0
TKT02536,2026-07-12 05:10:00,2026-07-15 05:44:53.499157082,North,Delivery,Damaged Item,Low,Web,Consumer,Agent_13,Resolved,72,72.58,Breached,2.0
TKT02537,2026-02-16 08:56:00,2026-02-17 08:56:50.096732036,East,Delivery,Wrong Item,Low,Email,Business,Agent_20,Closed,72,24.01,Met,3.0
TKT02538,2026-05-28 10:38:00,2026-05-30 20:19:41.222593748,South,Account,Account Verification,Low,Phone,Consumer,Agent_02,Resolved,72,57.69,Met,4.0
TKT02539,2026-06-06 03:53:00,2026-06-07 13:10:30.006556288,East,Payment,Duplicate Charge,Medium,Phone,Consumer,Agent_10,Closed,48,33.29,Met,4.0
TKT02540,2026-07-21 20:32:00,2026-07-22 15:04:46.899754083,North,Account,Account Access,High,Web,Business,Agent_02,Resolved,24,18.55,Met,5.0
TKT02541,2026-05-06 10:04:00,2026-05-07 17:26:55.583320659,West,Delivery,Late Delivery,Medium,Web,Consumer,Agent_03,Closed,48,31.38,Met,4.0
TKT02542,2026-03-05 01:33:00,2026-03-06 01:34:00.167287324,East,Delivery,Damaged Item,High,Web,Business,Agent_05,Closed,24,24.02,Breached,3.0
TKT02543,2026-06-25 05:26:00,2026-06-27 02:56:09.517310913,West,Refund,Refund Pending,High,Chat,Business,Agent_15,Closed,24,45.5,Breached,2.0
TKT02544,2026-04-26 03:44:00,2026-04-27 01:38:17.242711477,West,Delivery,Wrong Item,Critical,Email,Consumer,Agent_07,Closed,12,21.9,Breached,4.0
TKT02545,2026-07-23 16:06:00,2026-07-25 23:01:35.599401969,North,Payment,Card Declined,Low,Email,Consumer,Agent_15,Resolved,72,54.93,Met,4.0
TKT02546,2026-01-31 14:49:00,2026-02-02 04:22:03.306942702,West,Login,Account Locked,Low,Chat,Consumer,Agent_12,Resolved,72,37.55,Met,5.0
TKT02547,2026-04-23 00:10:00,2026-04-24 20:36:03.481023732,North,Login,OTP Issue,Low,Email,Business,Agent_03,Resolved,72,44.43,Met,5.0
TKT02548,2026-03-08 22:32:00,2026-03-09 16:00:41.347073290,West,Payment,Card Declined,High,Web,Consumer,Agent_10,Resolved,24,17.48,Met,5.0
TKT02549,2026-03-16 17:15:00,2026-03-17 17:59:49.340125813,West,Refund,Refund Pending,High,Email,Consumer,Agent_04,Resolved,24,24.75,Breached,3.0
TKT02550,2026-02-14 00:34:00,2026-02-14 21:55:52.338682447,West,Payment,Payment Failed,Medium,Phone,Consumer,Agent_07,Resolved,48,21.36,Met,5.0
TKT02551,2026-09-17 07:26:00,2026-09-22 01:30:32.509814862,South,Delivery,Late Delivery,Low,Chat,Consumer,Agent_11,Resolved,72,114.08,Breached,2.0
TKT02552,2026-06-03 20:43:00,2026-06-06 03:23:46.453930302,West,Login,Password Reset,Medium,Chat,Consumer,Agent_17,Resolved,48,54.68,Breached,2.0
TKT02553,2026-06-04 07:20:00,2026-06-04 19:07:10.738023496,East,Payment,Card Declined,Medium,Email,Business,Agent_20,Resolved,48,11.79,Met,4.0
TKT02554,2026-08-22 10:52:00,2026-08-23 12:21:52.006257211,South,Refund,Refund Request,Medium,Chat,Consumer,Agent_15,Resolved,48,25.5,Met,3.0
TKT02555,2026-02-20 09:54:00,2026-02-20 21:50:56.243480550,North,Account,Account Access,Medium,Email,Consumer,Agent_17,Resolved,48,11.95,Met,5.0
TKT02556,2026-09-19 03:48:00,2026-09-21 05:04:50.148114070,West,Login,Account Locked,Low,Email,Consumer,Agent_14,Resolved,72,49.28,Met,4.0
TKT02557,2026-05-05 05:43:00,,North,Technical,App Error,High,Phone,Consumer,Agent_12,Pending,24,,Pending,3.0
TKT02558,2026-09-02 18:23:00,2026-09-04 21:20:36.098307266,East,Payment,Payment Failed,Medium,Phone,Consumer,Agent_18,Closed,48,50.96,Breached,2.0
TKT02559,2026-01-30 22:56:00,2026-02-01 01:27:16.088296353,East,Technical,App Error,Medium,Email,Business,Agent_13,Resolved,48,26.52,Met,4.0
TKT02560,2026-05-02 23:39:00,2026-05-05 01:15:16.956884829,East,Technical,App Error,Low,Chat,Consumer,Agent_19,Resolved,72,49.6,Met,3.0
TKT02561,2026-05-05 21:53:00,2026-05-06 09:10:51.284544954,East,Login,Account Locked,High,Chat,Consumer,Agent_05,Resolved,24,11.3,Met,4.0
TKT02562,2026-02-06 16:28:00,2026-02-07 23:12:06.217264878,West,Refund,Refund Request,Medium,Phone,Business,Agent_12,Resolved,48,30.74,Met,3.0
TKT02563,2026-06-19 19:11:00,2026-06-20 13:33:04.656293446,North,Delivery,Late Delivery,Critical,Email,Consumer,Agent_08,Resolved,12,18.37,Breached,2.0
TKT02564,2026-05-04 15:08:00,,North,Refund,Refund Request,Medium,Email,Business,Agent_08,Pending,48,,Pending,2.0
TKT02565,2026-02-04 23:02:00,,North,Delivery,Late Delivery,Critical,Phone,Consumer,Agent_09,Pending,12,,Pending,4.0
TKT02566,2026-03-28 08:46:00,2026-03-31 03:12:28.387499805,South,Login,Account Locked,High,Email,Consumer,Agent_19,Closed,24,66.44,Breached,4.0
TKT02567,2026-05-14 22:16:00,2026-05-16 08:11:02.846493012,South,Account,Profile Update,Medium,Phone,Consumer,Agent_19,Resolved,48,33.92,Met,4.0
TKT02568,2026-07-15 01:14:00,2026-07-15 19:34:55.806128592,West,Login,Password Reset,Critical,Email,Consumer,Agent_04,Resolved,12,18.35,Breached,2.0
TKT02569,2026-07-20 03:15:00,2026-07-20 16:03:25.789141407,,Account,Account Verification,Medium,Chat,Consumer,Agent_06,Resolved,48,12.81,Met,3.0
TKT02570,2026-03-18 00:28:00,2026-03-19 07:20:02.173551592,East,Technical,System Issue,Medium,Phone,Consumer,Agent_12,Resolved,48,30.87,Met,5.0
TKT02571,2026-02-28 11:45:00,2026-03-01 21:52:58.023481072,West,Payment,Payment Failed,Low,Email,Consumer,Agent_01,Resolved,72,34.13,Met,5.0
TKT02572,2026-05-06 17:00:00,2026-05-09 09:25:41.779005117,West,Account,Account Access,Medium,Email,Consumer,Agent_18,Resolved,48,64.43,Breached,3.0
TKT02573,2026-04-19 00:15:00,2026-04-20 00:42:12.002602683,West,Delivery,Damaged Item,High,Phone,Consumer,Agent_19,Closed,24,24.45,Breached,3.0
TKT02574,2026-08-12 13:24:00,2026-08-13 07:01:16.724781523,North,Refund,Refund Request,High,Web,Business,Agent_17,Closed,24,17.62,Met,5.0
TKT02575,2026-03-09 23:48:00,2026-03-12 01:36:07.250733723,South,Refund,Refund Failed,Low,Web,Business,Agent_03,Resolved,72,49.8,Met,5.0
TKT02576,2026-03-10 15:39:00,2026-03-11 14:27:58.553559781,East,Payment,Duplicate Charge,Medium,Email,Business,Agent_04,Closed,48,22.82,Met,5.0
TKT02577,2026-06-14 16:06:00,2026-06-16 14:51:55.673973414,West,Login,Password Reset,Low,Email,Consumer,Agent_14,Resolved,72,46.77,Met,5.0
TKT02578,2026-06-11 18:20:00,2026-06-13 21:42:54.263710830,East,Technical,App Error,High,Email,Consumer,Agent_06,Resolved,24,51.38,Breached,3.0
TKT02579,2026-02-11 03:48:00,2026-02-12 16:36:10.210713015,West,Delivery,Damaged Item,Low,Web,Consumer,Agent_05,Resolved,72,36.8,Met,4.0
TKT02580,2026-04-19 16:01:00,2026-04-20 02:32:18.468183270,East,Account,Account Access,Critical,Phone,Consumer,Agent_06,Resolved,12,10.52,Met,5.0
TKT02581,2026-02-20 22:00:00,2026-02-22 06:44:34.384137900,North,Technical,System Issue,Low,Web,Consumer,Agent_13,Resolved,72,32.74,Met,5.0
TKT02582,2026-09-07 11:54:00,2026-09-08 05:06:38.678517828,East,Login,Account Locked,Medium,Chat,Business,Agent_09,Resolved,48,17.21,Met,4.0
TKT02583,2026-01-21 16:23:00,,South,Delivery,Damaged Item,High,Web,Consumer,Agent_17,Pending,24,,Pending,3.0
TKT02584,2026-05-19 09:32:00,2026-05-20 00:33:51.326758855,East,Payment,Duplicate Charge,Medium,Web,Consumer,Agent_15,Resolved,48,15.03,Met,5.0
TKT02585,2026-04-02 10:14:00,2026-04-04 08:38:06.738354597,West,Account,Account Verification,Low,Email,Business,Agent_15,Closed,72,46.4,Met,4.0
TKT02586,2026-05-05 05:25:00,2026-05-07 00:15:47.081449654,West,Delivery,Late Delivery,Medium,Phone,Consumer,Agent_19,Resolved,48,42.85,Met,5.0
TKT02587,2026-04-21 23:06:00,2026-04-23 05:41:58.352788543,North,Refund,Refund Request,Low,Phone,Consumer,Agent_08,Resolved,72,30.6,Met,3.0
TKT02588,2026-05-19 14:34:00,2026-05-20 14:38:30.858680809,North,Technical,Website Error,Critical,Web,Consumer,Agent_09,Resolved,12,24.08,Breached,4.0
TKT02589,2026-09-30 05:58:00,2026-10-02 08:08:57.796359679,West,Payment,Payment Failed,Medium,Email,Consumer,Agent_02,Resolved,48,50.18,Breached,2.0
TKT02590,2026-04-09 05:23:00,2026-04-10 04:37:51.397208523,West,Login,Account Locked,Medium,Phone,Consumer,Agent_14,Resolved,48,23.25,Met,4.0
TKT02591,2026-09-09 22:29:00,2026-09-10 12:13:28.534548847,East,Payment,Payment Failed,Medium,Email,Consumer,Agent_14,Resolved,48,13.74,Met,5.0
TKT02592,2026-04-14 02:44:00,2026-04-17 06:04:06.212810936,West,Refund,Refund Pending,Low,Web,Consumer,Agent_05,Closed,72,75.34,Breached,1.0
TKT02593,2026-08-02 13:17:00,2026-08-03 06:37:46.622574592,North,Payment,Duplicate Charge,High,Phone,Consumer,Agent_03,Resolved,24,17.35,Met,5.0
TKT02594,2026-09-06 07:34:00,2026-09-06 18:24:27.665481616,North,Account,Account Access,Critical,Chat,Consumer,Agent_10,Resolved,12,10.84,Met,4.0
TKT02595,2026-06-01 19:36:00,2026-06-02 18:25:33.895602642,South,Login,Password Reset,High,Web,Business,Agent_02,Resolved,24,22.83,Met,5.0
TKT02596,2026-09-07 19:10:00,2026-09-08 07:31:46.426500478,South,Technical,Website Error,Medium,Web,Consumer,Agent_13,Resolved,48,12.36,Met,4.0
TKT02597,2026-06-14 03:12:00,2026-06-15 01:46:14.123061904,West,Payment,Duplicate Charge,Medium,Chat,Consumer,Agent_11,Resolved,48,22.57,Met,3.0
TKT02598,2026-01-08 10:26:00,2026-01-11 18:39:36.179496822,East,Delivery,Late Delivery,Low,Web,Business,Agent_11,Resolved,72,80.23,Breached,4.0
TKT02599,2026-01-05 08:49:00,2026-01-06 04:49:55.247603392,West,Delivery,Late Delivery,High,Chat,Consumer,Agent_09,Resolved,24,20.02,Met,4.0
TKT02600,2026-05-25 17:13:00,2026-05-27 06:57:55.222157504,North,Technical,System Issue,Medium,Chat,Business,Agent_09,Resolved,48,37.75,Met,5.0
TKT02601,2026-04-11 01:31:00,,North,Refund,Refund Pending,Medium,Web,Consumer,Agent_12,Pending,48,,Pending,4.0
TKT02602,2026-06-13 02:18:00,2026-06-13 15:05:10.036646667,North,Technical,System Issue,Critical,Chat,Business,Agent_01,Resolved,12,12.79,Breached,1.0
TKT02603,2026-05-27 08:00:00,2026-05-30 01:11:04.420581864,West,Login,OTP Issue,Low,Chat,Consumer,Agent_20,Closed,72,65.18,Met,4.0
TKT02604,2026-03-05 07:28:00,2026-03-06 03:50:26.017325241,West,Login,Account Locked,Low,Web,Consumer,Agent_17,Resolved,72,20.37,Met,3.0
TKT02605,2026-04-01 22:36:00,2026-04-04 05:01:19.923021958,South,Payment,Duplicate Charge,Low,Web,Consumer,Agent_05,Resolved,72,54.42,Met,4.0
TKT02606,2026-04-27 14:28:00,,North,Refund,Refund Pending,Low,Chat,Business,Agent_12,Pending,72,,Pending,3.0
TKT02607,2026-09-24 05:39:00,2026-09-26 16:42:17.724114752,South,Technical,App Error,Low,Email,Consumer,Agent_11,Resolved,72,59.05,Met,5.0
TKT02608,2026-06-22 17:55:00,2026-06-23 17:39:31.595605339,North,Payment,Payment Failed,Medium,Web,Consumer,Agent_16,Closed,48,23.74,Met,5.0
TKT02609,2026-02-16 07:45:00,2026-02-17 07:00:04.441591655,South,Technical,System Issue,Medium,Web,Consumer,Agent_07,Resolved,48,23.25,Met,4.0
TKT02610,2026-05-20 11:57:00,2026-05-21 07:14:46.974692421,West,Delivery,Wrong Item,Low,Email,Business,Agent_08,Resolved,72,19.3,Met,4.0
TKT02611,2026-09-03 13:18:00,2026-09-05 01:14:16.114367583,East,Login,Password Reset,High,Web,Consumer,Agent_19,Resolved,24,35.94,Breached,2.0
TKT02612,2026-05-29 07:54:00,2026-05-31 06:04:40.775939594,East,Delivery,Wrong Item,Low,Email,Consumer,Agent_15,Closed,72,46.18,Met,4.0
TKT02613,2026-09-03 06:40:00,2026-09-03 23:35:17.437806814,North,Payment,Duplicate Charge,High,Phone,Consumer,Agent_05,Closed,24,16.92,Met,5.0
TKT02614,2026-01-05 10:04:00,2026-01-06 17:35:02.267618782,West,Technical,System Issue,Medium,Web,Business,Agent_09,Resolved,48,31.52,Met,4.0
TKT02615,2026-07-03 15:31:00,2026-07-04 11:15:33.101291745,North,Account,Account Access,Medium,Web,Consumer,Agent_19,Resolved,48,19.74,Met,5.0
TKT02616,2026-01-20 16:36:00,2026-01-20 20:34:22.484869024,South,Payment,Card Declined,Critical,Phone,Consumer,Agent_13,Resolved,12,3.97,Met,5.0
TKT02617,2026-02-15 15:21:00,2026-02-16 04:22:37.188911492,West,Account,Profile Update,Low,Web,Consumer,Agent_07,Resolved,72,13.03,Met,4.0
TKT02618,2026-01-12 13:40:00,2026-01-13 18:36:07.631179011,South,Payment,Duplicate Charge,Medium,Chat,Business,Agent_01,Resolved,48,28.94,Met,5.0
TKT02619,2026-03-11 10:56:00,2026-03-11 19:02:49.532801144,South,Account,Profile Update,High,Chat,Consumer,Agent_03,Resolved,24,8.11,Met,5.0
TKT02620,2026-01-17 09:57:00,2026-01-18 17:02:17.130827299,North,Technical,Website Error,Medium,Phone,Consumer,Agent_07,Closed,48,31.09,Met,5.0
TKT02621,2026-05-27 19:36:00,2026-05-31 06:56:51.396376459,South,Delivery,Wrong Item,Medium,Chat,Consumer,Agent_09,Closed,48,83.35,Breached,2.0
TKT02622,2026-06-03 08:33:00,2026-06-04 06:52:13.493041442,North,Payment,Duplicate Charge,Medium,Phone,Consumer,Agent_04,Closed,48,22.32,Met,4.0
TKT02623,2026-04-18 17:09:00,2026-04-21 03:31:33.178584327,South,Payment,Card Declined,High,Chat,Consumer,Agent_08,Closed,24,58.38,Breached,2.0
TKT02624,2026-08-24 08:19:00,2026-08-25 03:22:33.708318750,North,Payment,Duplicate Charge,High,Web,Business,Agent_20,Resolved,24,19.06,Met,4.0
TKT02625,2026-03-11 11:56:00,2026-03-13 08:11:55.516646829,South,Payment,Payment Failed,Low,Chat,Business,Agent_18,Closed,72,44.27,Met,4.0
TKT02626,2026-07-02 19:01:00,2026-07-03 10:44:41.614367354,South,Technical,Website Error,Low,Web,Consumer,Agent_02,Resolved,72,15.73,Met,5.0
TKT02627,2026-09-07 10:00:00,,South,Login,Password Reset,Medium,Chat,Consumer,Agent_14,Pending,48,,Pending,2.0
TKT02628,2026-08-16 11:05:00,2026-08-17 15:44:20.602423324,North,Delivery,Wrong Item,Low,Phone,Business,Agent_06,Resolved,72,28.66,Met,4.0
TKT02629,2026-04-12 07:47:00,2026-04-14 18:59:15.620472684,West,Account,Profile Update,Medium,Chat,Consumer,Agent_07,Resolved,48,59.2,Breached,1.0
TKT02630,2026-03-16 02:40:00,2026-03-16 15:42:08.483851132,East,Delivery,Late Delivery,Low,Web,Consumer,Agent_01,Resolved,72,13.04,Met,3.0
TKT02631,2026-08-04 04:29:00,2026-08-05 09:24:38.379863384,East,Delivery,Wrong Item,Low,Phone,Business,Agent_16,Closed,72,28.93,Met,4.0
TKT02632,2026-07-22 17:59:00,2026-07-23 18:07:00.545568518,North,Technical,Website Error,Low,Chat,Business,Agent_03,Closed,72,24.13,Met,5.0
TKT02633,2026-07-11 03:47:00,2026-07-12 05:06:16.719574180,North,Login,Account Locked,Critical,Email,Consumer,Agent_15,Closed,12,25.32,Breached,4.0
TKT02634,2026-09-06 14:08:00,2026-09-06 22:57:59.600072834,East,Technical,App Error,Low,Email,Business,Agent_11,Resolved,72,8.83,Met,4.0
TKT02635,2026-08-30 02:28:00,2026-09-02 06:58:29.763291376,West,Account,Account Access,Low,Phone,Consumer,Agent_05,Resolved,72,76.51,Breached,2.0
TKT02636,2026-06-28 17:49:00,2026-06-30 14:06:47.488434709,West,Technical,App Error,Low,Email,Consumer,Agent_17,Closed,72,44.3,Met,5.0
TKT02637,2026-08-07 19:27:00,2026-08-08 06:38:55.247840721,East,Payment,Payment Failed,Critical,Email,Consumer,Agent_16,Closed,12,11.2,Met,3.0
TKT02638,2026-03-23 10:31:00,2026-03-23 19:51:57.237040392,South,Delivery,Late Delivery,High,Chat,Business,Agent_20,Resolved,24,9.35,Met,3.0
TKT02639,2026-04-02 22:43:00,2026-04-04 01:19:49.786028521,South,Payment,Duplicate Charge,High,Chat,Consumer,Agent_18,Resolved,24,26.61,Breached,2.0
TKT02640,2026-06-24 06:52:00,2026-06-26 11:56:24.810787376,North,Refund,Refund Pending,Low,Web,Consumer,Agent_05,Resolved,72,53.07,Met,4.0
TKT02641,2026-08-27 08:39:00,2026-08-28 17:05:41.995777632,East,Account,Account Verification,High,Chat,Consumer,Agent_19,Resolved,24,32.44,Breached,3.0
TKT02642,2026-09-17 22:47:00,,East,Payment,Duplicate Charge,Medium,Phone,Consumer,Agent_08,Pending,48,,Pending,4.0
TKT02643,2026-06-12 06:26:00,2026-06-12 17:55:34.745098956,North,Payment,Card Declined,Medium,Web,Consumer,Agent_14,Resolved,48,11.49,Met,4.0
TKT02644,2026-02-17 04:34:00,2026-02-18 00:45:47.864851522,West,Login,Password Reset,Medium,Web,Consumer,Agent_11,Resolved,48,20.2,Met,4.0
TKT02645,2026-04-26 05:52:00,,West,Delivery,Late Delivery,High,Chat,Consumer,Agent_15,Pending,24,,Pending,2.0
TKT02646,2026-08-13 18:09:00,2026-08-15 01:14:55.572257558,East,Technical,App Error,High,Web,Consumer,Agent_01,Resolved,24,31.1,Breached,2.0
TKT02647,2026-05-27 18:22:00,2026-05-29 14:55:06.282331477,South,Delivery,Late Delivery,High,Web,Consumer,Agent_20,Resolved,24,44.55,Breached,4.0
TKT02648,2026-03-04 09:57:00,2026-03-05 00:45:54.909766450,East,Delivery,Wrong Item,Critical,Chat,Consumer,Agent_12,Resolved,12,14.82,Breached,2.0
TKT02649,2026-01-13 20:25:00,2026-01-17 11:32:48.186979042,East,Technical,Website Error,Low,Phone,Consumer,Agent_11,Resolved,72,87.13,Breached,1.0
TKT02650,2026-07-08 09:17:00,2026-07-09 08:04:12.061433904,South,Payment,Duplicate Charge,Medium,Chat,Business,Agent_15,Resolved,48,22.79,Met,4.0
TKT02651,2026-07-27 01:52:00,2026-07-29 01:05:52.242606451,East,Account,Profile Update,Low,Email,Consumer,Agent_09,Closed,72,47.23,Met,4.0
TKT02652,2026-04-24 18:34:00,2026-04-25 05:05:51.458404746,West,Payment,Payment Failed,High,Web,Consumer,Agent_12,Resolved,24,10.53,Met,5.0
TKT02653,2026-01-22 02:20:00,2026-01-24 12:25:03.948788896,West,Account,Account Verification,Low,Chat,Consumer,Agent_01,Resolved,72,58.08,Met,4.0
TKT02654,2026-08-02 21:52:00,2026-08-04 07:41:45.442378034,,Login,Password Reset,High,Phone,Business,Agent_02,Resolved,24,33.83,Breached,3.0
TKT02655,2026-06-20 12:09:00,2026-06-22 06:01:57.086797429,West,Delivery,Damaged Item,Medium,Phone,Consumer,Agent_17,Resolved,48,41.88,Met,5.0
TKT02656,2026-02-23 09:48:00,2026-02-24 09:41:24.741319372,South,Refund,Refund Pending,Medium,Web,Consumer,Agent_01,Resolved,48,23.89,Met,5.0
TKT02657,2026-05-06 06:50:00,2026-05-07 23:42:36.450203566,South,Account,Account Access,Low,Email,Consumer,Agent_10,Resolved,72,40.88,Met,5.0
TKT02658,2026-07-23 06:16:00,2026-07-24 12:34:29.458625803,East,Technical,System Issue,Medium,Chat,Consumer,Agent_13,Closed,48,30.31,Met,5.0
TKT02659,2026-07-13 23:27:00,2026-07-14 14:25:11.235965437,South,Payment,Payment Failed,High,Email,Business,Agent_15,Resolved,24,14.97,Met,4.0
TKT02660,2026-06-18 19:35:00,2026-06-21 09:11:05.996665252,West,Account,Account Access,Low,Chat,Consumer,Agent_05,Resolved,72,61.6,Met,5.0
TKT02661,2026-06-01 12:30:00,2026-06-02 23:28:39.597723753,West,Login,OTP Issue,Medium,Phone,Consumer,Agent_11,Resolved,48,34.98,Met,5.0
TKT02662,2026-02-04 10:26:00,2026-02-07 10:25:33.309868610,North,Payment,Payment Failed,Low,Phone,Consumer,Agent_07,Resolved,72,71.99,Met,3.0
TKT02663,2026-07-03 22:22:00,2026-07-06 05:25:31.989137360,West,Refund,Refund Pending,Medium,Web,Consumer,Agent_04,Resolved,48,55.06,Breached,3.0
TKT02664,2026-02-26 23:12:00,2026-03-02 14:55:10.567693884,East,Payment,Card Declined,Low,Email,Business,Agent_20,Resolved,72,87.72,Breached,1.0
TKT02665,2026-08-10 16:34:00,2026-08-12 10:13:49.034417234,South,Payment,Duplicate Charge,Medium,Phone,Consumer,Agent_11,Closed,48,41.66,Met,5.0
TKT02666,2026-06-12 11:42:00,2026-06-13 11:49:38.096737888,West,Payment,Card Declined,High,Web,Consumer,Agent_07,Resolved,24,24.13,Breached,1.0
TKT02667,2026-01-19 07:41:00,2026-01-23 04:22:59.094708208,North,Delivery,Late Delivery,Medium,Phone,Consumer,Agent_14,Resolved,48,92.7,Breached,3.0
TKT02668,2026-09-21 00:11:00,2026-09-23 03:15:57.019552064,North,Delivery,Damaged Item,Medium,Chat,Consumer,Agent_07,Closed,48,51.08,Breached,1.0
TKT02669,2026-04-23 19:39:00,2026-04-24 11:12:56.936916039,South,Technical,App Error,Medium,Email,Consumer,Agent_10,Resolved,48,15.57,Met,4.0
TKT02670,2026-01-30 07:56:00,2026-02-01 14:43:40.109944027,West,Technical,Website Error,Low,Email,Consumer,Agent_16,Resolved,72,54.79,Met,3.0
TKT02671,2026-05-15 15:38:00,2026-05-16 13:08:34.259549652,West,Technical,App Error,Medium,Chat,Consumer,Agent_07,Resolved,48,21.51,Met,4.0
TKT02672,2026-03-08 06:40:00,,North,Delivery,Late Delivery,Medium,Chat,Business,Agent_11,Pending,48,,Pending,4.0
TKT02673,2026-03-06 13:27:00,2026-03-07 18:05:45.877119007,West,Payment,Card Declined,Low,Email,Consumer,Agent_19,Closed,72,28.65,Met,3.0
TKT02674,2026-01-25 02:56:00,2026-01-25 22:46:22.226060907,West,Refund,Refund Failed,High,Web,Consumer,Agent_04,Resolved,24,19.84,Met,4.0
TKT02675,2026-02-06 22:44:00,2026-02-09 06:44:52.356683282,South,Technical,System Issue,Medium,Web,Consumer,Agent_02,Resolved,48,56.01,Breached,3.0
TKT02676,2026-01-01 00:56:00,2026-01-01 22:53:27.771950617,West,Refund,Refund Failed,High,Phone,Consumer,Agent_16,Resolved,24,21.96,Met,3.0
TKT02677,2026-02-06 07:27:00,2026-02-06 22:47:06.871625786,West,Payment,Duplicate Charge,Critical,Web,Consumer,Agent_02,Resolved,12,15.34,Breached,1.0
TKT02678,2026-05-21 03:22:00,2026-05-23 09:33:41.896145526,North,Account,Account Verification,Low,Email,Business,Agent_08,Resolved,72,54.19,Met,3.0
TKT02679,2026-08-20 12:17:00,2026-08-21 22:33:58.013293148,East,Technical,App Error,Medium,Web,Business,Agent_11,Resolved,48,34.28,Met,5.0
TKT02680,2026-05-16 03:21:00,2026-05-18 05:13:11.571911338,West,Payment,Payment Failed,Medium,Chat,Consumer,Agent_06,Closed,48,49.87,Breached,4.0
TKT02681,2026-07-07 22:33:00,2026-07-08 20:37:17.886772754,South,Refund,Refund Request,Low,Email,Consumer,Agent_18,Resolved,72,22.07,Met,5.0
TKT02682,2026-05-08 06:02:00,2026-05-10 05:19:17.563858958,North,Account,Profile Update,High,Phone,Consumer,Agent_17,Resolved,24,47.29,Breached,4.0
TKT02683,2026-07-20 14:51:00,2026-07-21 04:41:21.772788345,North,Technical,System Issue,High,Email,Consumer,Agent_19,Closed,24,13.84,Met,5.0
TKT02684,2026-05-07 07:33:00,2026-05-08 08:49:32.160846079,South,Delivery,Late Delivery,Medium,Email,Consumer,Agent_11,Closed,48,25.28,Met,5.0
TKT02685,2026-09-14 05:55:00,2026-09-15 09:30:19.660998526,East,Login,Password Reset,Medium,Web,Business,Agent_06,Resolved,48,27.59,Met,4.0
TKT02686,2026-06-13 03:35:00,2026-06-14 08:15:02.106778864,West,Account,Account Verification,Low,Web,Consumer,Agent_12,Closed,72,28.67,Met,4.0
TKT02687,2026-02-04 16:11:00,2026-02-06 05:50:55.216280552,West,Technical,System Issue,Medium,Web,Consumer,Agent_12,Resolved,48,37.67,Met,4.0
TKT02688,2026-07-13 09:14:00,2026-07-13 23:00:36.734728224,South,Login,OTP Issue,High,Phone,Consumer,Agent_12,Resolved,24,13.78,Met,3.0
TKT02689,2026-07-10 14:46:00,2026-07-11 15:44:54.650524670,North,Login,Account Locked,Medium,Phone,Business,Agent_05,Resolved,48,24.98,Met,5.0
TKT02690,2026-04-14 00:22:00,2026-04-14 21:31:50.540696834,South,Technical,Website Error,Medium,Phone,Consumer,Agent_06,Resolved,48,21.16,Met,3.0
TKT02691,2026-01-23 02:34:00,2026-01-23 18:00:21.416087990,East,Refund,Refund Pending,High,Phone,Consumer,Agent_15,Resolved,24,15.44,Met,5.0
TKT02692,2026-09-22 20:09:00,2026-09-23 11:18:50.706444888,North,Payment,Duplicate Charge,Medium,Chat,Consumer,Agent_07,Resolved,48,15.16,Met,4.0
TKT02693,2026-09-17 04:08:00,2026-09-17 17:23:20.432236694,East,Payment,Duplicate Charge,Medium,Email,Consumer,Agent_07,Resolved,48,13.26,Met,3.0
TKT02694,2026-03-16 12:28:00,2026-03-19 02:25:24.253183976,East,Delivery,Wrong Item,Medium,Web,Consumer,Agent_03,Resolved,48,61.96,Breached,2.0
TKT02695,2026-03-13 13:24:00,2026-03-15 10:07:54.729491476,North,Delivery,Damaged Item,Medium,Email,Consumer,Agent_08,Resolved,48,44.73,Met,4.0
TKT02696,2026-09-16 02:13:00,2026-09-17 13:56:05.113181550,East,Payment,Payment Failed,High,Email,Consumer,Agent_11,Resolved,24,35.72,Breached,4.0
TKT02697,2026-07-07 05:20:00,2026-07-08 18:38:42.453497696,North,Technical,Website Error,High,Email,Consumer,Agent_19,Resolved,24,37.31,Breached,3.0
TKT02698,2026-06-22 06:29:00,2026-06-23 18:43:23.930764238,East,Refund,Refund Request,Low,Web,Consumer,Agent_01,Resolved,72,36.24,Met,4.0
TKT02699,2026-02-14 07:13:00,2026-02-15 02:26:16.892598802,East,Technical,Website Error,Critical,Email,Consumer,Agent_02,Resolved,12,19.22,Breached,1.0
TKT02700,2026-03-02 17:25:00,,North,Delivery,Damaged Item,Medium,Chat,Business,Agent_18,Pending,48,,Pending,3.0
TKT02701,2026-03-24 14:32:00,2026-03-25 05:54:19.946904247,East,Account,Profile Update,High,Web,Business,Agent_19,Resolved,24,15.37,Met,3.0
TKT02702,2026-05-03 19:08:00,2026-05-04 16:58:56.246720650,East,Login,OTP Issue,High,Chat,Consumer,Agent_20,Resolved,24,21.85,Met,5.0
TKT02703,2026-01-16 18:22:00,2026-01-18 14:20:33.127910976,West,Refund,Refund Pending,Medium,Web,Consumer,Agent_13,Resolved,48,43.98,Met,4.0
TKT02704,2026-03-07 14:17:00,2026-03-08 14:52:52.083513538,East,Account,Account Verification,High,Email,Consumer,Agent_18,Resolved,24,24.6,Breached,2.0
TKT02705,2026-05-25 00:50:00,2026-05-26 13:11:09.350473176,South,Login,Account Locked,Low,Email,Consumer,Agent_19,Resolved,72,36.35,Met,5.0
TKT02706,2026-06-11 02:55:00,2026-06-14 17:29:16.423570189,East,Login,OTP Issue,Low,Email,Consumer,Agent_08,Resolved,72,86.57,Breached,2.0
TKT02707,2026-08-22 14:29:00,2026-08-23 13:37:04.738004235,South,Delivery,Wrong Item,High,Chat,Consumer,Agent_15,Resolved,24,23.13,Met,5.0
TKT02708,2026-05-24 04:12:00,2026-05-24 19:19:45.184333008,North,Delivery,Damaged Item,High,Email,Business,Agent_18,Resolved,24,15.13,Met,5.0
TKT02709,2026-07-07 16:05:00,2026-07-08 16:29:15.873279300,North,Refund,Refund Pending,High,Phone,Consumer,Agent_10,Resolved,24,24.4,Breached,1.0
TKT02710,2026-01-13 21:09:00,2026-01-14 17:21:33.531259874,West,Technical,System Issue,Medium,Chat,Business,Agent_15,Resolved,48,20.21,Met,5.0
TKT02711,2026-07-03 12:18:00,2026-07-05 21:06:31.717076292,North,Technical,App Error,Medium,Phone,Consumer,Agent_10,Resolved,48,56.81,Breached,3.0
TKT02712,2026-04-21 18:49:00,2026-04-23 18:18:45.810897579,South,Payment,Card Declined,Medium,Web,Consumer,Agent_18,Closed,48,47.5,Met,4.0
TKT02713,2026-08-03 20:16:00,2026-08-04 11:32:15.545022373,North,Payment,Payment Failed,Critical,Phone,Business,Agent_20,Resolved,12,15.27,Breached,1.0
TKT02714,2026-04-30 22:19:00,2026-05-02 10:05:01.144721614,North,Payment,Payment Failed,Medium,Phone,Consumer,Agent_06,Resolved,48,35.77,Met,4.0
TKT02715,2026-02-24 05:01:00,2026-02-25 01:43:49.633596144,East,Refund,Refund Pending,High,Chat,Consumer,Agent_01,Resolved,24,20.71,Met,5.0
TKT02716,2026-01-27 09:07:00,2026-01-29 09:30:04.187165020,South,Delivery,Damaged Item,Medium,Web,Consumer,Agent_14,Resolved,48,48.38,Breached,2.0
TKT02717,2026-04-28 11:55:00,2026-04-29 03:55:19.809646009,South,Delivery,Late Delivery,Medium,Phone,Business,Agent_20,Resolved,48,16.01,Met,3.0
TKT02718,2026-08-09 12:58:00,2026-08-10 07:53:50.268089118,South,Delivery,Wrong Item,Medium,Email,Business,Agent_03,Resolved,48,18.93,Met,3.0
TKT02719,2026-08-19 04:27:00,2026-08-19 18:02:06.287835516,North,Account,Account Access,Critical,Email,Consumer,Agent_01,Resolved,12,13.59,Breached,1.0
TKT02720,2026-02-22 19:53:00,2026-02-24 11:05:31.030813285,South,Login,Account Locked,Medium,Web,Business,Agent_10,Closed,48,39.21,Met,3.0
TKT02721,2026-08-21 16:49:00,2026-08-22 00:20:26.891251428,North,Refund,Refund Failed,Critical,Phone,Consumer,Agent_17,Resolved,12,7.52,Met,4.0
TKT02722,2026-06-07 09:10:00,2026-06-10 03:02:47.969291434,North,Technical,System Issue,Low,Chat,Consumer,Agent_01,Resolved,72,65.88,Met,4.0
TKT02723,2026-09-26 21:55:00,,West,Refund,Refund Request,Medium,Web,Business,Agent_16,Pending,48,,Pending,4.0
TKT02724,2026-01-21 19:24:00,2026-01-24 01:46:18.747560564,West,Delivery,Late Delivery,High,Web,Business,Agent_01,Resolved,24,54.37,Breached,3.0
TKT02725,2026-02-22 19:29:00,2026-02-24 03:14:12.364621783,North,Technical,App Error,High,Web,Consumer,Agent_03,Resolved,24,31.75,Breached,2.0
TKT02726,2026-08-02 05:13:00,2026-08-02 17:48:09.692844313,North,Login,OTP Issue,Critical,Web,Consumer,Agent_05,Resolved,12,12.59,Breached,3.0
TKT02727,2026-01-31 03:03:00,2026-02-05 11:15:49.049281173,East,Login,Password Reset,Low,Email,Consumer,Agent_19,Resolved,72,128.21,Breached,2.0
TKT02728,2026-07-02 11:52:00,2026-07-03 09:54:21.486004036,West,Payment,Duplicate Charge,Low,Chat,Consumer,Agent_14,Resolved,72,22.04,Met,5.0
TKT02729,2026-01-23 02:07:00,2026-01-25 04:09:36.225311388,South,Delivery,Wrong Item,Medium,Email,Consumer,Agent_14,Resolved,48,50.04,Breached,1.0
TKT02730,2026-02-01 21:50:00,2026-02-03 03:29:46.545743185,West,Technical,Website Error,Low,Web,Consumer,Agent_18,Resolved,72,29.66,Met,3.0
TKT02731,2026-03-15 21:16:00,2026-03-16 13:08:03.361583791,West,Payment,Payment Failed,Critical,Chat,Consumer,Agent_07,Resolved,12,15.87,Breached,1.0
TKT02732,2026-01-10 11:39:00,2026-01-12 08:52:06.860503970,West,Refund,Refund Request,Low,Email,Consumer,Agent_20,Resolved,72,45.22,Met,4.0
TKT02733,2026-02-23 06:25:00,2026-02-23 19:35:17.162547715,South,Delivery,Late Delivery,Medium,Phone,Consumer,Agent_11,Closed,48,13.17,Met,5.0
TKT02734,2026-02-21 20:53:00,2026-02-24 09:51:33.370389285,North,Refund,Refund Request,Low,Phone,Consumer,Agent_10,Closed,72,60.98,Met,4.0
TKT02735,2026-05-28 04:30:00,2026-05-30 13:11:14.835304554,West,Delivery,Damaged Item,Medium,Web,Consumer,Agent_12,Resolved,48,56.69,Breached,1.0
TKT02736,2026-06-09 13:30:00,,West,Technical,App Error,Medium,Phone,Consumer,Agent_10,Pending,48,,Pending,4.0
TKT02737,2026-01-14 06:54:00,2026-01-16 21:17:45.755192626,North,Login,Password Reset,Low,Chat,Consumer,Agent_06,Resolved,72,62.4,Met,5.0
TKT02738,2026-06-27 03:17:00,2026-06-28 12:18:45.586269260,North,Delivery,Damaged Item,Medium,Web,Consumer,Agent_08,Closed,48,33.03,Met,4.0
TKT02739,2026-02-22 22:26:00,2026-02-23 23:03:29.543558106,East,Refund,Refund Pending,Medium,Phone,Consumer,Agent_07,Resolved,48,24.62,Met,3.0
TKT02740,2026-01-22 17:59:00,2026-01-23 06:17:52.153351686,West,Technical,System Issue,Critical,Chat,Consumer,Agent_13,Closed,12,12.31,Breached,3.0
TKT02741,2026-01-30 13:50:00,,North,Refund,Refund Pending,Low,Email,Consumer,Agent_12,Pending,72,,Pending,2.0
TKT02742,2026-07-10 20:26:00,2026-07-11 22:08:44.708561802,South,Refund,Refund Request,Medium,Email,Business,Agent_12,Resolved,48,25.71,Met,5.0
TKT02743,2026-09-17 10:27:00,2026-09-18 01:28:56.485284438,South,Delivery,Late Delivery,Critical,Chat,Business,Agent_13,Resolved,12,15.03,Breached,3.0
TKT02744,2026-07-24 10:03:00,2026-07-25 06:48:43.159115505,East,Refund,Refund Failed,High,Phone,Consumer,Agent_09,Closed,24,20.76,Met,4.0
TKT02745,2026-02-28 19:21:00,2026-03-01 06:15:02.552719150,West,Technical,App Error,Critical,Chat,Consumer,Agent_20,Resolved,12,10.9,Met,5.0
TKT02746,2026-09-21 18:00:00,2026-09-22 04:07:04.271719141,North,Refund,Refund Request,Critical,Chat,Consumer,Agent_07,Resolved,12,10.12,Met,3.0
TKT02747,2026-01-12 16:49:00,2026-01-16 01:49:59.965006651,South,Delivery,Late Delivery,Medium,Chat,Consumer,Agent_16,Resolved,48,81.02,Breached,3.0
TKT02748,2026-04-29 01:10:00,2026-04-29 11:27:16.353077132,East,Payment,Card Declined,High,Email,Consumer,Agent_19,Resolved,24,10.29,Met,5.0
TKT02749,2026-09-05 15:10:00,2026-09-09 10:05:10.395243195,West,Refund,Refund Request,Low,Email,Business,Agent_11,Resolved,72,90.92,Breached,3.0
TKT02750,2026-05-07 09:53:00,2026-05-08 18:30:49.028161256,South,Login,Password Reset,Medium,Email,Consumer,Agent_05,Resolved,48,32.63,Met,5.0
TKT02751,2026-03-16 23:15:00,2026-03-17 18:51:20.000709158,East,Login,OTP Issue,High,Phone,Business,Agent_17,Resolved,24,19.61,Met,5.0
TKT02752,2026-07-23 09:59:00,2026-07-24 18:09:05.586762007,North,Login,OTP Issue,Medium,Web,Consumer,Agent_01,Closed,48,32.17,Met,5.0
TKT02753,2026-02-18 08:33:00,2026-02-20 15:51:02.241024350,South,Payment,Payment Failed,High,Email,Consumer,Agent_05,Resolved,24,55.3,Breached,1.0
TKT02754,2026-03-20 01:23:00,2026-03-20 19:50:27.842184802,West,Login,OTP Issue,High,Email,Consumer,Agent_02,Resolved,24,18.46,Met,5.0
TKT02755,2026-08-29 16:33:00,2026-08-30 17:20:34.195907461,South,Account,Profile Update,Medium,Chat,Consumer,Agent_02,Resolved,48,24.79,Met,5.0
TKT02756,2026-06-03 17:46:00,2026-06-06 05:44:35.443748485,North,Payment,Payment Failed,High,Phone,Consumer,Agent_12,Closed,24,59.98,Breached,4.0
TKT02757,2026-04-06 13:58:00,2026-04-07 17:37:07.503309201,North,Technical,App Error,Medium,Chat,Consumer,Agent_05,Resolved,48,27.65,Met,5.0
TKT02758,2026-08-02 10:05:00,2026-08-04 23:02:44.671221133,East,Payment,Payment Failed,Low,Chat,Consumer,Agent_11,Closed,72,60.96,Met,4.0
TKT02759,2026-07-28 13:29:00,2026-07-30 16:38:13.036062250,North,Technical,Website Error,High,Chat,Consumer,Agent_13,Resolved,24,51.15,Breached,2.0
TKT02760,2026-03-29 02:12:00,2026-03-30 07:57:49.814022704,West,Delivery,Damaged Item,Medium,Chat,Business,Agent_18,Resolved,48,29.76,Met,5.0
TKT02761,2026-09-21 23:38:00,2026-09-24 00:58:37.954548765,West,Account,Profile Update,High,Email,Consumer,Agent_14,Resolved,24,49.34,Breached,3.0
TKT02762,2026-06-06 18:08:00,2026-06-09 05:29:39.225167715,South,Refund,Refund Pending,Medium,Phone,Consumer,Agent_05,Resolved,48,59.36,Breached,2.0
TKT02763,2026-06-05 04:49:00,2026-06-05 23:10:51.671103112,South,Delivery,Late Delivery,Medium,Email,Business,Agent_11,Closed,48,18.36,Met,3.0
TKT02764,2026-05-19 06:15:00,2026-05-19 11:55:46.251493118,North,Technical,System Issue,High,Web,Business,Agent_04,Resolved,24,5.68,Met,4.0
TKT02765,2026-05-01 12:48:00,2026-05-05 03:22:59.480735772,North,Refund,Refund Pending,Medium,Chat,Consumer,Agent_17,Resolved,48,86.58,Breached,3.0
TKT02766,2026-03-06 07:46:00,2026-03-08 17:24:04.261304047,North,Account,Account Access,Medium,Email,Consumer,Agent_14,Closed,48,57.63,Breached,3.0
TKT02767,2026-04-17 20:36:00,2026-04-18 13:33:11.305737100,North,Delivery,Late Delivery,Low,Phone,Consumer,Agent_03,Resolved,72,16.95,Met,4.0
TKT02768,2026-05-27 19:31:00,2026-05-29 12:20:39.270429872,South,Delivery,Wrong Item,High,Web,Business,Agent_02,Resolved,24,40.83,Breached,1.0
TKT02769,2026-05-17 07:50:00,,West,Refund,Refund Request,Low,Email,Business,Agent_08,Pending,72,,Pending,3.0
TKT02770,2026-06-11 02:28:00,2026-06-11 19:24:37.341953530,East,Delivery,Damaged Item,High,Email,Business,Agent_16,Resolved,24,16.94,Met,5.0
TKT02771,2026-04-10 01:27:00,2026-04-11 19:51:31.601238746,South,Technical,System Issue,Medium,Web,Consumer,Agent_06,Closed,48,42.41,Met,4.0
TKT02772,2026-05-21 22:27:00,2026-05-22 07:02:31.721221446,South,Delivery,Late Delivery,Medium,Phone,Business,Agent_07,Closed,48,8.59,Met,5.0
TKT02773,2026-03-24 06:35:00,2026-03-24 20:33:01.240452508,West,Payment,Payment Failed,Critical,Web,Consumer,Agent_15,Resolved,12,13.97,Breached,2.0
TKT02774,2026-06-26 13:09:00,2026-06-27 04:01:12.545054112,East,Technical,System Issue,Low,Web,Business,Agent_09,Resolved,72,14.87,Met,5.0
TKT02775,2026-07-17 23:47:00,2026-07-18 21:33:37.207518286,West,Technical,System Issue,Medium,Chat,Consumer,Agent_18,Resolved,48,21.78,Met,5.0
TKT02776,2026-04-22 18:25:00,2026-04-24 09:44:54.726438529,North,Payment,Card Declined,High,Chat,Consumer,Agent_12,Resolved,24,39.33,Breached,4.0
TKT02777,2026-02-25 21:49:00,2026-02-26 09:59:45.415762003,East,Payment,Card Declined,High,Web,Consumer,Agent_06,Closed,24,12.18,Met,
TKT02778,2026-06-28 23:25:00,2026-06-29 21:01:16.742282331,South,Payment,Payment Failed,Medium,Chat,Consumer,Agent_12,Resolved,48,21.6,Met,4.0
TKT02779,2026-07-05 14:24:00,2026-07-06 04:18:54.792725666,North,Delivery,Damaged Item,Medium,Phone,Consumer,Agent_07,Resolved,48,13.92,Met,5.0
TKT02780,2026-08-06 21:33:00,2026-08-07 18:21:50.702191596,North,Account,Account Access,High,Email,Consumer,Agent_15,Resolved,24,20.81,Met,5.0
TKT02781,2026-08-05 21:55:00,2026-08-06 19:34:09.194596556,North,Refund,Refund Request,High,Web,Business,Agent_01,Resolved,24,21.65,Met,4.0
TKT02782,2026-04-30 00:23:00,2026-04-30 19:16:17.402263162,North,Technical,System Issue,High,Chat,Consumer,Agent_15,Resolved,24,18.89,Met,3.0
TKT02783,2026-06-24 15:55:00,2026-06-24 23:59:37.195029174,North,Delivery,Damaged Item,Medium,Phone,Consumer,Agent_14,Closed,48,8.08,Met,4.0
TKT02784,2026-01-23 05:10:00,2026-01-23 08:33:44.559306970,North,Refund,Refund Failed,Critical,Phone,Consumer,Agent_13,Resolved,12,3.4,Met,5.0
TKT02785,2026-08-01 20:31:00,2026-08-03 18:56:50.110196091,East,Payment,Duplicate Charge,Medium,Phone,Consumer,Agent_14,Closed,48,46.43,Met,5.0
TKT02786,2026-08-23 11:03:00,2026-08-26 16:55:06.546494816,North,Delivery,Late Delivery,Low,Web,Consumer,Agent_15,Resolved,72,77.87,Breached,2.0
TKT02787,2026-01-13 07:17:00,2026-01-16 20:55:38.961381688,East,Account,Account Access,Medium,Chat,Consumer,Agent_09,Resolved,48,85.64,Breached,1.0
TKT02788,2026-04-11 11:45:00,2026-04-13 07:34:09.997552131,East,Payment,Duplicate Charge,Low,Phone,Consumer,Agent_18,Resolved,72,43.82,Met,4.0
TKT02789,2026-01-24 22:39:00,,West,Account,Account Access,Low,Chat,Business,Agent_06,Pending,72,,Pending,2.0
TKT02790,2026-01-11 07:01:00,2026-01-12 09:55:09.065598080,West,Account,Account Access,Medium,Email,Consumer,Agent_20,Resolved,48,26.9,Met,4.0
TKT02791,2026-09-30 05:20:00,,East,Payment,Duplicate Charge,Low,Phone,Consumer,Agent_04,Pending,72,,Pending,4.0
TKT02792,2026-04-04 09:46:00,2026-04-05 11:19:16.705442379,North,Payment,Payment Failed,High,Phone,Business,Agent_08,Closed,24,25.55,Breached,3.0
TKT02793,2026-07-20 15:46:00,2026-07-26 20:53:45.878494051,West,Payment,Card Declined,Low,Chat,Consumer,Agent_19,Resolved,72,149.13,Breached,2.0
TKT02794,2026-01-21 19:46:00,2026-01-23 07:10:22.423804596,North,Technical,Website Error,Low,Chat,Consumer,Agent_11,Resolved,72,35.41,Met,5.0
TKT02795,2026-07-30 19:48:00,2026-08-02 00:36:11.934298425,North,Login,Password Reset,Low,Chat,Business,Agent_08,Resolved,72,52.8,Met,4.0
TKT02796,2026-05-20 14:08:00,2026-05-21 11:37:15.129354721,West,Login,Password Reset,Low,Email,Consumer,Agent_10,Resolved,72,21.49,Met,3.0
TKT02797,2026-04-11 21:58:00,2026-04-12 16:19:02.585944357,West,Technical,App Error,Medium,Web,Consumer,Agent_05,Resolved,48,18.35,Met,5.0
TKT02798,2026-01-28 00:41:00,2026-01-29 13:05:29.617547194,West,Refund,Refund Request,Medium,Chat,Consumer,Agent_02,Closed,48,36.41,Met,4.0
TKT02799,2026-02-10 21:48:00,2026-02-11 06:12:01.900144504,North,Technical,Website Error,Critical,Phone,Consumer,Agent_12,Closed,12,8.4,Met,4.0
TKT02800,2026-05-26 15:38:00,2026-05-27 12:54:23.426527947,South,Payment,Card Declined,High,Email,Consumer,Agent_20,Closed,24,21.27,Met,5.0
TKT02801,2026-09-13 06:26:00,2026-09-14 05:22:22.564102552,South,Technical,App Error,High,Chat,Consumer,Agent_06,Resolved,24,22.94,Met,4.0
TKT02802,2026-08-15 19:21:00,2026-08-19 23:02:56.960406304,West,Login,Account Locked,Low,Chat,Business,Agent_11,Resolved,72,99.7,Breached,1.0
TKT02803,2026-08-24 20:10:00,2026-08-26 18:06:19.626806396,North,Technical,System Issue,Medium,Phone,Consumer,Agent_19,Resolved,48,45.94,Met,4.0
TKT02804,2026-01-13 15:09:00,2026-01-16 04:09:21.300414933,South,Technical,Website Error,Low,Phone,Consumer,Agent_18,Resolved,72,61.01,Met,
TKT02805,2026-07-29 11:55:00,2026-07-29 22:04:05.969775272,West,Payment,Card Declined,High,Chat,Consumer,Agent_07,Closed,24,10.15,Met,4.0
TKT02806,2026-08-17 07:10:00,2026-08-20 21:16:00.621836388,North,Account,Profile Update,Low,Email,Consumer,Agent_17,Closed,72,86.1,Breached,4.0
TKT02807,2026-04-10 09:13:00,2026-04-12 10:14:20.381718619,North,Refund,Refund Pending,Medium,Chat,Consumer,Agent_04,Resolved,48,49.02,Breached,3.0
TKT02808,2026-01-31 23:59:00,2026-02-04 14:51:26.435530970,North,Technical,Website Error,Low,Web,Consumer,Agent_03,Resolved,72,86.87,Breached,3.0
TKT02809,2026-01-16 13:19:00,2026-01-17 22:58:00.165587277,North,Technical,System Issue,Low,Email,Business,Agent_04,Resolved,72,33.65,Met,5.0
TKT02810,2026-05-17 07:05:00,2026-05-18 02:24:41.341297278,North,Delivery,Damaged Item,Critical,Phone,Consumer,Agent_14,Resolved,12,19.33,Breached,3.0
TKT02811,2026-06-15 23:59:00,2026-06-16 13:15:45.733383645,North,Delivery,Wrong Item,High,Phone,Consumer,Agent_09,Resolved,24,13.28,Met,4.0
TKT02812,2026-04-10 00:25:00,2026-04-11 04:13:01.963085882,North,Technical,System Issue,High,Email,Business,Agent_18,Resolved,24,27.8,Breached,3.0
TKT02813,2026-04-19 23:14:00,2026-04-22 03:41:36.109800496,West,Refund,Refund Pending,Medium,Email,Business,Agent_18,Resolved,48,52.46,Breached,1.0
TKT02814,2026-06-22 06:24:00,2026-06-22 19:36:27.701280403,West,Login,Password Reset,High,Phone,Business,Agent_16,Closed,24,13.21,Met,3.0
TKT02815,2026-08-25 00:55:00,2026-08-26 21:11:03.948015532,East,Login,OTP Issue,Medium,Web,Consumer,Agent_12,Resolved,48,44.27,Met,5.0
TKT02816,2026-06-11 21:16:00,2026-06-12 20:31:38.180323799,West,Delivery,Damaged Item,Critical,Email,Consumer,Agent_08,Closed,12,23.26,Breached,3.0
TKT02817,2026-08-04 10:33:00,2026-08-05 03:17:27.197093504,West,Refund,Refund Failed,Medium,Phone,Consumer,Agent_09,Resolved,48,16.74,Met,4.0
TKT02818,2026-09-21 01:45:00,2026-09-21 20:26:07.478307186,East,Account,Account Verification,Medium,Chat,Business,Agent_18,Closed,48,18.69,Met,4.0
TKT02819,2026-09-20 19:13:00,,West,Payment,Duplicate Charge,High,Email,Consumer,Agent_06,Pending,24,,Pending,2.0
TKT02820,2026-01-03 14:08:00,2026-01-06 02:40:52.703922832,South,Technical,Website Error,Medium,Web,Consumer,Agent_14,Resolved,48,60.55,Breached,3.0
TKT02821,2026-01-28 11:09:00,2026-01-29 08:51:21.197258402,South,Login,Password Reset,High,Email,Business,Agent_06,Resolved,24,21.71,Met,5.0
TKT02822,2026-05-29 06:15:00,2026-05-29 16:52:42.996137170,West,Technical,Website Error,Critical,Web,Consumer,Agent_07,Resolved,12,10.63,Met,5.0
TKT02823,2026-01-28 12:22:00,2026-01-29 11:29:23.669131702,West,Delivery,Late Delivery,Medium,Phone,Business,Agent_05,Resolved,48,23.12,Met,5.0
TKT02824,2026-03-06 16:06:00,2026-03-07 15:29:04.452753814,West,Account,Profile Update,Medium,Email,Consumer,Agent_03,Resolved,48,23.38,Met,4.0
TKT02825,2026-01-21 05:07:00,2026-01-22 03:52:05.821812954,West,Account,Account Verification,Medium,Email,Consumer,Agent_10,Resolved,48,22.75,Met,3.0
TKT02826,2026-09-09 01:30:00,2026-09-09 16:11:25.220732470,East,Refund,Refund Pending,High,Web,Consumer,Agent_16,Closed,24,14.69,Met,5.0
TKT02827,2026-08-23 23:36:00,2026-08-24 19:28:18.441338584,East,Technical,Website Error,Medium,Web,Consumer,Agent_11,Resolved,48,19.87,Met,4.0
TKT02828,2026-08-15 13:21:00,2026-08-16 08:26:20.097950874,West,Refund,Refund Failed,Low,Chat,Consumer,Agent_03,Resolved,72,19.09,Met,4.0
TKT02829,2026-01-13 01:49:00,2026-01-14 18:54:26.045820214,West,Account,Account Access,Medium,Web,Consumer,Agent_15,Resolved,48,41.09,Met,5.0
TKT02830,2026-02-18 09:44:00,2026-02-23 01:12:29.918319333,East,Technical,Website Error,Low,Phone,Business,Agent_12,Closed,72,111.47,Breached,4.0
TKT02831,2026-04-28 05:39:00,2026-04-28 14:45:23.986827748,South,Account,Profile Update,High,Email,Business,Agent_01,Resolved,24,9.11,Met,4.0
TKT02832,2026-02-23 16:18:00,2026-02-24 22:27:38.772206143,North,Payment,Payment Failed,Medium,Web,Consumer,Agent_13,Resolved,48,30.16,Met,5.0
TKT02833,2026-05-18 05:55:00,2026-05-20 10:10:08.831251951,West,Account,Account Verification,Medium,Chat,Consumer,Agent_16,Closed,48,52.25,Breached,2.0
TKT02834,2026-02-22 02:47:00,2026-02-23 18:51:29.694759906,South,Login,Account Locked,High,Chat,Consumer,Agent_07,Resolved,24,40.07,Breached,1.0
TKT02835,2026-02-13 09:16:00,2026-02-19 18:28:19.770296871,North,Technical,System Issue,Low,Web,Consumer,Agent_07,Resolved,72,153.21,Breached,2.0
TKT02836,2026-02-22 15:04:00,2026-02-26 02:58:12.344336204,North,Delivery,Late Delivery,Low,Chat,Consumer,Agent_06,Resolved,72,83.9,Breached,3.0
TKT02837,2026-03-15 01:44:00,2026-03-16 00:56:13.891333741,South,Delivery,Late Delivery,Medium,Email,Consumer,Agent_03,Resolved,48,23.2,Met,4.0
TKT02838,2026-02-15 02:29:00,2026-02-15 16:17:19.071132552,West,Payment,Card Declined,Low,Phone,Consumer,Agent_12,Resolved,72,13.81,Met,5.0
TKT02839,2026-01-13 02:25:00,2026-01-14 11:03:54.699366206,North,Payment,Card Declined,Medium,Chat,Consumer,Agent_09,Closed,48,32.65,Met,4.0
TKT02840,2026-06-14 11:55:00,2026-06-15 02:07:22.033540951,West,Login,Account Locked,Critical,Web,Consumer,Agent_11,Resolved,12,14.21,Breached,2.0
TKT02841,2026-04-12 14:33:00,2026-04-13 15:58:12.011844025,West,Login,OTP Issue,High,Web,Consumer,Agent_06,Resolved,24,25.42,Breached,2.0
TKT02842,2026-09-15 04:58:00,2026-09-16 21:21:56.184387950,South,Refund,Refund Request,High,Email,Consumer,Agent_12,Resolved,24,40.4,Breached,1.0
TKT02843,2026-05-18 19:50:00,2026-05-19 11:04:46.290052694,East,Refund,Refund Request,Critical,Phone,Business,Agent_16,Resolved,12,15.25,Breached,2.0
TKT02844,2026-06-12 10:45:00,2026-06-13 22:34:55.667997930,West,Login,Account Locked,Medium,Web,Consumer,Agent_06,Resolved,48,35.83,Met,4.0
TKT02845,2026-04-21 12:02:00,2026-04-23 17:48:25.373484055,East,Account,Account Verification,Medium,Phone,Consumer,Agent_12,Closed,48,53.77,Breached,3.0
TKT02846,2026-04-12 17:51:00,2026-04-14 20:54:42.614159360,South,Login,OTP Issue,Low,Chat,Consumer,Agent_04,Closed,72,51.06,Met,5.0
TKT02847,2026-01-17 10:37:00,2026-01-20 03:29:24.862000800,South,Account,Account Access,High,Email,Consumer,Agent_18,Resolved,24,64.87,Breached,1.0
TKT02848,2026-09-25 03:58:00,2026-09-25 19:40:11.612865866,South,Payment,Payment Failed,High,Chat,Consumer,Agent_17,Resolved,24,15.7,Met,5.0
TKT02849,2026-07-01 17:10:00,2026-07-02 10:04:46.792670284,South,Technical,System Issue,Low,Phone,Consumer,Agent_08,Resolved,72,16.91,Met,4.0
TKT02850,2026-01-24 07:43:00,2026-01-24 19:07:59.448801999,North,Delivery,Damaged Item,Medium,Web,Business,Agent_13,Closed,48,11.42,Met,5.0
TKT02851,2026-01-29 07:32:00,2026-01-29 19:03:31.938794522,East,Payment,Card Declined,Medium,Web,Consumer,Agent_05,Resolved,48,11.53,Met,5.0
TKT02852,2026-06-20 13:03:00,2026-06-22 05:52:20.330903830,South,Delivery,Damaged Item,Medium,Email,Consumer,Agent_03,Resolved,48,40.82,Met,4.0
TKT02853,2026-08-16 14:56:00,2026-08-17 02:52:11.022351201,South,Account,Account Access,High,Chat,Consumer,Agent_19,Closed,24,11.94,Met,5.0
TKT02854,2026-07-07 06:10:00,2026-07-09 06:31:59.173787498,West,Technical,System Issue,Medium,Phone,Consumer,Agent_05,Resolved,48,48.37,Breached,4.0
TKT02855,2026-08-18 08:06:00,2026-08-18 12:51:18.537067746,East,Login,Password Reset,Critical,Web,Consumer,Agent_18,Resolved,12,4.76,Met,3.0
TKT02856,2026-04-29 20:34:00,2026-05-03 19:02:32.292152299,South,Account,Account Verification,Medium,Web,Consumer,Agent_06,Resolved,48,94.48,Breached,3.0
TKT02857,2026-06-05 02:44:00,2026-06-05 21:06:10.160403074,East,Account,Profile Update,High,Email,Business,Agent_09,Resolved,24,18.37,Met,3.0
TKT02858,2026-09-29 19:08:00,2026-09-30 23:38:32.061115540,East,Technical,Website Error,Critical,Email,Business,Agent_17,Resolved,12,28.51,Breached,1.0
TKT02859,2026-06-24 22:40:00,2026-06-25 19:47:41.649568215,South,Technical,App Error,Critical,Chat,Consumer,Agent_11,Resolved,12,21.13,Breached,4.0
TKT02860,2026-04-14 03:11:00,2026-04-16 03:50:12.373405506,North,Delivery,Wrong Item,Low,Web,Consumer,Agent_15,Resolved,72,48.65,Met,5.0
TKT02861,2026-04-02 12:09:00,2026-04-05 07:55:30.390971649,South,Login,Password Reset,Low,Chat,Consumer,Agent_19,Resolved,72,67.78,Met,4.0
TKT02862,2026-07-05 03:33:00,2026-07-06 21:04:47.999374485,North,Payment,Duplicate Charge,Medium,Phone,Business,Agent_16,Closed,48,41.53,Met,5.0
TKT02863,2026-06-30 09:33:00,2026-07-02 01:32:43.182179516,South,Technical,Website Error,Medium,Chat,Consumer,Agent_01,Closed,48,40.0,Met,5.0
TKT02864,2026-06-19 22:31:00,2026-06-20 17:06:47.271222628,North,Refund,Refund Pending,Medium,Email,Business,Agent_15,Resolved,48,18.6,Met,5.0
TKT02865,2026-07-06 15:56:00,2026-07-08 00:57:05.354987584,West,Delivery,Late Delivery,Critical,Chat,Business,Agent_05,Resolved,12,33.02,Breached,1.0
TKT02866,2026-06-24 06:20:00,2026-06-26 20:08:23.786368153,East,Refund,Refund Pending,Low,Email,Consumer,Agent_20,Resolved,72,61.81,Met,5.0
TKT02867,2026-08-10 11:12:00,2026-08-18 05:46:49.329820743,East,Account,Account Verification,Medium,Web,Business,Agent_05,Resolved,48,186.58,Breached,3.0
TKT02868,2026-08-21 13:17:00,2026-08-23 19:31:35.134742594,South,Refund,Refund Request,Low,Phone,Consumer,Agent_16,Resolved,72,54.24,Met,5.0
TKT02869,2026-06-11 03:58:00,2026-06-12 17:44:17.056169047,South,Payment,Card Declined,High,Web,Consumer,Agent_08,Resolved,24,37.77,Breached,2.0
TKT02870,2026-05-14 11:39:00,,North,Account,Account Verification,Critical,Chat,Consumer,Agent_06,Pending,12,,Pending,2.0
TKT02871,2026-08-12 18:25:00,2026-08-14 04:42:43.765169391,North,Payment,Payment Failed,Medium,Web,Consumer,Agent_12,Resolved,48,34.3,Met,4.0
TKT02872,2026-06-02 23:06:00,2026-06-04 14:29:44.394678319,North,Delivery,Damaged Item,Low,Email,Business,Agent_04,Resolved,72,39.4,Met,4.0
TKT02873,2026-02-02 08:24:00,2026-02-03 11:54:35.693026531,North,Login,Account Locked,High,Web,Consumer,Agent_16,Closed,24,27.51,Breached,3.0
TKT02874,2026-02-24 03:21:00,2026-02-25 03:26:04.586816814,North,Technical,System Issue,High,Phone,Consumer,Agent_11,Resolved,24,24.08,Breached,3.0
TKT02875,2026-01-07 15:19:00,2026-01-08 18:16:02.845284174,South,Account,Account Verification,Medium,Email,Consumer,Agent_13,Resolved,48,26.95,Met,4.0
TKT02876,2026-09-01 00:36:00,2026-09-01 14:09:00.832917474,East,Account,Account Verification,High,Phone,Consumer,Agent_20,Resolved,24,13.55,Met,5.0
TKT02877,2026-05-06 10:43:00,2026-05-07 00:01:30.252262705,North,Payment,Duplicate Charge,Critical,Chat,Consumer,Agent_15,Resolved,12,13.31,Breached,3.0
TKT02878,2026-01-12 23:45:00,2026-01-16 00:50:57.175493305,East,Delivery,Late Delivery,Medium,Phone,Business,Agent_05,Closed,48,73.1,Breached,2.0
TKT02879,2026-01-16 12:44:00,2026-01-17 12:45:00.692063457,East,Technical,System Issue,Medium,Email,Consumer,Agent_13,Resolved,48,24.02,Met,4.0
TKT02880,2026-07-27 11:45:00,2026-07-28 05:59:03.722119116,South,Technical,System Issue,Medium,Email,Consumer,Agent_02,Resolved,48,18.23,Met,4.0
TKT02881,2026-02-12 19:59:00,2026-02-14 02:36:25.888394780,West,Account,Account Access,Medium,Phone,Consumer,Agent_12,Closed,48,30.62,Met,4.0
TKT02882,2026-05-15 09:04:00,2026-05-18 02:47:03.329588794,North,Technical,System Issue,Medium,Web,Consumer,Agent_06,Resolved,48,65.72,Breached,1.0
TKT02883,2026-08-16 20:24:00,2026-08-18 06:19:39.318044635,North,Refund,Refund Pending,Medium,Chat,Consumer,Agent_03,Resolved,48,33.93,Met,3.0
TKT02884,2026-04-21 08:59:00,2026-04-22 05:44:10.531878955,North,Payment,Card Declined,Low,Email,Business,Agent_10,Resolved,72,20.75,Met,5.0
TKT02885,2026-06-09 16:56:00,,North,Delivery,Damaged Item,Medium,Chat,Consumer,Agent_20,Pending,48,,Pending,2.0
TKT02886,2026-09-21 06:33:00,2026-09-25 04:25:37.205970873,South,Delivery,Wrong Item,Low,Web,Consumer,Agent_04,Resolved,72,93.88,Breached,2.0
TKT02887,2026-08-13 13:52:00,2026-08-15 06:19:56.316719631,West,Technical,Website Error,Medium,Phone,Consumer,Agent_10,Resolved,48,40.47,Met,5.0
TKT02888,2026-08-05 17:45:00,2026-08-07 14:17:49.265594163,South,Technical,App Error,Medium,Phone,Consumer,Agent_07,Resolved,48,44.55,Met,5.0
TKT02889,2026-02-14 09:56:00,,North,Account,Account Access,Medium,Email,Consumer,Agent_18,Pending,48,,Pending,3.0
TKT02890,2026-08-02 06:32:00,2026-08-04 04:31:29.780639700,North,Account,Account Verification,Medium,Email,Consumer,Agent_14,Closed,48,45.99,Met,4.0
TKT02891,2026-02-28 11:39:00,2026-02-28 22:41:10.971035059,East,Technical,App Error,Medium,Chat,Consumer,Agent_18,Resolved,48,11.04,Met,5.0
TKT02892,2026-05-12 07:20:00,2026-05-13 16:49:05.538558987,East,Login,Password Reset,High,Web,Consumer,Agent_01,Closed,24,33.48,Breached,2.0
TKT02893,2026-04-14 15:17:00,2026-04-17 01:22:10.609941606,West,Payment,Card Declined,Medium,Phone,Consumer,Agent_17,Closed,48,58.09,Breached,3.0
TKT02894,2026-07-14 05:19:00,2026-07-15 05:31:06.306138378,North,Payment,Card Declined,Critical,Chat,Business,Agent_03,Resolved,12,24.2,Breached,2.0
TKT02895,2026-06-06 09:12:00,2026-06-07 10:37:52.332624890,North,Login,Account Locked,Medium,Chat,Consumer,Agent_15,Resolved,48,25.43,Met,4.0
TKT02896,2026-04-08 20:38:00,2026-04-11 11:51:38.356733701,West,Payment,Card Declined,Medium,Chat,Consumer,Agent_14,Resolved,48,63.23,Breached,4.0
TKT02897,2026-08-14 18:14:00,2026-08-16 09:35:20.635798219,East,Account,Account Verification,Low,Web,Consumer,Agent_07,Resolved,72,39.36,Met,4.0
TKT02898,2026-07-24 09:27:00,2026-07-25 18:18:59.311298390,East,Delivery,Damaged Item,High,Phone,Consumer,Agent_10,Closed,24,32.87,Breached,1.0
TKT02899,2026-03-20 15:18:00,2026-03-21 08:40:58.483658179,North,Refund,Refund Pending,High,Phone,Consumer,Agent_08,Resolved,24,17.38,Met,4.0
TKT02900,2026-05-04 03:55:00,2026-05-04 15:57:19.546981699,East,Delivery,Wrong Item,Critical,Web,Consumer,Agent_11,Resolved,12,12.04,Breached,2.0
TKT02901,2026-08-06 21:44:00,2026-08-07 04:28:44.818544868,West,Refund,Refund Failed,Critical,Web,Business,Agent_05,Resolved,12,6.75,Met,3.0
TKT02902,2026-01-04 16:26:00,2026-01-05 04:45:02.079891692,South,Login,OTP Issue,Medium,Chat,Business,Agent_03,Closed,48,12.32,Met,5.0
TKT02903,2026-03-31 19:45:00,2026-04-02 12:04:53.289219738,East,Delivery,Damaged Item,Medium,Chat,Consumer,Agent_20,Resolved,48,40.33,Met,4.0
TKT02904,2026-04-14 20:14:00,2026-04-16 07:57:12.366088046,West,Refund,Refund Request,Medium,Chat,Consumer,Agent_09,Resolved,48,35.72,Met,4.0
TKT02905,2026-04-29 17:12:00,2026-05-01 06:29:14.372209834,North,Delivery,Wrong Item,Medium,Web,Consumer,Agent_19,Closed,48,37.29,Met,5.0
TKT02906,2026-05-13 00:59:00,2026-05-16 22:56:38.136812137,South,Payment,Duplicate Charge,Low,Phone,Consumer,Agent_07,Resolved,72,93.96,Breached,3.0
TKT02907,2026-04-06 14:52:00,2026-04-07 03:45:55.063648539,West,Delivery,Late Delivery,High,Phone,Consumer,Agent_01,Closed,24,12.9,Met,5.0
TKT02908,2026-05-23 03:44:00,2026-05-23 09:32:47.110822930,South,Refund,Refund Pending,Critical,Phone,Business,Agent_10,Resolved,12,5.81,Met,4.0
TKT02909,2026-01-28 11:39:00,2026-01-30 22:57:25.910411112,East,Account,Profile Update,Medium,Chat,Consumer,Agent_12,Resolved,48,59.31,Breached,2.0
TKT02910,2026-08-21 09:41:00,2026-08-23 03:40:56.047263352,North,Delivery,Damaged Item,Medium,Phone,Business,Agent_15,Resolved,48,42.0,Met,4.0
TKT02911,2026-01-17 21:50:00,2026-01-20 12:04:07.241822426,East,Delivery,Damaged Item,Low,Chat,Business,Agent_11,Resolved,72,62.24,Met,5.0
TKT02912,2026-02-28 16:33:00,2026-03-02 10:20:59.423022632,,Refund,Refund Request,High,Web,Consumer,Agent_06,Resolved,24,41.8,Breached,2.0
TKT02913,2026-03-31 02:48:00,2026-03-31 22:04:45.414429549,West,Payment,Payment Failed,Medium,Email,Business,Agent_03,Resolved,48,19.28,Met,5.0
TKT02914,2026-07-18 18:05:00,2026-07-19 00:19:50.748056548,West,Delivery,Late Delivery,Critical,Web,Consumer,Agent_09,Closed,12,6.25,Met,5.0
TKT02915,2026-01-26 22:52:00,2026-01-27 18:12:21.898039941,East,Technical,Website Error,High,Chat,Consumer,Agent_17,Resolved,24,19.34,Met,5.0
TKT02916,2026-01-25 00:13:00,2026-01-25 19:56:11.856461404,West,Delivery,Wrong Item,Medium,Phone,Consumer,Agent_19,Resolved,48,19.72,Met,3.0
TKT02917,2026-09-24 02:43:00,2026-09-24 13:04:32.506951122,West,Delivery,Late Delivery,Medium,Email,Consumer,Agent_02,Resolved,48,10.36,Met,4.0
TKT02918,2026-06-30 12:36:00,2026-07-02 16:12:13.383981504,South,Payment,Duplicate Charge,Low,Email,Consumer,Agent_05,Resolved,72,51.6,Met,3.0
TKT02919,2026-03-09 17:31:00,2026-03-10 15:19:51.497304433,East,Payment,Payment Failed,Critical,Email,Business,Agent_18,Closed,12,21.81,Breached,3.0
TKT02920,2026-02-18 07:25:00,2026-02-19 05:40:45.001067904,East,Delivery,Wrong Item,Medium,Web,Consumer,Agent_12,Resolved,48,22.26,Met,3.0
TKT02921,2026-06-24 20:31:00,2026-06-25 00:39:14.297980052,West,Payment,Duplicate Charge,Critical,Email,Consumer,Agent_15,Resolved,12,4.14,Met,5.0
TKT02922,2026-02-21 11:55:00,2026-02-22 20:16:20.260364940,East,Technical,System Issue,Medium,Chat,Consumer,Agent_14,Resolved,48,32.36,Met,3.0
TKT02923,2026-04-12 16:15:00,2026-04-14 05:05:57.707230264,East,Account,Profile Update,High,Chat,Consumer,Agent_02,Resolved,24,36.85,Breached,1.0
TKT02924,2026-08-04 13:38:00,2026-08-06 15:54:40.759758116,West,Technical,Website Error,Low,Web,Consumer,Agent_10,Closed,72,50.28,Met,4.0
TKT02925,2026-07-07 01:43:00,,North,Login,Password Reset,Medium,Phone,Consumer,Agent_20,Pending,48,,Pending,3.0
TKT02926,2026-02-26 12:21:00,2026-02-27 08:02:46.945961034,West,Refund,Refund Failed,High,Phone,Consumer,Agent_03,Resolved,24,19.7,Met,3.0
TKT02927,2026-02-16 07:05:00,2026-02-17 05:42:48.497819026,North,Technical,App Error,High,Web,Consumer,Agent_09,Resolved,24,22.63,Met,5.0
TKT02928,2026-06-08 18:44:00,2026-06-09 13:58:30.638907452,North,Technical,App Error,High,Phone,Consumer,Agent_15,Resolved,24,19.24,Met,5.0
TKT02929,2026-06-23 10:38:00,2026-06-24 12:28:55.465352977,South,Delivery,Damaged Item,Low,Phone,Consumer,Agent_03,Resolved,72,25.85,Met,5.0
TKT02930,2026-08-30 14:09:00,2026-08-30 20:39:25.014183382,North,Account,Account Verification,Critical,Email,Consumer,Agent_19,Resolved,12,6.51,Met,
TKT02931,2026-08-29 18:49:00,2026-08-30 05:05:11.871213686,East,Refund,Refund Pending,Critical,Web,Consumer,Agent_06,Resolved,12,10.27,Met,5.0
TKT02932,2026-01-05 12:48:00,2026-01-08 00:49:12.339256958,West,Refund,Refund Request,Low,Web,Consumer,Agent_20,Closed,72,60.02,Met,5.0
TKT02933,2026-03-25 04:36:00,2026-03-25 20:56:42.648576802,East,Account,Account Access,Critical,Phone,Business,Agent_04,Resolved,12,16.35,Breached,2.0
TKT02934,2026-09-05 18:08:00,2026-09-06 15:05:46.012272825,North,Technical,System Issue,Medium,Phone,Consumer,Agent_11,Resolved,48,20.96,Met,5.0
TKT02935,2026-02-23 14:59:00,2026-02-25 12:35:32.690620094,West,Payment,Payment Failed,High,Web,Consumer,Agent_08,Closed,24,45.61,Breached,2.0
TKT02936,2026-06-10 03:07:00,2026-06-11 12:03:34.952257406,West,Technical,App Error,Medium,Chat,Consumer,Agent_18,Closed,48,32.94,Met,4.0
TKT02937,2026-08-14 22:20:00,2026-08-15 05:08:23.570611351,West,Payment,Payment Failed,Critical,Web,Consumer,Agent_13,Resolved,12,6.81,Met,5.0
TKT02938,2026-01-15 19:21:00,2026-01-22 19:10:03.427797378,West,Delivery,Wrong Item,Low,Email,Consumer,Agent_15,Closed,72,167.82,Breached,2.0
TKT02939,2026-08-12 22:46:00,2026-08-14 19:20:55.005211124,South,Delivery,Damaged Item,Medium,Phone,Consumer,Agent_16,Closed,48,44.58,Met,4.0
TKT02940,2026-03-02 01:44:00,2026-03-03 05:20:33.805880276,South,Payment,Payment Failed,Medium,Email,Consumer,Agent_03,Resolved,48,27.61,Met,4.0
TKT02941,2026-05-02 09:05:00,2026-05-09 05:08:53.435217240,South,Account,Account Verification,Medium,Web,Consumer,Agent_05,Closed,48,164.06,Breached,3.0
TKT02942,2026-02-15 06:19:00,2026-02-16 17:25:26.758748689,West,Technical,App Error,Medium,Phone,Business,Agent_07,Resolved,48,35.11,Met,4.0
TKT02943,2026-03-03 01:49:00,2026-03-04 22:00:19.869510094,East,Login,Account Locked,Low,Web,Consumer,Agent_01,Resolved,72,44.19,Met,4.0
TKT02944,2026-03-27 09:04:00,2026-03-28 20:18:56.350281840,North,Delivery,Damaged Item,High,Web,Consumer,Agent_08,Resolved,24,35.25,Breached,3.0
TKT02945,2026-07-29 05:53:00,2026-07-29 21:15:47.623407607,South,Login,Password Reset,Critical,Email,Consumer,Agent_06,Closed,12,15.38,Breached,1.0
TKT02946,2026-03-19 12:22:00,2026-03-20 11:52:42.939938246,East,Login,OTP Issue,High,Email,Consumer,Agent_04,Resolved,24,23.51,Met,5.0
TKT02947,2026-07-21 05:16:00,2026-07-22 01:32:28.140518269,South,Payment,Card Declined,High,Chat,Business,Agent_11,Resolved,24,20.27,Met,5.0
TKT02948,2026-08-11 21:29:00,2026-08-14 16:34:23.652897363,South,Technical,App Error,Medium,Phone,Consumer,Agent_06,Resolved,48,67.09,Breached,2.0
TKT02949,2026-08-10 18:08:00,2026-08-11 21:29:42.259655325,North,Account,Account Verification,Medium,Web,Business,Agent_18,Resolved,48,27.36,Met,5.0
TKT02950,2026-01-03 05:32:00,2026-01-04 02:42:24.089297019,West,Refund,Refund Request,Medium,Phone,Consumer,Agent_20,Resolved,48,21.17,Met,5.0
TKT02951,2026-01-06 19:16:00,2026-01-13 09:37:04.067240310,East,Technical,App Error,Low,Email,Consumer,Agent_20,Resolved,72,158.35,Breached,2.0
TKT02952,2026-04-03 09:51:00,2026-04-04 01:17:41.749870372,South,Login,OTP Issue,Critical,Phone,Consumer,Agent_02,Resolved,12,15.44,Breached,1.0
TKT02953,2026-01-08 13:02:00,2026-01-10 00:14:34.832291792,West,Delivery,Damaged Item,Low,Chat,Consumer,Agent_19,Closed,72,35.21,Met,5.0
TKT02954,2026-08-23 08:59:00,2026-08-23 21:16:27.339353062,East,Refund,Refund Pending,Critical,Web,Consumer,Agent_19,Resolved,12,12.29,Breached,1.0
TKT02955,2026-04-18 12:14:00,2026-04-20 00:20:56.739350898,South,Technical,App Error,Low,Web,Consumer,Agent_18,Closed,72,36.12,Met,4.0
TKT02956,2026-06-10 10:20:00,2026-06-10 22:28:20.992643559,West,Login,Account Locked,High,Web,Consumer,Agent_11,Resolved,24,12.14,Met,5.0
TKT02957,2026-07-28 10:18:00,2026-07-28 23:46:16.168618459,North,Account,Profile Update,Low,Email,Consumer,Agent_03,Resolved,72,13.47,Met,4.0
TKT02958,2026-08-28 23:12:00,2026-08-31 00:07:46.818963544,South,Delivery,Late Delivery,Low,Web,Consumer,Agent_11,Resolved,72,48.93,Met,5.0
TKT02959,2026-02-19 15:08:00,2026-02-20 09:58:21.661852686,West,Payment,Payment Failed,High,Email,Consumer,Agent_01,Resolved,24,18.84,Met,4.0
TKT02960,2026-01-11 16:31:00,2026-01-13 19:31:37.286738182,North,Delivery,Late Delivery,Medium,Chat,Consumer,Agent_02,Closed,48,51.01,Breached,3.0
TKT02961,2026-06-05 01:38:00,2026-06-05 22:46:47.803214626,West,Payment,Card Declined,High,Web,Consumer,Agent_01,Resolved,24,21.15,Met,4.0
TKT02962,2026-03-11 05:16:00,2026-03-13 08:19:03.314219770,South,Login,OTP Issue,Medium,Phone,Consumer,Agent_01,Resolved,48,51.05,Breached,2.0
TKT02963,2026-06-18 02:02:00,2026-06-21 00:47:58.325036940,North,Login,OTP Issue,Low,Email,Business,Agent_13,Resolved,72,70.77,Met,4.0
TKT02964,2026-09-29 22:23:00,2026-09-30 02:45:27.288894162,South,Refund,Refund Request,Critical,Email,Consumer,Agent_01,Resolved,12,4.37,Met,4.0
TKT02965,2026-03-09 13:18:00,2026-03-11 12:54:19.704056223,West,Login,Account Locked,Medium,Phone,Consumer,Agent_10,Resolved,48,47.61,Met,4.0
TKT02966,2026-09-09 07:36:00,2026-09-10 10:56:40.481313766,West,Technical,System Issue,High,Phone,Consumer,Agent_13,Resolved,24,27.34,Breached,2.0
TKT02967,2026-02-17 08:41:00,2026-02-18 13:20:37.909377626,South,Technical,Website Error,Medium,Chat,Business,Agent_08,Resolved,48,28.66,Met,5.0
TKT02968,2026-07-03 08:39:00,2026-07-05 11:15:23.459980705,South,Refund,Refund Pending,Medium,Email,Consumer,Agent_07,Resolved,48,50.61,Breached,2.0
TKT02969,2026-07-06 15:16:00,2026-07-10 06:33:11.528370074,East,Payment,Card Declined,Medium,Chat,Consumer,Agent_20,Resolved,48,87.29,Breached,2.0
TKT02970,2026-03-31 11:56:00,2026-04-02 05:36:13.748002338,East,Login,Password Reset,Low,Phone,Consumer,Agent_12,Resolved,72,41.67,Met,4.0
TKT02971,2026-05-19 05:14:00,2026-05-19 17:36:35.760272242,South,Payment,Card Declined,Medium,Web,Business,Agent_08,Resolved,48,12.38,Met,5.0
TKT02972,2026-03-30 11:48:00,2026-03-31 13:57:38.276716521,West,Account,Account Verification,Medium,Phone,Consumer,Agent_13,Resolved,48,26.16,Met,5.0
TKT02973,2026-01-19 11:49:00,2026-01-23 00:53:06.630563928,West,Login,Account Locked,Medium,Phone,Consumer,Agent_02,Closed,48,85.07,Breached,3.0
TKT02974,2026-06-03 17:23:00,2026-06-04 15:08:32.409944290,West,Technical,System Issue,High,Chat,Consumer,Agent_09,Resolved,24,21.76,Met,4.0
TKT02975,2026-09-17 09:19:00,2026-09-18 00:03:18.564187538,East,Technical,System Issue,High,Chat,Consumer,Agent_20,Resolved,24,14.74,Met,4.0
TKT02976,2026-04-18 16:08:00,2026-04-21 20:00:48.707411365,West,Account,Account Verification,Low,Phone,Consumer,Agent_17,Resolved,72,75.88,Breached,1.0
TKT02977,2026-02-28 19:13:00,2026-03-02 02:55:09.784885129,East,Login,Account Locked,Medium,Chat,Consumer,Agent_18,Resolved,48,31.7,Met,5.0
TKT02978,2026-05-05 21:56:00,2026-05-06 16:59:33.011839015,West,Delivery,Wrong Item,Medium,Email,Consumer,Agent_16,Resolved,48,19.06,Met,4.0
TKT02979,2026-09-30 19:15:00,2026-10-02 01:41:03.290430706,South,Refund,Refund Pending,Low,Chat,Business,Agent_09,Resolved,72,30.43,Met,5.0
TKT02980,2026-04-17 05:55:00,2026-04-21 14:01:01.171250244,West,Refund,Refund Failed,Low,Chat,Consumer,Agent_05,Resolved,72,104.1,Breached,1.0
TKT02981,2026-09-02 17:57:00,2026-09-03 12:57:02.017147514,South,Technical,Website Error,Low,Web,Consumer,Agent_20,Resolved,72,19.0,Met,4.0
TKT02982,2026-09-04 14:49:00,2026-09-05 01:18:23.626194442,South,Refund,Refund Request,Critical,Web,Business,Agent_16,Resolved,12,10.49,Met,4.0
TKT02983,2026-01-08 13:12:00,2026-01-11 03:46:39.858837499,West,Payment,Card Declined,High,Web,Business,Agent_13,Resolved,24,62.58,Breached,1.0
TKT02984,2026-05-21 23:30:00,2026-05-23 15:12:42.880678624,East,Technical,Website Error,Low,Email,Consumer,Agent_02,Resolved,72,39.71,Met,3.0
TKT02985,2026-01-08 04:24:00,2026-01-09 09:09:56.467709510,East,Refund,Refund Failed,Low,Chat,Consumer,Agent_12,Resolved,72,28.77,Met,4.0
TKT02986,2026-04-04 16:21:00,2026-04-05 08:04:22.983411176,East,Technical,Website Error,High,Chat,Consumer,Agent_09,Resolved,24,15.72,Met,4.0
TKT02987,2026-02-08 20:38:00,2026-02-13 14:58:24.181173157,West,Technical,Website Error,Medium,Web,Consumer,Agent_02,Resolved,48,114.34,Breached,3.0
TKT02988,2026-03-22 13:21:00,2026-03-23 15:09:38.988503704,South,Technical,System Issue,High,Email,Consumer,Agent_12,Resolved,24,25.81,Breached,2.0
TKT02989,2026-07-06 00:42:00,2026-07-06 14:28:12.912374820,East,Delivery,Damaged Item,Critical,Chat,Business,Agent_06,Resolved,12,13.77,Breached,2.0
TKT02990,2026-03-25 14:21:00,2026-03-26 18:55:53.386843943,East,Login,Account Locked,Medium,Chat,Consumer,Agent_13,Resolved,48,28.58,Met,4.0
TKT02991,2026-03-29 21:41:00,2026-03-31 18:08:40.072882744,North,Delivery,Late Delivery,Low,Chat,Business,Agent_16,Closed,72,44.46,Met,4.0
TKT02992,2026-08-30 19:13:00,2026-08-31 06:06:07.500350968,West,Refund,Refund Request,High,Chat,Consumer,Agent_20,Resolved,24,10.89,Met,3.0
TKT02993,2026-04-03 05:49:00,2026-04-04 18:48:39.011981373,West,Delivery,Wrong Item,Critical,Email,Consumer,Agent_08,Resolved,12,36.99,Breached,2.0
TKT02994,2026-03-27 18:49:00,2026-03-30 23:45:28.627689321,West,Payment,Payment Failed,Medium,Web,Business,Agent_07,Resolved,48,76.94,Breached,1.0
TKT02995,2026-02-13 15:11:00,2026-02-14 10:10:46.644598471,North,Refund,Refund Pending,High,Web,Consumer,Agent_15,Resolved,24,19.0,Met,4.0
TKT02996,2026-05-17 00:00:00,2026-05-18 08:40:26.419333836,South,Technical,App Error,Medium,Email,Consumer,Agent_05,Resolved,48,32.67,Met,5.0
TKT02997,2026-03-15 09:43:00,2026-03-17 00:05:17.221676707,South,Payment,Payment Failed,Medium,Chat,Consumer,Agent_18,Resolved,48,38.37,Met,5.0
TKT02998,2026-02-05 07:11:00,2026-02-05 18:00:52.762740751,East,Payment,Duplicate Charge,High,Chat,Business,Agent_19,Resolved,24,10.83,Met,4.0
TKT02999,2026-04-11 22:09:00,2026-04-12 07:02:19.990327448,North,Login,Account Locked,Critical,Email,Consumer,Agent_13,Resolved,12,8.89,Met,4.0
TKT03000,2026-06-05 00:52:00,2026-06-05 18:30:26.143651683,North,Payment,Payment Failed,Medium,Email,Consumer,Agent_16,Resolved,48,17.64,Met,3.0
TKT03001,2026-09-12 15:39:00,2026-09-13 18:13:21.388616382,South,Payment,Card Declined,High,Phone,Consumer,Agent_13,Resolved,24,26.57,Breached,2.0
TKT03002,2026-06-20 08:39:00,2026-06-21 03:41:47.900808841,East,Technical,Website Error,Low,Email,Consumer,Agent_14,Closed,72,19.05,Met,4.0
TKT03003,2026-08-04 22:33:00,2026-08-05 22:32:35.974254325,West,Technical,App Error,Low,Chat,Consumer,Agent_16,Closed,72,23.99,Met,4.0
TKT03004,2026-06-19 22:28:00,,West,Delivery,Damaged Item,Medium,Email,Consumer,Agent_12,Pending,48,,Pending,3.0
TKT03005,2026-09-09 18:57:00,2026-09-11 15:29:59.032031146,West,Account,Account Access,Low,Web,Business,Agent_12,Resolved,72,44.55,Met,4.0
TKT03006,2026-02-24 02:26:00,2026-03-01 03:09:46.970542671,South,Account,Account Verification,Medium,Chat,Consumer,Agent_11,Closed,48,120.73,Breached,3.0
TKT03007,2026-04-01 19:49:00,2026-04-02 21:31:26.423166142,West,Technical,System Issue,Medium,Email,Consumer,Agent_07,Closed,48,25.71,Met,5.0
TKT03008,2026-04-11 23:22:00,2026-04-12 16:50:35.536382785,East,Technical,Website Error,High,Email,Business,Agent_04,Closed,24,17.48,Met,5.0
TKT03009,2026-06-04 19:22:00,2026-06-07 21:31:01.549479815,North,Refund,Refund Failed,High,Email,Business,Agent_06,Resolved,24,74.15,Breached,4.0
TKT03010,2026-05-21 10:28:00,2026-05-23 13:47:22.078043828,East,Payment,Card Declined,Medium,Chat,Business,Agent_14,Closed,48,51.32,Breached,1.0
TKT03011,2026-06-22 04:58:00,2026-06-24 16:53:17.134200307,North,Refund,Refund Failed,Low,Email,Consumer,Agent_14,Resolved,72,59.92,Met,3.0
TKT03012,2026-01-10 21:39:00,2026-01-11 17:57:14.960257419,West,Payment,Payment Failed,Medium,Email,Consumer,Agent_12,Resolved,48,20.3,Met,5.0
TKT03013,2026-08-16 13:08:00,2026-08-16 20:25:24.512568028,North,Refund,Refund Request,Critical,Web,Consumer,Agent_15,Resolved,12,7.29,Met,4.0
TKT03014,2026-09-22 14:09:00,2026-09-23 19:18:12.358136196,West,Technical,App Error,Medium,Phone,Consumer,Agent_11,Closed,48,29.15,Met,5.0
TKT03015,2026-09-05 02:57:00,2026-09-06 16:43:10.471241478,North,Login,Password Reset,Low,Web,Consumer,Agent_04,Resolved,72,37.77,Met,4.0
TKT03016,2026-09-04 14:01:00,2026-09-05 16:55:42.253518938,South,Delivery,Late Delivery,Low,Phone,Business,Agent_11,Resolved,72,26.91,Met,4.0
TKT03017,2026-06-04 22:57:00,2026-06-06 00:04:35.992460337,South,Delivery,Damaged Item,Medium,Web,Business,Agent_12,Closed,48,25.13,Met,5.0
TKT03018,2026-02-03 19:37:00,2026-02-05 10:25:36.760891798,South,Technical,App Error,Low,Email,Business,Agent_20,Resolved,72,38.81,Met,4.0
TKT03019,2026-05-09 20:24:00,2026-05-11 03:36:59.487025334,East,Login,Account Locked,High,Email,Consumer,Agent_08,Closed,24,31.22,Breached,2.0
TKT03020,2026-06-09 14:37:00,2026-06-11 23:57:06.518000234,South,Account,Profile Update,High,Chat,Business,Agent_18,Closed,24,57.34,Breached,4.0
TKT03021,2026-03-30 18:58:00,2026-04-01 12:44:51.611559819,North,Payment,Payment Failed,Medium,Chat,Consumer,Agent_06,Resolved,48,41.78,Met,3.0
TKT03022,2026-04-03 12:38:00,2026-04-04 01:53:46.558406901,West,Payment,Card Declined,Medium,Web,Consumer,Agent_09,Resolved,48,13.26,Met,4.0
TKT03023,2026-08-29 18:11:00,2026-09-01 15:57:42.593899526,South,Login,Account Locked,Low,Web,Consumer,Agent_17,Resolved,72,69.78,Met,4.0
TKT03024,2026-04-27 07:24:00,,West,Payment,Duplicate Charge,Critical,Phone,Business,Agent_05,Pending,12,,Pending,2.0
TKT03025,2026-04-04 22:29:00,2026-04-09 05:45:40.373336521,North,Delivery,Wrong Item,Medium,Chat,Consumer,Agent_16,Closed,48,103.28,Breached,1.0
TKT03026,2026-06-12 11:47:00,2026-06-13 01:00:41.251979103,South,Payment,Payment Failed,High,Web,Consumer,Agent_13,Resolved,24,13.23,Met,3.0
TKT03027,2026-04-09 10:01:00,2026-04-12 22:47:08.168097914,East,Login,Account Locked,Medium,Email,Consumer,Agent_13,Resolved,48,84.77,Breached,1.0
TKT03028,2026-04-23 23:02:00,2026-04-25 02:29:16.070816433,East,Payment,Card Declined,Medium,Web,Business,Agent_09,Resolved,48,27.45,Met,5.0
TKT03029,2026-04-01 02:24:00,2026-04-01 22:45:40.894454401,North,Login,OTP Issue,Medium,Phone,Consumer,Agent_02,Closed,48,20.36,Met,5.0
TKT03030,2026-07-25 04:34:00,2026-07-28 18:41:14.385545353,South,Payment,Payment Failed,Medium,Chat,Consumer,Agent_16,Resolved,48,86.12,Breached,3.0
TKT03031,2026-01-17 08:28:00,2026-01-18 13:49:04.038805735,South,Payment,Card Declined,Medium,Chat,Consumer,Agent_01,Resolved,48,29.35,Met,3.0
TKT03032,2026-06-22 20:02:00,2026-06-24 13:17:23.548937767,North,Payment,Duplicate Charge,Medium,Email,Business,Agent_08,Closed,48,41.26,Met,3.0
TKT03033,2026-04-26 12:32:00,2026-04-27 13:34:44.247149149,East,Refund,Refund Failed,Medium,Chat,Consumer,Agent_02,Resolved,48,25.05,Met,5.0
TKT03034,2026-06-30 07:56:00,2026-07-01 05:47:58.645427382,South,Payment,Payment Failed,Low,Chat,Consumer,Agent_10,Resolved,72,21.87,Met,5.0
TKT03035,2026-04-01 23:57:00,2026-04-03 00:39:59.519123694,South,Delivery,Damaged Item,Medium,Phone,Consumer,Agent_13,Closed,48,24.72,Met,4.0
TKT03036,2026-03-23 19:36:00,2026-03-24 10:18:04.104854892,South,Payment,Card Declined,Medium,Chat,Consumer,Agent_01,Resolved,48,14.7,Met,4.0
TKT03037,2026-04-24 18:47:00,2026-04-28 08:42:14.008578492,West,Payment,Card Declined,Medium,Web,Consumer,Agent_03,Resolved,48,85.92,Breached,2.0
TKT03038,2026-09-14 18:18:00,2026-09-14 20:39:24.773388987,West,Login,OTP Issue,Critical,Email,Business,Agent_09,Resolved,12,2.36,Met,4.0
TKT03039,2026-02-27 19:11:00,2026-03-02 14:49:26.017067090,East,Login,Account Locked,Low,Chat,Business,Agent_04,Resolved,72,67.64,Met,5.0
TKT03040,2026-06-03 11:05:00,2026-06-04 07:15:00.130106031,South,Refund,Refund Pending,Low,Web,Consumer,Agent_05,Resolved,72,20.17,Met,4.0
TKT03041,2026-04-26 09:27:00,2026-04-29 00:57:34.643316528,East,Refund,Refund Request,Low,Email,Consumer,Agent_02,Closed,72,63.51,Met,4.0
TKT03042,2026-09-23 22:48:00,2026-09-25 14:14:24.799452795,,Account,Account Verification,Medium,Email,Consumer,Agent_15,Resolved,48,39.44,Met,5.0
TKT03043,2026-07-22 08:50:00,2026-07-22 17:57:26.204779300,West,Delivery,Late Delivery,Medium,Phone,Consumer,Agent_03,Resolved,48,9.12,Met,3.0
TKT03044,2026-02-10 02:38:00,2026-02-10 23:26:07.953986484,South,Login,Account Locked,High,Chat,Business,Agent_19,Resolved,24,20.8,Met,5.0
TKT03045,2026-04-15 11:20:00,2026-04-16 05:58:27.771291448,East,Technical,System Issue,Low,Email,Consumer,Agent_11,Resolved,72,18.64,Met,5.0
TKT03046,2026-07-12 00:22:00,2026-07-13 09:44:15.628764601,North,Refund,Refund Failed,Medium,Email,Consumer,Agent_07,Resolved,48,33.37,Met,3.0
TKT03047,2026-08-25 17:50:00,2026-08-26 07:12:04.932376050,East,Delivery,Late Delivery,High,,Consumer,Agent_07,Resolved,24,13.37,Met,5.0
TKT03048,2026-08-09 08:44:00,2026-08-09 11:54:29.414597901,North,Delivery,Wrong Item,Critical,Email,Consumer,Agent_17,Resolved,12,3.17,Met,4.0
TKT03049,2026-03-09 12:08:00,2026-03-10 01:21:00.523480706,South,Technical,Website Error,Critical,Phone,Consumer,Agent_15,Resolved,12,13.22,Breached,1.0
TKT03050,2026-07-16 02:23:00,2026-07-16 20:23:02.315169406,West,Payment,Card Declined,High,Email,Consumer,Agent_08,Resolved,24,18.0,Met,5.0
TKT03051,2026-09-13 11:07:00,2026-09-13 21:31:33.596362911,South,Refund,Refund Request,Critical,Email,Consumer,Agent_10,Closed,12,10.41,Met,5.0
TKT03052,2026-05-19 11:20:00,2026-05-20 00:47:09.910319396,West,Technical,System Issue,Low,Phone,Consumer,Agent_15,Resolved,72,13.45,Met,5.0
TKT03053,2026-05-29 16:12:00,2026-05-30 04:48:26.372572977,South,Login,Account Locked,Low,Phone,Consumer,Agent_20,Resolved,72,12.61,Met,5.0
TKT03054,2026-04-09 13:18:00,2026-04-10 23:23:28.833433141,North,Payment,Card Declined,Low,Phone,Consumer,Agent_07,Resolved,72,34.09,Met,4.0
TKT03055,2026-03-17 01:24:00,2026-03-18 23:34:03.840610796,South,Account,Account Verification,High,Email,Consumer,Agent_17,Resolved,24,46.17,Breached,3.0
TKT03056,2026-04-19 06:55:00,2026-04-20 16:15:01.259183965,East,Payment,Duplicate Charge,Critical,Web,Consumer,Agent_20,Resolved,12,33.33,Breached,3.0
TKT03057,2026-07-07 11:33:00,2026-07-11 16:49:19.797620033,East,Account,Account Access,Low,Web,Consumer,Agent_13,Resolved,72,101.27,Breached,1.0
TKT03058,2026-07-18 08:01:00,2026-07-20 15:05:25.481882524,North,Payment,Card Declined,Medium,Email,Consumer,Agent_06,Resolved,48,55.07,Breached,4.0
TKT03059,2026-06-03 07:35:00,2026-06-03 21:20:10.788225922,East,Refund,Refund Pending,High,Chat,Business,Agent_05,Resolved,24,13.75,Met,4.0
TKT03060,2026-02-09 13:46:00,2026-02-10 03:10:10.012129477,North,Delivery,Wrong Item,Critical,Chat,Consumer,Agent_16,Resolved,12,13.4,Breached,3.0
TKT03061,2026-05-13 04:56:00,2026-05-13 16:46:50.011225562,North,Payment,Payment Failed,Medium,Chat,Consumer,Agent_02,Resolved,48,11.85,Met,5.0
TKT03062,2026-05-12 18:55:00,2026-05-13 23:01:22.338981619,West,Login,Account Locked,Critical,Phone,Consumer,Agent_05,Resolved,12,28.11,Breached,2.0
TKT03063,2026-03-25 20:53:00,2026-03-26 16:50:33.174993528,West,Technical,System Issue,Medium,Chat,Business,Agent_05,Closed,48,19.96,Met,3.0
TKT03064,2026-08-30 18:39:00,2026-09-03 00:27:07.226614303,South,Payment,Card Declined,Medium,Chat,Consumer,Agent_12,Resolved,48,77.8,Breached,2.0
TKT03065,2026-04-26 15:49:00,2026-04-29 08:42:57.017709679,West,Account,Account Verification,Medium,Phone,Consumer,Agent_18,Resolved,48,64.9,Breached,1.0
TKT03066,2026-04-19 11:19:00,2026-04-20 11:55:26.237670577,North,Technical,System Issue,Medium,Web,Consumer,Agent_01,Resolved,48,24.61,Met,4.0
TKT03067,2026-08-09 06:17:00,2026-08-11 06:54:32.094587708,West,Technical,App Error,Low,Email,Consumer,Agent_13,Resolved,72,48.63,Met,4.0
TKT03068,2026-02-10 19:39:00,,East,Payment,Payment Failed,High,Web,Consumer,Agent_20,Pending,24,,Pending,3.0
TKT03069,2026-05-27 07:00:00,2026-05-28 11:25:11.510717412,East,Technical,Website Error,High,Phone,Consumer,Agent_12,Closed,24,28.42,Breached,2.0
TKT03070,2026-04-22 01:44:00,2026-04-23 09:34:30.433259922,South,Refund,Refund Failed,High,Chat,Business,Agent_08,Resolved,24,31.84,Breached,1.0
TKT03071,2026-04-13 05:29:00,2026-04-13 20:38:05.830898958,North,Technical,App Error,Medium,Chat,Consumer,Agent_01,Resolved,48,15.15,Met,4.0
TKT03072,2026-02-15 07:18:00,,South,Refund,Refund Failed,Medium,Web,Consumer,Agent_15,Pending,48,,Pending,3.0
TKT03073,2026-09-28 19:15:00,2026-10-01 06:04:18.605579458,South,Refund,Refund Pending,Medium,Phone,Business,Agent_10,Closed,48,58.82,Breached,3.0
TKT03074,2026-07-14 06:21:00,2026-07-15 08:55:57.569681431,West,Payment,Card Declined,Low,Phone,Business,Agent_01,Resolved,72,26.58,Met,3.0
TKT03075,2026-02-09 02:17:00,2026-02-10 12:37:07.066789976,South,Payment,Card Declined,Medium,Web,Consumer,Agent_14,Resolved,48,34.34,Met,4.0
TKT03076,2026-07-08 15:42:00,2026-07-10 20:36:41.769418701,West,Account,Account Verification,Low,Chat,Consumer,Agent_13,Resolved,72,52.91,Met,5.0
TKT03077,2026-06-13 14:02:00,2026-06-15 07:48:23.659909287,West,Technical,System Issue,Low,Phone,Business,Agent_20,Closed,72,41.77,Met,4.0
TKT03078,2026-01-24 04:29:00,2026-01-25 11:17:34.351494620,South,Payment,Duplicate Charge,High,Web,Business,Agent_10,Closed,24,30.81,Breached,3.0
TKT03079,2026-01-24 06:35:00,2026-01-25 13:51:25.348716782,South,Technical,App Error,Low,Chat,Consumer,Agent_05,Resolved,72,31.27,Met,4.0
TKT03080,2026-01-04 15:12:00,2026-01-04 20:39:08.707847295,North,Delivery,Late Delivery,Critical,Chat,Consumer,Agent_09,Resolved,12,5.45,Met,3.0
TKT03081,2026-06-30 07:43:00,2026-07-03 00:10:20.916166575,West,Account,Account Access,Medium,Chat,Business,Agent_14,Closed,48,64.46,Breached,3.0
TKT03082,2026-09-05 07:29:00,2026-09-06 03:19:53.846998836,East,Payment,Payment Failed,Critical,Email,Business,Agent_01,Closed,12,19.85,Breached,4.0
TKT03083,2026-04-26 22:34:00,2026-04-28 20:02:40.091660241,North,Payment,Duplicate Charge,Low,Phone,Consumer,Agent_15,Resolved,72,45.48,Met,5.0
TKT03084,2026-03-10 21:16:00,2026-03-11 16:30:34.509906697,West,Refund,Refund Request,Medium,Phone,Business,Agent_19,Resolved,48,19.24,Met,5.0
TKT03085,2026-09-11 21:48:00,2026-09-13 19:31:26.949712522,West,Account,Account Verification,Medium,Chat,Consumer,Agent_20,Resolved,48,45.72,Met,4.0
TKT03086,2026-06-30 21:37:00,2026-07-01 21:41:00.603386371,West,Delivery,Late Delivery,High,Email,Consumer,Agent_07,Resolved,24,24.07,Breached,2.0
TKT03087,2026-06-18 00:19:00,2026-06-18 20:24:32.454134480,West,Account,Account Access,Medium,Phone,Consumer,Agent_18,Resolved,48,20.09,Met,4.0
TKT03088,2026-09-06 03:58:00,2026-09-10 01:57:17.724487527,West,Login,Password Reset,Medium,Phone,Consumer,Agent_04,Resolved,48,93.99,Breached,2.0
TKT03089,2026-07-07 21:33:00,,North,Account,Account Verification,High,Email,Consumer,Agent_06,Pending,24,,Pending,4.0
TKT03090,2026-02-23 06:57:00,2026-02-25 05:25:46.104589938,West,Technical,Website Error,Medium,Phone,Business,Agent_03,Closed,48,46.48,Met,4.0
TKT03091,2026-05-18 22:13:00,2026-05-20 21:03:09.336094882,South,Technical,Website Error,Low,Phone,Consumer,Agent_04,Resolved,72,46.84,Met,4.0
TKT03092,2026-06-17 17:34:00,2026-06-20 09:45:27.408922015,East,Delivery,Wrong Item,Medium,Web,Consumer,Agent_02,Closed,48,64.19,Breached,2.0
TKT03093,2026-04-13 18:47:00,2026-04-14 16:39:27.041835064,North,Technical,Website Error,High,Phone,Consumer,Agent_03,Resolved,24,21.87,Met,4.0
TKT03094,2026-03-26 03:05:00,2026-03-27 12:58:27.955860331,North,Refund,Refund Pending,Medium,Email,Consumer,Agent_18,Resolved,48,33.89,Met,3.0
TKT03095,2026-07-31 19:11:00,2026-08-01 07:05:57.546998229,East,Technical,Website Error,Medium,Email,Consumer,Agent_02,Closed,48,11.92,Met,4.0
TKT03096,2026-01-03 20:33:00,2026-01-04 23:20:16.735897968,North,Refund,Refund Pending,Low,Chat,Consumer,Agent_08,Resolved,72,26.79,Met,4.0
TKT03097,2026-06-28 23:57:00,2026-06-30 01:52:38.344591444,West,Refund,Refund Failed,Medium,Web,Consumer,Agent_07,Closed,48,25.93,Met,5.0
TKT03098,2026-02-07 21:44:00,2026-02-09 21:37:21.381775026,West,Technical,App Error,High,Chat,Consumer,Agent_09,Resolved,24,47.89,Breached,2.0
TKT03099,2026-08-27 04:12:00,2026-08-29 06:42:49.046236002,East,Account,Account Verification,Medium,Web,Consumer,Agent_09,Resolved,48,50.51,Breached,2.0
TKT03100,2026-06-18 00:18:00,2026-06-18 16:20:48.488857321,North,Login,OTP Issue,Medium,Web,Consumer,Agent_02,Resolved,48,16.05,Met,5.0
TKT03101,2026-01-30 11:51:00,2026-01-31 05:12:45.253330772,South,Refund,Refund Pending,Low,Chat,Business,Agent_07,Resolved,72,17.36,Met,5.0
TKT03102,2026-07-09 19:19:00,2026-07-10 10:39:46.670496529,East,Login,Account Locked,Low,Phone,Business,Agent_13,Resolved,72,15.35,Met,4.0
TKT03103,2026-01-25 03:42:00,,North,Account,Account Verification,Low,Web,Business,Agent_08,Pending,72,,Pending,2.0
TKT03104,2026-04-22 00:02:00,2026-04-23 08:37:12.896351581,North,Login,Password Reset,Medium,Chat,Business,Agent_01,Resolved,48,32.59,Met,5.0
TKT03105,2026-07-25 20:59:00,2026-07-27 04:09:35.861178777,East,Technical,App Error,Medium,Chat,Consumer,Agent_03,Resolved,48,31.18,Met,4.0
TKT03106,2026-07-04 14:13:00,2026-07-06 13:17:55.853372031,West,Payment,Duplicate Charge,Critical,Chat,Consumer,Agent_08,Resolved,12,47.08,Breached,
TKT03107,2026-02-16 03:47:00,2026-02-19 21:34:30.350814946,East,Login,OTP Issue,Low,Chat,Consumer,Agent_19,Closed,72,89.79,Breached,2.0
TKT03108,2026-08-16 15:12:00,2026-08-17 08:51:55.354019796,East,Account,Account Access,Medium,Chat,Consumer,Agent_04,Resolved,48,17.67,Met,5.0
TKT03109,2026-02-08 08:18:00,2026-02-09 07:39:18.766278180,East,Delivery,Late Delivery,Medium,Phone,Consumer,Agent_10,Resolved,48,23.36,Met,5.0
TKT03110,2026-01-16 08:40:00,2026-01-18 12:10:30.530901423,East,Delivery,Wrong Item,Medium,Email,Consumer,Agent_18,Closed,48,51.51,Breached,4.0
TKT03111,2026-01-22 11:41:00,,East,Technical,System Issue,High,Phone,Consumer,Agent_19,Pending,24,,Pending,3.0
TKT03112,2026-08-01 15:16:00,2026-08-03 02:58:43.393872070,West,Login,OTP Issue,Low,Email,Consumer,Agent_12,Closed,72,35.71,Met,3.0
TKT03113,2026-05-29 19:22:00,2026-06-01 15:53:21.648769809,South,Payment,Card Declined,Low,Web,Consumer,Agent_11,Resolved,72,68.52,Met,5.0
TKT03114,2026-08-29 21:39:00,2026-08-30 07:54:36.821671844,West,Account,Account Access,High,Web,Consumer,Agent_06,Resolved,24,10.26,Met,4.0
TKT03115,2026-09-29 04:50:00,2026-09-29 09:19:15.012781922,South,Refund,Refund Pending,Medium,Chat,Consumer,Agent_06,Closed,48,4.49,Met,4.0
TKT03116,2026-02-28 17:56:00,2026-03-01 14:27:59.898161420,West,Technical,App Error,Low,Phone,Consumer,Agent_08,Closed,72,20.53,Met,4.0
TKT03117,2026-07-21 18:53:00,,East,Payment,Duplicate Charge,Medium,Chat,Business,Agent_10,Pending,48,,Pending,2.0
TKT03118,2026-02-01 11:54:00,2026-02-02 06:24:04.588306250,North,Payment,Duplicate Charge,Medium,Phone,Business,Agent_02,Resolved,48,18.5,Met,5.0
TKT03119,2026-06-11 15:47:00,2026-06-11 23:27:10.151814961,South,Delivery,Damaged Item,Medium,Web,Business,Agent_13,Closed,48,7.67,Met,5.0
TKT03120,2026-09-12 10:47:00,2026-09-13 18:27:40.282020303,South,Delivery,Late Delivery,Low,Phone,Consumer,Agent_19,Resolved,72,31.68,Met,3.0
TKT03121,2026-09-11 17:07:00,2026-09-13 08:08:25.382604730,North,Account,Account Verification,Medium,Chat,Business,Agent_06,Resolved,48,39.02,Met,5.0
TKT03122,2026-01-09 11:23:00,2026-01-11 08:17:08.827191270,South,Technical,Website Error,Medium,Chat,Consumer,Agent_04,Resolved,48,44.9,Met,5.0
TKT03123,2026-05-19 14:29:00,,West,Account,Account Verification,Medium,Web,Consumer,Agent_11,Pending,48,,Pending,4.0
TKT03124,2026-01-10 17:50:00,2026-01-11 10:57:17.131294232,South,Delivery,Wrong Item,Critical,Email,Consumer,Agent_18,Resolved,12,17.12,Breached,3.0
TKT03125,2026-08-02 01:33:00,2026-08-04 01:50:04.469257276,West,Technical,Website Error,Low,Web,Business,Agent_02,Resolved,72,48.28,Met,3.0
TKT03126,2026-09-30 15:39:00,2026-09-30 23:11:37.342703817,East,Login,OTP Issue,Critical,Chat,Consumer,Agent_03,Closed,12,7.54,Met,5.0
TKT03127,2026-02-17 09:19:00,2026-02-17 19:19:33.946398450,South,Payment,Duplicate Charge,Medium,Web,Consumer,Agent_17,Resolved,48,10.01,Met,3.0
TKT03128,2026-04-21 03:32:00,2026-04-21 15:55:48.845492260,South,Login,OTP Issue,High,Email,Business,Agent_09,Resolved,24,12.4,Met,4.0
TKT03129,2026-06-02 07:15:00,2026-06-03 14:43:41.409215205,South,Refund,Refund Pending,Medium,Chat,Consumer,Agent_19,Closed,48,31.48,Met,3.0
TKT03130,2026-05-03 14:11:00,2026-05-04 07:59:47.986359573,West,Login,Password Reset,Medium,Email,Business,Agent_18,Closed,48,17.81,Met,4.0
TKT03131,2026-04-12 08:27:00,2026-04-13 03:36:44.100063136,East,Account,Account Verification,High,Phone,Consumer,Agent_06,Resolved,24,19.16,Met,5.0
TKT03132,2026-08-29 13:55:00,,North,Delivery,Late Delivery,High,Phone,Business,Agent_04,Pending,24,,Pending,3.0
TKT03133,2026-07-10 10:50:00,2026-07-17 15:25:39.032250874,North,Payment,Card Declined,Low,Web,Consumer,Agent_17,Resolved,72,172.59,Breached,3.0
TKT03134,2026-08-05 03:24:00,2026-08-06 11:42:02.827984312,North,Delivery,Wrong Item,Low,Chat,Business,Agent_19,Closed,72,32.3,Met,5.0
TKT03135,2026-02-20 06:20:00,2026-02-22 20:57:51.749339199,West,Login,Account Locked,Medium,Phone,Consumer,Agent_11,Closed,48,62.63,Breached,2.0
TKT03136,2026-03-22 18:16:00,2026-03-23 03:31:20.314091620,North,Technical,System Issue,Critical,Chat,Consumer,Agent_18,Resolved,12,9.26,Met,3.0
TKT03137,2026-03-29 18:19:00,2026-03-29 21:54:00.311361889,South,Payment,Payment Failed,Medium,Chat,Business,Agent_16,Closed,48,3.58,Met,5.0
TKT03138,2026-07-13 01:16:00,2026-07-14 09:33:18.607001460,East,Technical,System Issue,High,Chat,Business,Agent_19,Resolved,24,32.29,Breached,3.0
TKT03139,2026-04-14 13:35:00,2026-04-15 12:30:12.283724740,East,Payment,Duplicate Charge,High,Email,Consumer,Agent_09,Resolved,24,22.92,Met,5.0
TKT03140,2026-09-28 12:47:00,2026-09-29 05:50:06.386878724,West,Payment,Payment Failed,High,Web,Consumer,Agent_17,Closed,24,17.05,Met,4.0
TKT03141,2026-04-06 06:49:00,2026-04-07 12:59:41.996443382,South,Technical,App Error,Medium,Email,Consumer,Agent_16,Resolved,48,30.18,Met,5.0
TKT03142,2026-07-17 01:45:00,2026-07-18 21:28:32.097749131,North,Technical,System Issue,Medium,Chat,Consumer,Agent_06,Resolved,48,43.73,Met,5.0
TKT03143,2026-01-01 09:10:00,2026-01-02 13:27:04.046603359,East,Refund,Refund Failed,Critical,Phone,Consumer,Agent_19,Resolved,12,28.28,Breached,1.0
TKT03144,2026-06-16 13:45:00,2026-06-18 14:30:50.008698270,South,Technical,App Error,Medium,Phone,Consumer,Agent_04,Resolved,48,48.76,Breached,3.0
TKT03145,2026-05-06 21:38:00,2026-05-07 07:19:22.969911400,South,Account,Account Access,High,Phone,Consumer,Agent_11,Closed,24,9.69,Met,4.0
TKT03146,2026-03-22 01:27:00,2026-03-25 20:00:32.538657272,West,Login,OTP Issue,Medium,Web,Business,Agent_20,Closed,48,90.56,Breached,2.0
TKT03147,2026-09-08 14:40:00,2026-09-08 20:07:16.419199460,West,Delivery,Damaged Item,High,Email,Business,Agent_15,Resolved,24,5.45,Met,5.0
TKT03148,2026-06-18 18:20:00,2026-06-20 16:53:03.903267081,South,Technical,System Issue,Medium,Email,Consumer,Agent_09,Resolved,48,46.55,Met,5.0
TKT03149,2026-03-14 18:20:00,2026-03-15 22:51:43.897203782,West,Refund,Refund Failed,Low,Web,Consumer,Agent_11,Resolved,72,28.53,Met,5.0
TKT03150,2026-05-21 08:59:00,2026-05-21 22:47:03.574177455,South,Login,Password Reset,High,Email,Consumer,Agent_10,Resolved,24,13.8,Met,5.0
TKT03151,2026-03-11 04:04:00,2026-03-13 09:03:11.894963269,West,Account,Account Verification,Medium,Web,Consumer,Agent_10,Resolved,48,52.99,Breached,1.0
TKT03152,2026-09-19 09:37:00,2026-09-20 13:14:14.626260552,East,Technical,App Error,High,Web,Consumer,Agent_19,Resolved,24,27.62,Breached,1.0
TKT03153,2026-09-02 23:25:00,2026-09-03 22:17:09.110093858,West,Payment,Payment Failed,Medium,Phone,Consumer,Agent_01,Resolved,48,22.87,Met,4.0
TKT03154,2026-01-03 16:21:00,2026-01-04 05:55:47.105716594,South,Delivery,Wrong Item,Medium,Web,Business,Agent_17,Resolved,48,13.58,Met,5.0
TKT03155,2026-03-04 11:56:00,2026-03-05 22:04:01.103769160,East,Payment,Duplicate Charge,Medium,Phone,Business,Agent_19,Closed,48,34.13,Met,5.0
TKT03156,2026-02-18 02:21:00,2026-02-19 04:32:17.861023759,South,Login,Password Reset,Medium,Phone,Business,Agent_18,Closed,48,26.19,Met,5.0
TKT03157,2026-03-17 14:52:00,2026-03-19 04:18:19.357382252,South,Payment,Card Declined,Medium,Phone,Consumer,Agent_17,Closed,48,37.44,Met,5.0
TKT03158,2026-06-24 23:11:00,2026-06-25 07:34:36.090591075,West,Delivery,Late Delivery,High,Email,Consumer,Agent_19,Resolved,24,8.39,Met,5.0
TKT03159,2026-04-19 18:27:00,2026-04-22 11:53:42.148096432,East,Refund,Refund Request,High,Web,Business,Agent_03,Closed,24,65.45,Breached,2.0
TKT03160,2026-07-02 19:26:00,,South,Login,OTP Issue,Medium,Chat,Consumer,Agent_13,Pending,48,,Pending,3.0
TKT03161,2026-07-11 05:51:00,2026-07-16 12:13:31.146923056,North,Account,Account Access,Medium,Phone,Consumer,Agent_02,Closed,48,126.38,Breached,3.0
TKT03162,2026-03-06 09:04:00,2026-03-07 03:48:03.868971640,West,Login,OTP Issue,High,Phone,Business,Agent_09,Resolved,24,18.73,Met,3.0
TKT03163,2026-09-28 15:12:00,2026-09-29 20:49:07.138981293,East,Login,OTP Issue,High,Email,Consumer,Agent_13,Resolved,24,29.62,Breached,1.0
TKT03164,2026-04-10 02:31:00,2026-04-11 19:37:25.449637932,East,Refund,Refund Failed,High,Email,Consumer,Agent_01,Resolved,24,41.11,Breached,2.0
TKT03165,2026-02-01 19:41:00,2026-02-02 17:15:06.361340591,South,Refund,Refund Failed,High,Phone,Consumer,Agent_10,Resolved,24,21.57,Met,5.0
TKT03166,2026-05-08 10:52:00,,East,Account,Account Verification,Medium,Chat,Consumer,Agent_03,Pending,48,,Pending,4.0
TKT03167,2026-02-12 15:57:00,2026-02-13 14:33:05.158373637,,Technical,System Issue,Medium,Email,Consumer,Agent_10,Resolved,48,22.6,Met,4.0
TKT03168,2026-03-19 12:42:00,2026-03-21 14:13:24.806904121,North,Login,Password Reset,Medium,Email,Business,Agent_19,Resolved,48,49.52,Breached,4.0
TKT03169,2026-09-27 22:06:00,2026-09-29 16:12:43.604831484,East,Technical,Website Error,Low,Web,Consumer,Agent_07,Resolved,72,42.11,Met,4.0
TKT03170,2026-06-11 10:23:00,2026-06-12 02:36:59.095039443,North,Login,Account Locked,High,Email,Consumer,Agent_17,Resolved,24,16.23,Met,4.0
TKT03171,2026-07-08 10:55:00,2026-07-10 16:57:23.820797752,West,Login,Account Locked,Low,Email,Business,Agent_12,Closed,72,54.04,Met,5.0
TKT03172,2026-09-04 07:29:00,2026-09-05 03:11:20.094585073,West,Account,Account Access,Critical,Web,Consumer,Agent_08,Resolved,12,19.71,Breached,2.0
TKT03173,2026-08-04 12:00:00,2026-08-04 21:21:06.286032651,West,Refund,Refund Request,High,Phone,Business,Agent_18,Resolved,24,9.35,Met,4.0
TKT03174,2026-06-17 20:47:00,2026-06-18 06:06:23.765565079,East,Technical,System Issue,High,Web,Business,Agent_03,Resolved,24,9.32,Met,3.0
TKT03175,2026-07-12 00:42:00,2026-07-12 08:37:01.199084941,West,Payment,Payment Failed,Critical,Web,Consumer,Agent_04,Resolved,12,7.92,Met,3.0
TKT03176,2026-01-13 04:23:00,2026-01-13 14:20:59.415836875,North,Account,Profile Update,Medium,Phone,Consumer,Agent_08,Closed,48,9.97,Met,5.0
TKT03177,2026-08-28 17:06:00,2026-08-30 08:14:52.052458052,East,Payment,Payment Failed,High,Phone,Consumer,Agent_05,Closed,24,39.15,Breached,1.0
TKT03178,2026-05-27 21:31:00,2026-06-02 16:58:00.898834438,East,Delivery,Wrong Item,Low,Web,Business,Agent_11,Resolved,72,139.45,Breached,3.0
TKT03179,2026-07-23 09:55:00,,North,Payment,Card Declined,Low,Chat,Consumer,Agent_02,Pending,72,,Pending,3.0
TKT03180,2026-03-21 17:19:00,2026-03-22 10:39:58.411985244,North,Technical,Website Error,High,Email,Consumer,Agent_19,Resolved,24,17.35,Met,4.0
TKT03181,2026-02-12 22:37:00,2026-02-17 01:52:20.540421824,North,Refund,Refund Pending,Low,Email,Business,Agent_03,Resolved,72,99.26,Breached,3.0
TKT03182,2026-03-30 18:02:00,2026-03-31 00:33:19.322071662,West,Payment,Payment Failed,Critical,Email,Consumer,Agent_12,Closed,12,6.52,Met,5.0
TKT03183,2026-05-28 16:52:00,2026-05-29 08:07:48.953699121,East,Login,Password Reset,High,Phone,Consumer,Agent_07,Resolved,24,15.26,Met,4.0
TKT03184,2026-04-05 02:56:00,2026-04-06 03:38:46.600195593,South,Technical,System Issue,High,Email,Business,Agent_06,Resolved,24,24.71,Breached,2.0
TKT03185,2026-05-31 01:02:00,2026-06-01 16:43:13.055705437,South,Refund,Refund Pending,Low,Phone,Consumer,Agent_08,Resolved,72,39.69,Met,5.0
TKT03186,2026-01-02 15:57:00,2026-01-03 11:06:48.863030126,East,Account,Account Verification,High,Phone,Consumer,Agent_05,Closed,24,19.16,Met,3.0
TKT03187,2026-01-22 16:42:00,,East,Technical,Website Error,Low,Chat,Consumer,Agent_13,Pending,72,,Pending,2.0
TKT03188,2026-01-07 09:20:00,2026-01-08 15:03:54.133283186,North,Payment,Card Declined,High,Email,Consumer,Agent_13,Resolved,24,29.73,Breached,2.0
TKT03189,2026-07-25 22:10:00,2026-07-28 23:43:57.392544578,West,Delivery,Damaged Item,Low,Phone,Consumer,Agent_01,Resolved,72,73.57,Breached,2.0
TKT03190,2026-04-24 21:09:00,2026-04-25 14:55:33.100447566,North,Technical,Website Error,High,Email,Consumer,Agent_14,Resolved,24,17.78,Met,3.0
TKT03191,2026-09-29 21:52:00,2026-09-30 13:46:51.059455938,North,Delivery,Damaged Item,Low,Phone,Consumer,Agent_04,Closed,72,15.91,Met,4.0
TKT03192,2026-03-24 15:54:00,2026-03-28 08:36:42.619855755,South,Payment,Card Declined,Low,Web,Business,Agent_20,Resolved,72,88.71,Breached,2.0
TKT03193,2026-06-28 22:35:00,2026-06-30 06:21:18.996093447,West,Payment,Card Declined,Medium,Phone,Consumer,Agent_01,Closed,48,31.77,Met,4.0
TKT03194,2026-07-29 14:09:00,2026-07-31 22:13:39.831889123,East,Delivery,Late Delivery,Low,Phone,Consumer,Agent_14,Closed,72,56.08,Met,5.0
TKT03195,2026-05-04 21:18:00,2026-05-05 08:34:25.654213700,East,Payment,Duplicate Charge,High,Phone,Consumer,Agent_19,Resolved,24,11.27,Met,5.0
TKT03196,2026-04-23 10:03:00,2026-04-24 06:26:17.554655428,South,Account,Account Access,Low,Web,Consumer,Agent_19,Resolved,72,20.39,Met,4.0
TKT03197,2026-01-12 10:05:00,2026-01-13 11:51:52.542663157,North,Payment,Card Declined,Medium,Chat,Consumer,Agent_03,Resolved,48,25.78,Met,4.0
TKT03198,2026-05-06 13:49:00,2026-05-06 22:46:13.643251095,West,Payment,Card Declined,Medium,Email,Business,Agent_20,Resolved,48,8.95,Met,5.0
TKT03199,2026-02-22 20:22:00,2026-02-25 12:46:07.015276216,North,Refund,Refund Pending,Medium,Web,Consumer,Agent_11,Resolved,48,64.4,Breached,2.0
TKT03200,2026-05-20 21:34:00,2026-05-21 22:53:56.473069742,West,Login,Account Locked,Medium,Email,Consumer,Agent_09,Resolved,48,25.33,Met,5.0
TKT03201,2026-04-07 12:25:00,2026-04-07 16:12:58.951176561,North,Delivery,Damaged Item,High,Web,Consumer,Agent_19,Resolved,24,3.8,Met,4.0
TKT03202,2026-01-05 09:17:00,2026-01-06 14:23:03.947076576,West,Payment,Duplicate Charge,Low,Phone,Consumer,Agent_02,Resolved,72,29.1,Met,5.0
TKT03203,2026-02-26 01:03:00,2026-02-27 12:09:58.194309880,North,Delivery,Late Delivery,Low,Web,Consumer,Agent_13,Closed,72,35.12,Met,3.0
TKT03204,2026-03-10 20:53:00,2026-03-13 06:26:18.798807549,South,Delivery,Damaged Item,Medium,Email,Consumer,Agent_03,Closed,48,57.56,Breached,3.0
TKT03205,2026-04-28 15:41:00,,West,Technical,Website Error,Medium,Email,Consumer,Agent_11,Pending,48,,Pending,3.0
TKT03206,2026-02-28 04:08:00,2026-02-28 16:49:40.315963131,North,Account,Account Access,Medium,Email,Consumer,Agent_14,Resolved,48,12.69,Met,5.0
TKT03207,2026-02-02 21:09:00,2026-02-04 08:20:48.767624386,West,Delivery,Damaged Item,Medium,Chat,Consumer,Agent_15,Resolved,48,35.2,Met,4.0
TKT03208,2026-02-19 15:39:00,2026-02-20 10:17:21.085680814,North,Technical,Website Error,High,Web,Consumer,Agent_05,Resolved,24,18.64,Met,3.0
TKT03209,2026-01-19 02:36:00,2026-01-21 05:46:11.225093750,South,Login,Account Locked,Low,Phone,Consumer,Agent_07,Resolved,72,51.17,Met,4.0
TKT03210,2026-08-02 12:14:00,2026-08-03 12:16:30.051878096,West,Delivery,Late Delivery,Medium,Web,Consumer,Agent_02,Resolved,48,24.04,Met,3.0
TKT03211,2026-07-16 16:24:00,2026-07-18 14:21:56.274504051,North,Payment,Payment Failed,Medium,Chat,Consumer,Agent_06,Resolved,48,45.97,Met,4.0
TKT03212,2026-02-16 18:31:00,2026-02-17 23:52:45.529349202,South,Technical,App Error,Medium,Email,Business,Agent_11,Resolved,48,29.36,Met,4.0
TKT03213,2026-06-16 22:16:00,2026-06-17 08:01:56.977842891,North,Technical,Website Error,Critical,Email,Business,Agent_02,Resolved,12,9.77,Met,4.0
TKT03214,2026-05-21 18:09:00,2026-05-26 03:13:25.606489814,East,Technical,System Issue,Medium,Chat,Business,Agent_13,Resolved,48,105.07,Breached,1.0
TKT03215,2026-03-25 11:01:00,2026-03-26 01:55:16.071451556,North,Account,Account Verification,Critical,Web,Business,Agent_01,Resolved,12,14.9,Breached,3.0
TKT03216,2026-07-01 17:23:00,2026-07-03 04:39:05.852629207,East,Login,Account Locked,Medium,Phone,Business,Agent_03,Resolved,48,35.27,Met,5.0
TKT03217,2026-03-20 00:32:00,2026-03-21 02:47:27.076340480,South,Refund,Refund Request,Low,Email,Consumer,Agent_20,Closed,72,26.26,Met,4.0
TKT03218,2026-08-03 09:17:00,2026-08-04 17:57:03.681092082,North,Technical,App Error,Low,Chat,Business,Agent_02,Resolved,72,32.67,Met,4.0
TKT03219,2026-01-14 01:12:00,2026-01-15 05:05:56.394370356,West,Technical,Website Error,Medium,Chat,Business,Agent_19,Resolved,48,27.9,Met,4.0
TKT03220,2026-08-03 13:44:00,2026-08-04 03:20:23.526143917,West,Account,Account Verification,Medium,Phone,Consumer,Agent_09,Resolved,48,13.61,Met,4.0
TKT03221,2026-05-08 22:46:00,2026-05-10 04:09:20.474005495,West,Login,Account Locked,Low,Chat,Business,Agent_18,Resolved,72,29.39,Met,4.0
TKT03222,2026-09-05 19:16:00,2026-09-07 01:10:49.676940648,West,Login,Password Reset,Medium,Chat,Business,Agent_01,Closed,48,29.91,Met,4.0
TKT03223,2026-01-29 17:58:00,2026-02-02 00:12:16.403286156,North,Payment,Card Declined,Medium,Chat,Consumer,Agent_20,Resolved,48,78.24,Breached,3.0
TKT03224,2026-07-21 01:00:00,2026-07-23 03:10:49.399177281,North,Technical,System Issue,Low,Email,Business,Agent_14,Closed,72,50.18,Met,5.0
TKT03225,2026-02-26 04:31:00,2026-02-26 15:11:28.691160877,East,Technical,App Error,Medium,Email,Consumer,Agent_14,Resolved,48,10.67,Met,4.0
TKT03226,2026-08-06 04:05:00,2026-08-06 19:08:32.648192258,North,Refund,Refund Pending,High,Web,Business,Agent_18,Resolved,24,15.06,Met,5.0
TKT03227,2026-03-03 19:59:00,2026-03-04 14:41:25.425849783,South,Technical,System Issue,Medium,Phone,Consumer,Agent_13,Closed,48,18.71,Met,4.0
TKT03228,2026-06-06 10:27:00,2026-06-06 16:20:56.543553207,West,Refund,Refund Pending,High,Chat,Consumer,Agent_04,Closed,24,5.9,Met,3.0
TKT03229,2026-07-21 22:20:00,2026-07-23 01:31:53.019184444,North,Delivery,Damaged Item,Medium,Chat,Business,Agent_18,Resolved,48,27.2,Met,5.0
TKT03230,2026-01-17 11:44:00,2026-01-18 09:58:22.536431127,South,Technical,App Error,Medium,Email,Consumer,Agent_19,Closed,48,22.24,Met,4.0
TKT03231,2026-01-06 11:01:00,2026-01-08 01:36:04.987205411,East,Login,Account Locked,Low,Email,Business,Agent_04,Resolved,72,38.58,Met,5.0
TKT03232,2026-02-27 19:14:00,2026-03-01 09:38:51.583118637,South,Account,Account Verification,Medium,Email,Business,Agent_06,Resolved,48,38.41,Met,4.0
TKT03233,2026-06-18 18:45:00,2026-06-20 05:50:48.630326920,East,Refund,Refund Pending,Medium,Phone,Business,Agent_12,Resolved,48,35.1,Met,5.0
TKT03234,2026-03-23 05:09:00,,West,Payment,Card Declined,Medium,Email,Business,Agent_09,Pending,48,,Pending,3.0
TKT03235,2026-08-07 21:55:00,2026-08-09 15:32:32.485599357,East,Technical,App Error,Low,Chat,Business,Agent_13,Resolved,72,41.63,Met,5.0
TKT03236,2026-06-26 08:14:00,2026-06-29 10:19:56.038777605,East,Technical,App Error,Low,Chat,Consumer,Agent_14,Closed,72,74.1,Breached,1.0
TKT03237,2026-07-23 23:04:00,2026-07-24 09:02:50.813984521,South,Payment,Card Declined,High,Chat,Consumer,Agent_15,Resolved,24,9.98,Met,3.0
TKT03238,2026-03-12 05:37:00,2026-03-13 16:26:26.885690414,West,Delivery,Damaged Item,Medium,Web,Business,Agent_14,Resolved,48,34.82,Met,5.0
TKT03239,2026-09-23 09:38:00,2026-09-24 05:29:57.341497428,South,Account,Profile Update,Medium,Phone,Consumer,Agent_18,Closed,48,19.87,Met,5.0
TKT03240,2026-04-08 00:09:00,2026-04-09 01:43:53.610896935,West,Technical,System Issue,Medium,Chat,Consumer,Agent_02,Resolved,48,25.58,Met,5.0
TKT03241,2026-07-27 00:48:00,2026-07-28 04:13:28.692740632,South,Account,Account Verification,High,Chat,Business,Agent_03,Resolved,24,27.42,Breached,2.0
TKT03242,2026-01-02 10:22:00,2026-01-03 11:49:18.393690452,North,Delivery,Wrong Item,Medium,Chat,Business,Agent_18,Resolved,48,25.46,Met,4.0
TKT03243,2026-05-04 22:24:00,2026-05-06 22:23:22.311411792,South,Technical,System Issue,Medium,Email,Business,Agent_19,Closed,48,47.99,Met,4.0
TKT03244,2026-03-15 12:10:00,2026-03-15 19:06:40.404176077,East,Payment,Payment Failed,Critical,Chat,Consumer,Agent_18,Resolved,12,6.94,Met,4.0
TKT03245,2026-06-15 13:14:00,2026-06-15 23:00:15.530595229,South,Delivery,Damaged Item,High,Email,Consumer,Agent_15,Resolved,24,9.77,Met,5.0
TKT03246,2026-01-22 16:10:00,2026-01-25 17:24:53.177433277,East,Account,Profile Update,Low,Email,Consumer,Agent_06,Resolved,72,73.25,Breached,3.0
TKT03247,2026-06-03 02:12:00,2026-06-04 22:08:02.056600644,South,Delivery,Damaged Item,Low,Phone,Consumer,Agent_04,Closed,72,43.93,Met,5.0
TKT03248,2026-08-07 01:22:00,2026-08-07 16:44:54.430277962,South,Payment,Payment Failed,High,Phone,Consumer,Agent_10,Resolved,24,15.38,Met,4.0
TKT03249,2026-06-06 00:56:00,2026-06-07 01:50:27.716753502,East,Payment,Duplicate Charge,High,Chat,Consumer,Agent_12,Closed,24,24.91,Breached,2.0
TKT03250,2026-08-18 06:15:00,2026-08-18 14:45:35.640651330,West,Payment,Payment Failed,Medium,Phone,Business,Agent_05,Closed,48,8.51,Met,5.0
TKT03251,2026-01-20 05:48:00,2026-01-20 22:48:27.891358639,South,Delivery,Damaged Item,Medium,Email,Business,Agent_20,Resolved,48,17.01,Met,5.0
TKT03252,2026-02-10 04:30:00,2026-02-11 16:40:13.625453305,North,Account,Account Verification,Medium,Email,Consumer,Agent_05,Resolved,48,36.17,Met,5.0
TKT03253,2026-05-28 01:50:00,2026-05-29 20:51:34.407367712,North,Payment,Card Declined,Medium,Chat,Consumer,Agent_16,Resolved,48,43.03,Met,5.0
TKT03254,2026-04-18 14:28:00,2026-04-19 03:23:56.540607002,East,Account,Account Access,High,Chat,Consumer,Agent_18,Resolved,24,12.93,Met,5.0
TKT03255,2026-03-25 14:46:00,2026-03-27 08:02:47.158675935,East,Login,Password Reset,Low,Chat,Consumer,Agent_15,Resolved,72,41.28,Met,3.0
TKT03256,2026-05-14 01:15:00,2026-05-14 17:07:58.210331664,East,Delivery,Late Delivery,Critical,Email,Business,Agent_08,Closed,12,15.88,Breached,3.0
TKT03257,2026-07-26 19:41:00,2026-07-27 17:30:16.588975404,North,Refund,Refund Pending,High,Email,Business,Agent_01,Resolved,24,21.82,Met,3.0
TKT03258,2026-09-23 05:28:00,2026-09-26 06:25:06.983000211,East,Payment,Payment Failed,Medium,Chat,Consumer,Agent_09,Resolved,48,72.95,Breached,3.0
TKT03259,2026-03-14 02:01:00,2026-03-16 21:38:10.346120227,East,Refund,Refund Failed,Medium,Chat,Consumer,Agent_12,Resolved,48,67.62,Breached,3.0
TKT03260,2026-02-17 00:40:00,2026-02-19 21:03:08.842692210,West,Payment,Card Declined,Low,Email,Business,Agent_01,Resolved,72,68.39,Met,3.0
TKT03261,2026-08-21 19:50:00,2026-08-22 18:10:36.271296258,North,Technical,System Issue,Medium,Phone,Consumer,Agent_05,Resolved,48,22.34,Met,5.0
TKT03262,2026-04-10 15:21:00,2026-04-13 16:57:41.820697458,West,Account,Account Verification,High,Email,Consumer,Agent_09,Closed,24,73.61,Breached,1.0
TKT03263,2026-02-28 10:41:00,2026-02-28 21:49:41.937836287,West,Refund,Refund Failed,Medium,Phone,Consumer,Agent_01,Resolved,48,11.14,Met,3.0
TKT03264,2026-09-15 17:26:00,2026-09-17 02:06:50.436603228,East,Login,Password Reset,Medium,Chat,Consumer,Agent_14,Resolved,48,32.68,Met,4.0
TKT03265,2026-03-06 04:38:00,2026-03-07 20:02:53.091335829,West,Delivery,Wrong Item,Medium,Email,Consumer,Agent_17,Closed,48,39.41,Met,4.0
TKT03266,2026-03-24 12:42:00,2026-03-24 21:36:21.768731254,South,Delivery,Damaged Item,High,Chat,Consumer,Agent_03,Resolved,24,8.91,Met,3.0
TKT03267,2026-06-03 07:48:00,2026-06-04 16:07:43.171809236,South,Account,Account Verification,Low,Chat,Business,Agent_16,Resolved,72,32.33,Met,3.0
TKT03268,2026-09-23 23:43:00,2026-09-26 03:25:56.181562149,South,Payment,Payment Failed,Medium,Chat,Consumer,Agent_08,Resolved,48,51.72,Breached,2.0
TKT03269,2026-03-20 00:08:00,2026-03-20 10:01:41.787771522,West,Account,Account Access,High,Web,Consumer,Agent_19,Closed,24,9.89,Met,3.0
TKT03270,2026-05-30 00:12:00,2026-05-31 20:33:48.788829586,South,Login,Account Locked,Medium,Web,Consumer,Agent_15,Resolved,48,44.36,Met,4.0
TKT03271,2026-02-17 15:23:00,2026-02-18 06:22:21.625610964,North,Login,OTP Issue,High,Email,Consumer,Agent_02,Resolved,24,14.99,Met,5.0
TKT03272,2026-09-05 15:22:00,2026-09-06 06:25:28.652316764,South,Login,Account Locked,Medium,Web,Business,Agent_06,Resolved,48,15.06,Met,5.0
TKT03273,2026-04-08 17:55:00,2026-04-09 03:57:50.223393056,South,Login,OTP Issue,Critical,Email,Consumer,Agent_10,Resolved,12,10.05,Met,5.0
TKT03274,2026-01-25 20:32:00,2026-02-01 04:58:46.212130770,West,Refund,Refund Request,Low,Phone,Consumer,Agent_13,Closed,72,152.45,Breached,1.0
TKT03275,2026-03-09 23:45:00,2026-03-10 13:44:25.918104483,North,Login,Password Reset,Medium,Email,Consumer,Agent_15,Resolved,48,13.99,Met,5.0
TKT03276,2026-01-07 20:14:00,2026-01-08 14:00:24.297575646,West,Refund,Refund Failed,Low,Web,Consumer,Agent_11,Resolved,72,17.77,Met,4.0
TKT03277,2026-05-17 17:54:00,2026-05-19 20:48:04.948638012,North,Payment,Card Declined,Low,Web,Consumer,Agent_09,Resolved,72,50.9,Met,4.0
TKT03278,2026-06-13 23:36:00,2026-06-14 21:21:04.468245415,North,Delivery,Wrong Item,Medium,,Consumer,Agent_14,Resolved,48,21.75,Met,4.0
TKT03279,2026-03-24 10:52:00,2026-03-28 05:52:53.528017953,West,Account,Account Access,Low,Phone,Business,Agent_03,Resolved,72,91.01,Breached,1.0
TKT03280,2026-05-18 10:20:00,2026-05-18 21:50:42.529987922,South,Delivery,Late Delivery,Critical,Email,Consumer,Agent_20,Resolved,12,11.51,Met,4.0
TKT03281,2026-03-14 22:03:00,2026-03-15 13:53:59.855539160,East,Delivery,Wrong Item,Critical,Email,Business,Agent_16,Resolved,12,15.85,Breached,3.0
TKT03282,2026-08-25 03:15:00,2026-08-26 12:09:38.705321358,East,Login,Account Locked,Medium,Chat,Consumer,Agent_08,Resolved,48,32.91,Met,5.0
TKT03283,2026-02-15 06:56:00,2026-02-15 21:07:37.390574803,South,Account,Account Access,Medium,Chat,Consumer,Agent_11,Closed,48,14.19,Met,5.0
TKT03284,2026-04-16 11:03:00,2026-04-17 04:47:38.173362615,East,Account,Profile Update,Medium,Email,Business,Agent_02,Resolved,48,17.74,Met,5.0
TKT03285,2026-09-19 22:59:00,2026-09-20 10:55:05.047232377,East,Payment,Payment Failed,High,Phone,Consumer,Agent_05,Resolved,24,11.93,Met,5.0
TKT03286,2026-06-25 02:27:00,2026-06-26 15:20:10.145951901,North,Account,Profile Update,Medium,Email,Consumer,Agent_12,Resolved,48,36.89,Met,4.0
TKT03287,2026-06-15 16:40:00,2026-06-17 06:20:04.991414448,West,Technical,Website Error,Low,Chat,Consumer,Agent_09,Closed,72,37.67,Met,5.0
TKT03288,2026-05-25 23:08:00,2026-05-26 10:50:42.684501416,West,Technical,System Issue,High,Phone,Consumer,Agent_11,Resolved,24,11.71,Met,5.0
TKT03289,2026-02-23 06:03:00,2026-02-24 07:18:00.813617222,South,Account,Account Access,High,Chat,Consumer,Agent_16,Resolved,24,25.25,Breached,1.0
TKT03290,2026-06-27 06:41:00,2026-06-30 10:28:17.729678727,South,Login,Account Locked,Medium,Email,Consumer,Agent_10,Resolved,48,75.79,Breached,3.0
TKT03291,2026-09-01 10:05:00,2026-09-01 15:28:29.970645734,West,Account,Account Verification,Critical,Email,Consumer,Agent_11,Resolved,12,5.39,Met,4.0
TKT03292,2026-05-07 03:48:00,2026-05-07 09:39:05.690619511,East,Technical,Website Error,Critical,Web,Consumer,Agent_01,Resolved,12,5.85,Met,5.0
TKT03293,2026-09-28 08:56:00,2026-09-29 05:14:29.916686916,South,Payment,Duplicate Charge,Medium,Email,Consumer,Agent_01,Resolved,48,20.31,Met,5.0
TKT03294,2026-05-12 04:27:00,2026-05-13 07:25:21.332808465,North,Login,OTP Issue,Medium,Web,Consumer,Agent_01,Resolved,48,26.97,Met,5.0
TKT03295,2026-04-03 23:48:00,2026-04-04 10:40:18.412188632,West,Payment,Payment Failed,Critical,Web,Business,Agent_20,Resolved,12,10.87,Met,5.0
TKT03296,2026-03-14 17:14:00,2026-03-16 20:37:28.241563538,East,Account,Account Access,Medium,Web,Business,Agent_15,Closed,48,51.39,Breached,3.0
TKT03297,2026-09-05 22:23:00,2026-09-08 11:15:11.035339662,North,Technical,System Issue,Medium,Web,Consumer,Agent_09,Resolved,48,60.87,Breached,1.0
TKT03298,2026-09-30 02:05:00,2026-10-01 18:18:48.826887067,West,Login,OTP Issue,Low,Chat,Consumer,Agent_06,Resolved,72,40.23,Met,3.0
TKT03299,2026-02-12 05:05:00,2026-02-12 22:31:27.096164145,West,Payment,Payment Failed,High,Email,Business,Agent_19,Resolved,24,17.44,Met,4.0
TKT03300,2026-02-10 18:32:00,,East,Technical,App Error,High,Email,Consumer,Agent_08,Pending,24,,Pending,4.0
TKT03301,2026-06-19 22:58:00,2026-06-20 18:29:48.041811584,South,Account,Account Verification,Low,Email,Consumer,Agent_17,Resolved,72,19.53,Met,4.0
TKT03302,2026-07-31 10:27:00,2026-07-31 13:05:39.859511791,,Payment,Card Declined,Critical,Web,Consumer,Agent_12,Resolved,12,2.64,Met,5.0
TKT03303,2026-06-17 22:55:00,2026-06-18 11:56:21.701533123,North,Delivery,Wrong Item,High,Chat,Consumer,Agent_02,Resolved,24,13.02,Met,4.0
TKT03304,2026-02-08 11:28:00,2026-02-09 09:35:03.004620542,North,Refund,Refund Pending,High,Chat,Consumer,Agent_08,Resolved,24,22.12,Met,5.0
TKT03305,2026-09-02 17:17:00,2026-09-04 19:51:01.081424927,West,Delivery,Late Delivery,Low,Web,Consumer,Agent_01,Resolved,72,50.57,Met,4.0
TKT03306,2026-05-31 21:20:00,2026-06-03 16:03:36.004899165,East,Account,Account Access,Medium,Web,Consumer,Agent_13,Closed,48,66.73,Breached,1.0
TKT03307,2026-04-21 20:32:00,2026-04-22 08:05:05.995106261,East,Payment,Payment Failed,High,Email,Business,Agent_11,Resolved,24,11.55,Met,4.0
TKT03308,2026-02-16 04:40:00,2026-02-17 20:13:55.624040603,West,Technical,System Issue,Medium,Chat,Business,Agent_19,Resolved,48,39.57,Met,4.0
TKT03309,2026-03-04 07:22:00,2026-03-06 10:35:25.481935844,North,Refund,Refund Request,High,Phone,Consumer,Agent_02,Resolved,24,51.22,Breached,2.0
TKT03310,2026-08-13 13:56:00,2026-08-14 15:17:47.386537452,North,Delivery,Wrong Item,High,Phone,Consumer,Agent_20,Closed,24,25.36,Breached,3.0
TKT03311,2026-03-10 06:28:00,,East,Delivery,Damaged Item,Medium,Phone,Consumer,Agent_18,Pending,48,,Pending,2.0
TKT03312,2026-07-22 10:16:00,2026-07-23 06:35:01.858380970,South,Delivery,Damaged Item,High,Phone,Consumer,Agent_04,Resolved,24,20.32,Met,5.0
TKT03313,2026-03-02 02:26:00,2026-03-02 23:35:21.655104400,West,Technical,System Issue,Low,Web,Consumer,Agent_07,Resolved,72,21.16,Met,5.0
TKT03314,2026-06-10 21:42:00,2026-06-11 12:51:48.335004298,South,Payment,Duplicate Charge,Medium,Email,Consumer,Agent_05,Closed,48,15.16,Met,5.0
TKT03315,2026-01-16 08:40:00,2026-01-19 19:35:07.356033163,North,Account,Profile Update,Low,Phone,Business,Agent_09,Resolved,72,82.92,Breached,1.0
TKT03316,2026-04-04 10:29:00,2026-04-06 21:40:12.107441889,West,Delivery,Wrong Item,Medium,Email,Consumer,Agent_13,Resolved,48,59.19,Breached,3.0
TKT03317,2026-05-18 07:13:00,,West,Login,OTP Issue,Medium,Email,Business,Agent_18,Pending,48,,Pending,2.0
TKT03318,2026-02-07 02:23:00,2026-02-07 18:00:11.718519110,South,Refund,Refund Request,High,Chat,Business,Agent_15,Resolved,24,15.62,Met,4.0
TKT03319,2026-05-07 04:48:00,2026-05-07 14:14:24.617373532,West,Technical,Website Error,High,Phone,Consumer,Agent_18,Resolved,24,9.44,Met,4.0
TKT03320,2026-06-13 23:29:00,2026-06-14 12:58:58.564329673,East,Technical,App Error,Medium,Email,Consumer,Agent_01,Closed,48,13.5,Met,4.0
TKT03321,2026-03-18 00:13:00,2026-03-19 00:11:20.922823588,South,Refund,Refund Request,High,Chat,Consumer,Agent_04,Resolved,24,23.97,Met,5.0
TKT03322,2026-06-23 04:16:00,2026-06-26 14:30:02.495924318,East,Account,Account Access,Low,Web,Consumer,Agent_13,Resolved,72,82.23,Breached,2.0
TKT03323,2026-04-01 22:49:00,2026-04-02 14:28:19.027730430,North,Login,Account Locked,Low,Email,Business,Agent_14,Resolved,72,15.66,Met,4.0
TKT03324,2026-08-26 22:48:00,2026-08-28 04:07:37.435904662,South,Payment,Card Declined,Medium,Email,Consumer,Agent_08,Resolved,48,29.33,Met,4.0
TKT03325,2026-09-21 23:43:00,2026-09-23 13:01:04.639063478,West,Payment,Payment Failed,Medium,Chat,Consumer,Agent_05,Closed,48,37.3,Met,4.0
TKT03326,2026-06-28 20:30:00,2026-06-29 05:44:41.486101789,South,Delivery,Late Delivery,High,Email,Business,Agent_20,Closed,24,9.24,Met,4.0
TKT03327,2026-07-28 14:17:00,2026-08-01 00:00:40.477179025,East,Technical,Website Error,Medium,Web,Business,Agent_07,Resolved,48,81.73,Breached,1.0
TKT03328,2026-03-14 15:42:00,2026-03-15 19:14:38.871880749,East,Account,Profile Update,High,Web,Consumer,Agent_09,Closed,24,27.54,Breached,2.0
TKT03329,2026-04-17 19:55:00,2026-04-18 12:44:05.124327690,North,Refund,Refund Pending,High,Chat,Consumer,Agent_06,Resolved,24,16.82,Met,5.0
TKT03330,2026-07-01 07:43:00,2026-07-01 14:18:04.186825764,West,Account,Account Access,Critical,Phone,Consumer,Agent_12,Resolved,12,6.58,Met,5.0
TKT03331,2026-02-06 04:29:00,2026-02-08 00:17:03.395046247,West,Technical,System Issue,Low,Email,Consumer,Agent_11,Resolved,72,43.8,Met,4.0
TKT03332,2026-05-17 20:44:00,2026-05-19 05:33:39.408257704,North,Account,Account Access,Medium,Email,Consumer,Agent_15,Resolved,48,32.83,Met,5.0
TKT03333,2026-02-25 19:35:00,2026-02-27 01:14:35.290320753,East,Technical,App Error,Medium,Phone,Business,Agent_17,Resolved,48,29.66,Met,4.0
TKT03334,2026-07-06 10:22:00,2026-07-06 22:03:14.392022506,West,Payment,Card Declined,Critical,Web,Business,Agent_03,Resolved,12,11.69,Met,5.0
TKT03335,2026-09-15 20:06:00,2026-09-16 17:55:33.495913639,West,Payment,Payment Failed,Low,Email,Business,Agent_17,Resolved,72,21.83,Met,3.0
TKT03336,2026-02-27 23:42:00,2026-03-02 09:35:55.157895092,East,Technical,App Error,Medium,Chat,Consumer,Agent_08,Resolved,48,57.9,Breached,3.0
TKT03337,2026-05-03 01:11:00,,North,Refund,Refund Failed,Medium,Chat,Consumer,Agent_12,Pending,48,,Pending,3.0
TKT03338,2026-07-07 21:46:00,,East,Technical,System Issue,Medium,Chat,Business,Agent_13,Pending,48,,Pending,3.0
TKT03339,2026-08-18 01:13:00,2026-08-18 17:16:16.269513976,West,Payment,Duplicate Charge,Low,Email,Consumer,Agent_12,Closed,72,16.05,Met,4.0
TKT03340,2026-06-17 05:54:00,2026-06-19 08:07:35.286402622,South,Refund,Refund Pending,Low,Phone,Consumer,Agent_05,Resolved,72,50.23,Met,4.0
TKT03341,2026-04-24 08:16:00,2026-04-25 18:47:46.112889442,North,Payment,Payment Failed,Medium,Email,Consumer,Agent_01,Resolved,48,34.53,Met,5.0
TKT03342,2026-09-09 22:31:00,2026-09-12 14:58:04.975809422,South,Account,Account Verification,Medium,Phone,Consumer,Agent_17,Resolved,48,64.45,Breached,3.0
TKT03343,2026-04-17 16:27:00,2026-04-19 11:23:04.492055817,East,Technical,System Issue,Low,Phone,Consumer,Agent_05,Resolved,72,42.93,Met,4.0
TKT03344,2026-02-06 09:39:00,2026-02-07 07:57:19.989421984,North,Payment,Card Declined,Medium,Email,Consumer,Agent_08,Resolved,48,22.31,Met,4.0
TKT03345,2026-04-02 15:09:00,2026-04-03 12:33:27.809312443,North,Refund,Refund Failed,Low,Web,Business,Agent_02,Resolved,72,21.41,Met,3.0
TKT03346,2026-01-18 06:12:00,2026-01-18 17:23:17.716429690,North,Payment,Payment Failed,Critical,Phone,Consumer,Agent_05,Resolved,12,11.19,Met,3.0
TKT03347,2026-03-04 06:01:00,2026-03-04 17:44:24.220406701,East,Login,OTP Issue,Medium,Email,Business,Agent_14,Closed,48,11.72,Met,3.0
TKT03348,2026-05-30 01:32:00,2026-05-30 15:53:25.028410820,North,Technical,System Issue,High,Web,Business,Agent_02,Resolved,24,14.36,Met,4.0
TKT03349,2026-05-19 22:24:00,2026-05-21 09:22:58.495042995,North,Payment,Card Declined,Medium,Web,Business,Agent_12,Resolved,48,34.98,Met,5.0
TKT03350,2026-07-05 05:23:00,2026-07-05 15:53:31.565621052,West,Payment,Payment Failed,Critical,Email,Consumer,Agent_14,Resolved,12,10.51,Met,4.0
TKT03351,2026-07-04 06:23:00,2026-07-05 09:34:23.916984900,North,Payment,Card Declined,Medium,Email,Consumer,Agent_05,Resolved,48,27.19,Met,5.0
TKT03352,2026-07-24 09:34:00,2026-07-26 14:51:12.829954938,West,Payment,Payment Failed,Medium,Web,Consumer,Agent_18,Resolved,48,53.29,Breached,3.0
TKT03353,2026-09-17 12:15:00,2026-09-18 12:55:59.997468118,North,Account,Account Access,Medium,Email,Business,Agent_18,Resolved,48,24.68,Met,5.0
TKT03354,2026-08-02 12:16:00,2026-08-03 14:34:53.658068418,,Login,Password Reset,High,Web,Consumer,Agent_16,Closed,24,26.31,Breached,2.0
TKT03355,2026-09-13 05:45:00,2026-09-14 11:32:21.978487431,North,Technical,Website Error,Medium,Web,Consumer,Agent_05,Resolved,48,29.79,Met,5.0
TKT03356,2026-05-15 18:46:00,2026-05-16 06:15:29.401771221,North,Technical,System Issue,Medium,Web,Consumer,Agent_02,Resolved,48,11.49,Met,5.0
TKT03357,2026-03-02 20:38:00,2026-03-04 01:49:22.671130790,East,Refund,Refund Request,Low,Chat,Business,Agent_18,Resolved,72,29.19,Met,4.0
TKT03358,2026-03-29 20:15:00,2026-03-30 12:33:42.625776798,North,Refund,Refund Request,Medium,Email,Business,Agent_03,Resolved,48,16.31,Met,5.0
TKT03359,2026-07-26 11:58:00,2026-07-27 18:06:08.066939384,South,Delivery,Wrong Item,Medium,Chat,Consumer,Agent_09,Resolved,48,30.14,Met,3.0
TKT03360,2026-05-09 13:00:00,2026-05-10 19:39:06.152504011,North,Refund,Refund Request,Low,Email,Consumer,Agent_06,Resolved,72,30.65,Met,5.0
TKT03361,2026-01-03 16:59:00,2026-01-05 16:26:20.211135008,North,Technical,System Issue,Medium,Phone,Consumer,Agent_18,Resolved,48,47.46,Met,3.0
TKT03362,2026-08-30 20:17:00,2026-08-31 21:55:59.738495521,West,Technical,System Issue,Medium,Chat,Business,Agent_01,Closed,48,25.65,Met,5.0
TKT03363,2026-05-01 23:23:00,2026-05-02 11:45:29.151278212,West,Delivery,Damaged Item,High,Email,Consumer,Agent_18,Resolved,24,12.37,Met,5.0
TKT03364,2026-04-12 23:46:00,2026-04-15 08:51:52.477843765,South,Delivery,Damaged Item,Low,Email,Consumer,Agent_02,Resolved,72,57.1,Met,4.0
TKT03365,2026-02-07 11:03:00,2026-02-11 02:17:27.899416989,East,Login,OTP Issue,Medium,Web,Consumer,Agent_17,Resolved,48,87.24,Breached,3.0
TKT03366,2026-05-13 09:59:00,2026-05-13 13:55:42.797773237,North,Technical,App Error,High,Phone,Consumer,Agent_12,Resolved,24,3.95,Met,5.0
TKT03367,2026-07-21 00:10:00,2026-07-22 03:13:28.895784771,West,Refund,Refund Failed,Medium,Phone,Consumer,Agent_02,Resolved,48,27.06,Met,4.0
TKT03368,2026-01-21 03:06:00,2026-01-23 05:34:29.898313986,South,Account,Account Verification,Medium,Email,Consumer,Agent_01,Resolved,48,50.47,Breached,4.0
TKT03369,2026-08-30 12:05:00,2026-08-31 03:38:10.867042929,East,Login,OTP Issue,High,Phone,Business,Agent_10,Closed,24,15.55,Met,4.0
TKT03370,2026-04-19 17:18:00,2026-04-20 08:48:39.080698495,West,Delivery,Late Delivery,Medium,Phone,Consumer,Agent_02,Resolved,48,15.51,Met,5.0
TKT03371,2026-03-25 12:57:00,2026-03-29 09:17:36.157449530,East,Technical,App Error,Medium,Chat,Consumer,Agent_05,Resolved,48,92.34,Breached,2.0
TKT03372,2026-03-24 22:00:00,2026-03-25 02:54:08.063757252,South,Payment,Duplicate Charge,Critical,Phone,Business,Agent_17,Resolved,12,4.9,Met,4.0
TKT03373,2026-03-10 06:50:00,2026-03-10 23:38:30.468032002,East,Technical,App Error,Critical,Phone,Business,Agent_01,Resolved,12,16.81,Breached,1.0
TKT03374,2026-05-09 15:55:00,2026-05-10 16:39:39.475637444,East,Technical,Website Error,Medium,Web,Business,Agent_14,Resolved,48,24.74,Met,4.0
TKT03375,2026-07-15 09:44:00,2026-07-15 23:34:27.736225015,South,Payment,Duplicate Charge,Low,Web,Consumer,Agent_06,Resolved,72,13.84,Met,5.0
TKT03376,2026-05-20 17:55:00,2026-05-25 06:26:05.308932575,East,Account,Profile Update,Medium,Chat,Business,Agent_11,Resolved,48,108.52,Breached,2.0
TKT03377,2026-08-22 17:31:00,2026-08-24 13:56:56.081135265,South,Technical,Website Error,Low,Email,Consumer,Agent_07,Resolved,72,44.43,Met,
TKT03378,2026-01-23 09:36:00,2026-01-26 08:51:04.912116660,East,Delivery,Damaged Item,Low,Web,Consumer,Agent_20,Resolved,72,71.25,Met,4.0
TKT03379,2026-06-02 17:20:00,2026-06-03 20:26:26.207389594,West,Payment,Duplicate Charge,Medium,Chat,Consumer,Agent_20,Resolved,48,27.11,Met,4.0
TKT03380,2026-03-02 22:54:00,2026-03-03 04:27:24.668069835,West,Payment,Duplicate Charge,Critical,Phone,Consumer,Agent_09,Resolved,12,5.56,Met,4.0
TKT03381,2026-02-21 20:52:00,2026-02-22 06:48:01.739896346,West,Refund,Refund Failed,High,Chat,Consumer,Agent_03,Closed,24,9.93,Met,4.0
TKT03382,2026-06-02 16:28:00,2026-06-04 12:14:23.313643050,West,Delivery,Damaged Item,Medium,Web,Consumer,Agent_06,Resolved,48,43.77,Met,5.0
TKT03383,2026-08-25 20:33:00,2026-08-26 20:14:40.289126575,South,Refund,Refund Failed,Medium,Phone,Consumer,Agent_09,Resolved,48,23.69,Met,5.0
TKT03384,2026-02-01 21:57:00,2026-02-06 08:55:33.829263976,East,Refund,Refund Pending,Low,Chat,Consumer,Agent_06,Resolved,72,106.98,Breached,3.0
TKT03385,2026-02-24 12:22:00,2026-02-28 01:01:27.244832374,South,Technical,System Issue,Low,Web,Consumer,Agent_10,Resolved,72,84.66,Breached,3.0
TKT03386,2026-02-05 18:47:00,2026-02-07 08:10:46.904387330,North,Technical,App Error,Low,Chat,Consumer,Agent_08,Resolved,72,37.4,Met,4.0
TKT03387,2026-04-20 03:23:00,2026-04-21 16:02:23.097927200,East,Account,Account Access,High,Email,Consumer,Agent_20,Closed,24,36.66,Breached,3.0
TKT03388,2026-06-26 17:56:00,2026-06-27 18:08:02.655977371,South,Refund,Refund Request,Low,Phone,Consumer,Agent_16,Resolved,72,24.2,Met,3.0
TKT03389,2026-04-07 16:13:00,2026-04-08 10:12:10.704328699,East,Delivery,Damaged Item,High,Chat,Consumer,Agent_07,Resolved,24,17.99,Met,4.0
TKT03390,2026-08-01 15:39:00,2026-08-04 17:43:25.138186510,East,Account,Account Verification,Medium,Chat,Consumer,Agent_18,Resolved,48,74.07,Breached,1.0
TKT03391,2026-05-17 23:18:00,2026-05-19 04:00:07.846247505,North,Account,Profile Update,Low,Phone,Business,Agent_18,Closed,72,28.7,Met,4.0
TKT03392,2026-01-06 17:57:00,2026-01-08 15:59:12.530771952,West,Technical,System Issue,Low,Web,Consumer,Agent_15,Resolved,72,46.04,Met,4.0
TKT03393,2026-04-19 21:39:00,2026-04-21 10:03:34.812079372,East,Delivery,Damaged Item,Medium,Chat,Consumer,Agent_06,Resolved,48,36.41,Met,5.0
TKT03394,2026-02-04 22:38:00,2026-02-05 14:06:22.551895833,East,Account,Account Verification,Critical,Web,Consumer,Agent_05,Resolved,12,15.47,Breached,4.0
TKT03395,2026-02-08 17:34:00,2026-02-09 14:34:16.243793013,North,Delivery,Damaged Item,High,Email,Business,Agent_18,Resolved,24,21.0,Met,5.0
TKT03396,2026-05-30 19:18:00,2026-05-31 22:33:49.013683585,South,Payment,Payment Failed,Medium,Phone,Business,Agent_08,Resolved,48,27.26,Met,4.0
TKT03397,2026-04-28 18:01:00,2026-04-30 11:20:06.176093325,West,Technical,System Issue,Medium,Web,Business,Agent_03,Resolved,48,41.32,Met,5.0
TKT03398,2026-09-18 01:44:00,,South,Payment,Card Declined,Medium,Web,Consumer,Agent_16,Pending,48,,Pending,4.0
TKT03399,2026-03-28 21:29:00,2026-03-29 08:32:46.049299376,South,Technical,Website Error,Critical,Web,Consumer,Agent_17,Closed,12,11.06,Met,4.0
TKT03400,2026-03-17 04:12:00,2026-03-17 17:43:37.320986305,South,Refund,Refund Failed,High,Email,Consumer,Agent_17,Closed,24,13.53,Met,3.0
TKT03401,2026-08-02 04:54:00,2026-08-03 15:17:52.581628644,West,Payment,Duplicate Charge,Medium,Phone,Consumer,Agent_12,Resolved,48,34.4,Met,3.0
TKT03402,2026-08-27 11:07:00,2026-08-28 13:11:28.659079934,South,Payment,Card Declined,Medium,Web,Business,Agent_07,Closed,48,26.07,Met,4.0
TKT03403,2026-06-14 19:41:00,2026-06-16 03:52:13.799558256,South,Technical,System Issue,Medium,Web,Consumer,Agent_06,Resolved,48,32.19,Met,5.0
TKT03404,2026-03-28 09:08:00,2026-03-30 00:35:22.819297539,West,Delivery,Wrong Item,Medium,Email,Business,Agent_02,Resolved,48,39.46,Met,5.0
TKT03405,2026-05-21 10:30:00,2026-05-23 01:40:17.725803488,West,Login,Account Locked,Low,Phone,Consumer,Agent_05,Resolved,72,39.17,Met,4.0
TKT03406,2026-06-09 18:10:00,2026-06-11 11:29:23.170222178,North,Payment,Card Declined,Medium,Chat,Consumer,Agent_02,Resolved,48,41.32,Met,5.0
TKT03407,2026-02-15 04:58:00,2026-02-15 15:07:51.834853015,South,Payment,Payment Failed,Critical,Phone,Business,Agent_03,Resolved,12,10.16,Met,5.0
TKT03408,2026-04-22 01:40:00,2026-04-23 22:39:38.470549758,North,Technical,App Error,Medium,Chat,Consumer,Agent_05,Resolved,48,44.99,Met,5.0
TKT03409,2026-02-14 17:59:00,2026-02-16 00:25:20.729899172,East,Login,Password Reset,Low,Email,Consumer,Agent_17,Resolved,72,30.44,Met,4.0
TKT03410,2026-09-04 05:31:00,2026-09-05 02:24:04.196146999,North,Technical,Website Error,High,Chat,Business,Agent_19,Resolved,24,20.88,Met,4.0
TKT03411,2026-04-14 13:55:00,2026-04-15 21:18:57.542813329,North,Refund,Refund Pending,Medium,Email,Consumer,Agent_10,Closed,48,31.4,Met,4.0
TKT03412,2026-03-26 06:32:00,2026-03-29 13:23:59.329060959,North,Login,Account Locked,Low,Chat,Business,Agent_12,Resolved,72,78.87,Breached,3.0
TKT03413,2026-05-14 14:33:00,2026-05-16 09:19:11.472370183,North,Payment,Payment Failed,Medium,Email,Business,Agent_18,Resolved,48,42.77,Met,5.0
TKT03414,2026-04-18 06:20:00,2026-04-20 18:03:53.040403405,South,Delivery,Late Delivery,Medium,Phone,Consumer,Agent_19,Closed,48,59.73,Breached,2.0
TKT03415,2026-01-18 01:31:00,2026-01-19 07:24:53.226725020,East,Technical,App Error,Medium,Phone,Consumer,Agent_13,Resolved,48,29.9,Met,3.0
TKT03416,2026-04-04 07:26:00,2026-04-06 10:34:15.547676125,East,Delivery,Damaged Item,Medium,Chat,Business,Agent_08,Closed,48,51.14,Breached,3.0
TKT03417,2026-05-30 01:48:00,2026-05-30 21:06:27.260097134,West,Technical,System Issue,High,Phone,Consumer,Agent_03,Closed,24,19.31,Met,4.0
TKT03418,2026-09-03 05:16:00,2026-09-03 18:47:26.419250110,East,Delivery,Damaged Item,Medium,Chat,Business,Agent_12,Resolved,48,13.52,Met,4.0
TKT03419,2026-07-28 19:51:00,2026-07-30 06:36:58.011876396,North,Account,Account Access,High,Email,Consumer,Agent_04,Resolved,24,34.77,Breached,1.0
TKT03420,2026-05-06 07:21:00,,West,Refund,Refund Pending,Low,Web,Consumer,Agent_14,Pending,72,,Pending,2.0
TKT03421,2026-08-23 03:37:00,,North,Technical,App Error,High,Email,Business,Agent_07,Pending,24,,Pending,3.0
TKT03422,2026-05-02 20:45:00,2026-05-03 10:19:05.022326038,South,Technical,App Error,High,Web,Consumer,Agent_13,Resolved,24,13.57,Met,4.0
TKT03423,2026-05-18 11:12:00,2026-05-19 12:11:35.963258514,South,Login,OTP Issue,High,Phone,Consumer,Agent_12,Resolved,24,24.99,Breached,3.0
TKT03424,2026-04-25 04:37:00,2026-04-27 07:17:20.601761689,East,Refund,Refund Pending,Medium,Phone,Consumer,Agent_15,Resolved,48,50.67,Breached,4.0
TKT03425,2026-06-11 16:48:00,2026-06-13 08:27:02.936202048,North,Refund,Refund Failed,High,Chat,Consumer,Agent_02,Resolved,24,39.65,Breached,1.0
TKT03426,2026-07-20 09:28:00,2026-07-21 00:54:01.273850044,North,Payment,Card Declined,Low,Chat,Consumer,Agent_01,Closed,72,15.43,Met,4.0
TKT03427,2026-08-22 16:49:00,2026-08-23 07:27:42.701720755,North,Payment,Duplicate Charge,High,Web,Consumer,Agent_06,Closed,24,14.65,Met,4.0
TKT03428,2026-01-28 14:34:00,2026-01-29 19:44:05.940505783,West,Login,Password Reset,Low,Email,Consumer,Agent_01,Resolved,72,29.17,Met,4.0
TKT03429,2026-01-11 07:45:00,2026-01-12 16:59:42.406135695,West,Payment,Payment Failed,Low,Web,Consumer,Agent_19,Resolved,72,33.25,Met,5.0
TKT03430,2026-07-25 13:58:00,2026-07-27 02:16:22.326299247,West,Technical,System Issue,Medium,Web,Business,Agent_10,Resolved,48,36.31,Met,4.0
TKT03431,2026-06-16 12:33:00,2026-06-17 01:09:11.278845788,East,Payment,Card Declined,High,Email,Consumer,Agent_14,Resolved,24,12.6,Met,3.0
TKT03432,2026-09-04 13:57:00,2026-09-05 18:04:52.428647848,East,Delivery,Wrong Item,Low,Chat,Consumer,Agent_02,Resolved,72,28.13,Met,5.0
TKT03433,2026-02-16 00:29:00,2026-02-16 08:14:50.376238941,North,Refund,Refund Pending,Critical,Phone,Consumer,Agent_09,Resolved,12,7.76,Met,5.0
TKT03434,2026-09-03 05:58:00,2026-09-04 00:13:34.886790943,North,Refund,Refund Request,Critical,Phone,Consumer,Agent_03,Resolved,12,18.26,Breached,1.0
TKT03435,2026-05-07 21:51:00,2026-05-09 05:12:15.174797576,East,Technical,Website Error,Medium,Chat,Business,Agent_19,Closed,48,31.35,Met,3.0
TKT03436,2026-05-27 01:25:00,2026-05-28 02:31:40.967206858,West,Delivery,Damaged Item,Medium,Web,Consumer,Agent_14,Closed,48,25.11,Met,4.0
TKT03437,2026-04-28 20:57:00,2026-04-30 16:42:56.702573348,West,Account,Account Verification,High,Chat,Consumer,Agent_16,Resolved,24,43.77,Breached,1.0
TKT03438,2026-06-01 12:26:00,2026-06-03 12:47:04.956228122,West,Payment,Duplicate Charge,Medium,Web,Consumer,Agent_07,Resolved,48,48.35,Breached,2.0
TKT03439,2026-03-13 05:12:00,2026-03-14 17:19:47.031227659,West,Delivery,Wrong Item,Medium,Phone,Consumer,Agent_01,Resolved,48,36.13,Met,5.0
TKT03440,2026-05-17 06:04:00,2026-05-18 01:28:48.082232134,West,Technical,Website Error,Critical,Web,Business,Agent_05,Resolved,12,19.41,Breached,1.0
TKT03441,2026-06-24 15:04:00,2026-06-24 20:56:09.655216892,East,Payment,Card Declined,Critical,Phone,Consumer,Agent_03,Closed,12,5.87,Met,5.0
TKT03442,2026-01-19 21:32:00,2026-01-20 10:02:20.463930230,South,Technical,System Issue,Critical,Phone,Consumer,Agent_17,Resolved,12,12.51,Breached,3.0
TKT03443,2026-07-14 11:37:00,2026-07-16 03:19:35.241831982,South,Payment,Card Declined,Medium,Web,Business,Agent_14,Closed,48,39.71,Met,4.0
TKT03444,2026-06-24 02:10:00,2026-06-28 14:35:08.556500769,South,Delivery,Damaged Item,Low,Phone,Consumer,Agent_16,Resolved,72,108.42,Breached,2.0
TKT03445,2026-05-21 13:22:00,2026-05-24 04:36:34.851886339,,Technical,System Issue,Medium,Chat,Consumer,Agent_07,Resolved,48,63.24,Breached,3.0
TKT03446,2026-09-03 13:08:00,2026-09-04 06:29:23.424161032,North,Technical,App Error,Medium,Web,Business,Agent_09,Resolved,48,17.36,Met,4.0
TKT03447,2026-04-03 05:50:00,2026-04-05 22:10:12.491788999,West,Payment,Payment Failed,Medium,Email,Business,Agent_07,Resolved,48,64.34,Breached,1.0
TKT03448,2026-08-27 02:59:00,2026-08-28 07:14:15.600991831,North,Account,Account Access,Medium,Phone,Consumer,Agent_15,Resolved,48,28.25,Met,4.0
TKT03449,2026-07-24 19:46:00,2026-07-27 00:33:26.933737153,East,Login,OTP Issue,Medium,Web,Consumer,Agent_20,Resolved,48,52.79,Breached,3.0
TKT03450,2026-02-17 18:39:00,2026-02-18 15:59:29.635037458,South,Delivery,Damaged Item,High,Web,Consumer,Agent_03,Resolved,24,21.34,Met,4.0
TKT03451,2026-09-02 12:53:00,,East,Login,Password Reset,High,Web,Consumer,Agent_16,Pending,24,,Pending,2.0
TKT03452,2026-05-08 08:29:00,2026-05-09 20:23:13.254807884,East,Technical,Website Error,High,Email,Consumer,Agent_18,Resolved,24,35.9,Breached,4.0
TKT03453,2026-01-17 06:04:00,2026-01-20 13:18:52.475568576,East,Payment,Card Declined,Low,Email,Consumer,Agent_07,Resolved,72,79.25,Breached,3.0
TKT03454,2026-03-12 16:20:00,2026-03-14 08:29:54.736292275,West,Account,Account Access,Low,Phone,Consumer,Agent_17,Resolved,72,40.17,Met,5.0
TKT03455,2026-09-26 05:52:00,2026-09-26 22:54:31.289700930,West,Payment,Card Declined,High,Chat,Consumer,Agent_18,Resolved,24,17.04,Met,5.0
TKT03456,2026-01-07 13:19:00,2026-01-08 08:35:53.487810159,West,Payment,Duplicate Charge,Medium,Email,Consumer,Agent_03,Resolved,48,19.28,Met,4.0
TKT03457,2026-04-13 18:26:00,2026-04-16 21:32:43.597693926,North,Delivery,Wrong Item,Medium,Email,Consumer,Agent_11,Resolved,48,75.11,Breached,4.0
TKT03458,2026-07-12 20:48:00,2026-07-14 23:42:46.920114363,West,Payment,Payment Failed,Low,Web,Consumer,Agent_14,Resolved,72,50.91,Met,3.0
TKT03459,2026-08-29 06:51:00,2026-08-30 00:15:24.413293965,North,Technical,App Error,Medium,Web,Business,Agent_17,Resolved,48,17.41,Met,5.0
TKT03460,2026-03-03 12:14:00,2026-03-04 09:07:26.185724541,East,Login,Password Reset,Medium,Chat,Business,Agent_19,Resolved,48,20.89,Met,4.0
TKT03461,2026-01-17 16:20:00,2026-01-19 17:49:39.407904484,,Login,OTP Issue,High,Phone,Business,Agent_20,Resolved,24,49.49,Breached,3.0
TKT03462,2026-06-20 01:57:00,2026-06-21 12:52:56.197223245,West,Delivery,Late Delivery,Critical,Web,Consumer,Agent_05,Closed,12,34.93,Breached,3.0
TKT03463,2026-01-25 08:01:00,2026-01-26 13:10:08.551619096,North,Delivery,Late Delivery,Medium,Phone,Consumer,Agent_03,Closed,48,29.15,Met,5.0
TKT03464,2026-09-08 03:11:00,2026-09-10 08:02:21.315802611,North,Delivery,Wrong Item,Medium,Chat,Business,Agent_16,Closed,48,52.86,Breached,4.0
TKT03465,2026-09-10 09:50:00,2026-09-11 14:28:14.499483500,West,Delivery,Damaged Item,High,Chat,Consumer,Agent_01,Resolved,24,28.64,Breached,4.0
TKT03466,2026-07-26 09:49:00,,West,Technical,App Error,Medium,Email,Consumer,Agent_11,Pending,48,,Pending,2.0
TKT03467,2026-01-29 10:58:00,,East,Technical,App Error,Medium,Phone,Consumer,Agent_10,Pending,48,,Pending,2.0
TKT03468,2026-04-27 01:46:00,2026-04-27 13:19:28.556627763,North,Login,OTP Issue,Critical,Web,Consumer,Agent_07,Resolved,12,11.56,Met,5.0
TKT03469,2026-05-24 06:21:00,2026-05-27 11:12:12.294254149,South,Technical,System Issue,High,Web,Business,Agent_16,Resolved,24,76.85,Breached,4.0
TKT03470,2026-01-25 13:02:00,2026-01-26 09:08:13.774702683,East,Refund,Refund Request,Critical,Phone,Business,Agent_02,Resolved,12,20.1,Breached,2.0
TKT03471,2026-06-05 06:29:00,2026-06-05 21:56:21.867860404,North,Account,Profile Update,Low,Web,Consumer,Agent_08,Closed,72,15.46,Met,3.0
TKT03472,2026-03-14 04:03:00,2026-03-15 06:13:51.451074120,East,Payment,Card Declined,Medium,Web,Consumer,Agent_15,Closed,48,26.18,Met,
TKT03473,2026-04-30 09:44:00,2026-04-30 20:32:04.162220344,East,Payment,Duplicate Charge,High,Web,Consumer,Agent_16,Resolved,24,10.8,Met,4.0
TKT03474,2026-04-03 14:28:00,2026-04-05 07:02:41.490868594,West,Payment,Card Declined,Low,Web,Business,Agent_03,Resolved,72,40.58,Met,5.0
TKT03475,2026-03-27 07:47:00,2026-03-28 06:26:29.955676629,South,Technical,System Issue,High,Chat,Business,Agent_20,Resolved,24,22.66,Met,4.0
TKT03476,2026-04-28 14:25:00,2026-04-29 17:25:39.451310042,South,Payment,Card Declined,Low,Chat,Business,Agent_02,Resolved,72,27.01,Met,5.0
TKT03477,2026-08-21 15:33:00,2026-08-22 00:30:55.571342446,North,Login,Password Reset,High,Web,Business,Agent_15,Closed,24,8.97,Met,
TKT03478,2026-07-18 20:33:00,2026-07-19 04:21:08.793114462,East,Account,Account Verification,Medium,Phone,Consumer,Agent_14,Resolved,48,7.8,Met,4.0
TKT03479,2026-07-25 10:03:00,2026-07-28 08:03:40.666677534,West,Account,Account Access,Low,Web,Consumer,Agent_09,Resolved,72,70.01,Met,3.0
TKT03480,2026-05-27 16:54:00,2026-05-29 22:11:48.084646797,North,Payment,Duplicate Charge,Medium,Phone,Consumer,Agent_04,Closed,48,53.3,Breached,2.0
TKT03481,2026-09-28 18:16:00,2026-09-29 03:00:55.558137818,North,Technical,App Error,High,Phone,Business,Agent_08,Resolved,24,8.75,Met,4.0
TKT03482,2026-05-19 22:12:00,2026-05-21 22:09:44.679862036,North,Login,OTP Issue,Medium,Email,Consumer,Agent_10,Resolved,48,47.96,Met,5.0
TKT03483,2026-06-30 14:19:00,2026-07-01 00:19:06.718746769,South,Account,Account Access,Medium,Email,Consumer,Agent_17,Closed,48,10.0,Met,4.0
TKT03484,2026-01-30 20:09:00,2026-01-31 07:47:27.103599420,East,Account,Profile Update,High,Email,Consumer,Agent_06,Resolved,24,11.64,Met,5.0
TKT03485,2026-02-26 21:16:00,2026-02-28 06:31:10.214315787,East,Refund,Refund Pending,Medium,Phone,Consumer,Agent_05,Resolved,48,33.25,Met,5.0
TKT03486,2026-08-20 00:12:00,2026-08-20 20:00:46.993108968,West,Login,OTP Issue,Medium,Phone,Consumer,Agent_10,Resolved,48,19.81,Met,4.0
TKT03487,2026-05-26 04:58:00,2026-05-30 15:15:14.860613450,South,Delivery,Damaged Item,Low,Phone,Consumer,Agent_17,Closed,72,106.29,Breached,4.0
TKT03488,2026-02-17 18:19:00,2026-02-17 21:47:48.050642258,South,Payment,Duplicate Charge,Critical,Phone,Business,Agent_16,Closed,12,3.48,Met,3.0
TKT03489,2026-07-13 17:54:00,2026-07-14 17:52:24.355103718,North,Login,Password Reset,Low,Phone,Business,Agent_17,Resolved,72,23.97,Met,5.0
TKT03490,2026-08-12 13:06:00,2026-08-14 09:23:04.048957122,West,Technical,App Error,Medium,Chat,Consumer,Agent_18,Resolved,48,44.28,Met,3.0
TKT03491,2026-05-16 02:28:00,2026-05-16 08:22:53.564961931,North,Login,OTP Issue,High,Web,Consumer,Agent_20,Closed,24,5.91,Met,4.0
TKT03492,2026-01-22 02:01:00,2026-01-23 03:31:50.258393733,West,Delivery,Damaged Item,Low,Email,Consumer,Agent_09,Resolved,72,25.51,Met,5.0
TKT03493,2026-01-06 20:34:00,2026-01-08 19:51:05.158884638,West,Technical,System Issue,Medium,Phone,Consumer,Agent_11,Resolved,48,47.28,Met,3.0
TKT03494,2026-07-23 21:43:00,2026-08-01 06:21:37.208365843,South,Payment,Payment Failed,Low,Chat,Consumer,Agent_02,Resolved,72,200.64,Breached,1.0
TKT03495,2026-08-27 08:57:00,2026-08-30 00:30:35.935542565,South,Payment,Duplicate Charge,High,Email,Business,Agent_14,Resolved,24,63.56,Breached,2.0
TKT03496,2026-07-04 19:39:00,2026-07-05 19:48:15.373053748,East,Payment,Payment Failed,Medium,Web,Consumer,Agent_15,Resolved,48,24.15,Met,5.0
TKT03497,2026-08-08 21:01:00,2026-08-10 18:26:49.189086706,East,Payment,Duplicate Charge,High,Chat,Business,Agent_01,Resolved,24,45.43,Breached,1.0
TKT03498,2026-04-26 06:15:00,2026-04-27 10:20:19.172146797,East,Payment,Payment Failed,High,Phone,Consumer,Agent_01,Resolved,24,28.09,Breached,2.0
TKT03499,2026-02-18 01:21:00,,South,Technical,Website Error,Medium,Chat,Consumer,Agent_09,Pending,48,,Pending,3.0
TKT03500,2026-06-22 08:11:00,2026-06-22 14:38:10.436549180,North,Technical,App Error,High,Chat,Consumer,Agent_12,Resolved,24,6.45,Met,4.0
TKT03501,2026-03-23 05:55:00,2026-03-25 00:59:03.208320120,West,Refund,Refund Request,Medium,Web,Consumer,Agent_17,Resolved,48,43.07,Met,3.0
TKT03502,2026-02-14 15:24:00,2026-02-17 04:07:03.950878839,West,Technical,App Error,Medium,Chat,Consumer,Agent_15,Resolved,48,60.72,Breached,3.0
TKT03503,2026-01-20 21:36:00,2026-01-21 11:29:47.019180260,East,Payment,Payment Failed,Medium,Email,Consumer,Agent_04,Resolved,48,13.9,Met,5.0
TKT03504,2026-08-09 17:47:00,2026-08-10 02:41:07.989513544,West,Login,OTP Issue,Critical,Chat,Consumer,Agent_05,Closed,12,8.9,Met,4.0
TKT03505,2026-05-03 16:44:00,2026-05-05 17:50:01.531976551,West,Account,Account Verification,Medium,Email,Consumer,Agent_14,Closed,48,49.1,Breached,3.0
TKT03506,2026-08-22 02:02:00,2026-08-23 17:02:36.287926347,South,Delivery,Damaged Item,Medium,Phone,Consumer,Agent_06,Closed,48,39.01,Met,4.0
TKT03507,2026-08-09 22:52:00,2026-08-10 18:29:35.512531078,South,Technical,App Error,Medium,Phone,Consumer,Agent_06,Closed,48,19.63,Met,5.0
TKT03508,2026-01-03 11:47:00,2026-01-06 01:34:46.899054315,West,Login,OTP Issue,Medium,Email,Business,Agent_19,Closed,48,61.8,Breached,1.0
TKT03509,2026-07-01 05:29:00,2026-07-02 17:45:10.811296689,North,Delivery,Damaged Item,Low,Phone,Business,Agent_01,Resolved,72,36.27,Met,4.0
TKT03510,2026-07-25 23:52:00,2026-07-26 23:05:02.722350792,East,Delivery,Wrong Item,Medium,Web,Consumer,Agent_09,Resolved,48,23.22,Met,3.0
TKT03511,2026-02-09 16:30:00,2026-02-11 07:29:54.935609654,West,Delivery,Wrong Item,Medium,Web,Business,Agent_01,Resolved,48,39.0,Met,5.0
TKT03512,2026-02-28 05:22:00,2026-03-01 22:34:29.472649833,West,Refund,Refund Failed,Medium,Web,Consumer,Agent_04,Resolved,48,41.21,Met,4.0
TKT03513,2026-03-03 18:54:00,2026-03-04 22:03:33.969335976,East,Refund,Refund Failed,Medium,Web,Business,Agent_16,Resolved,48,27.16,Met,5.0
TKT03514,2026-05-12 12:49:00,2026-05-13 08:03:34.119769300,South,Delivery,Late Delivery,Medium,Email,Consumer,Agent_05,Resolved,48,19.24,Met,5.0
TKT03515,2026-03-01 18:32:00,2026-03-02 19:47:24.539602896,East,Login,OTP Issue,High,Web,Consumer,Agent_16,Resolved,24,25.26,Breached,4.0
TKT03516,2026-05-02 07:12:00,2026-05-03 02:25:06.686533095,North,Delivery,Wrong Item,Critical,Email,Consumer,Agent_14,Resolved,12,19.22,Breached,1.0
TKT03517,2026-04-17 11:49:00,2026-04-20 11:54:50.268777385,West,Account,Profile Update,Medium,Chat,Consumer,Agent_09,Resolved,48,72.1,Breached,3.0
TKT03518,2026-04-06 13:13:00,2026-04-07 05:38:37.344536860,West,Payment,Card Declined,Low,Email,Business,Agent_14,Resolved,72,16.43,Met,4.0
TKT03519,2026-08-23 11:51:00,2026-08-23 16:52:23.096445128,West,Refund,Refund Failed,Critical,Phone,Consumer,Agent_16,Closed,12,5.02,Met,4.0
TKT03520,2026-03-03 18:42:00,2026-03-04 07:57:14.609844622,East,Payment,Card Declined,High,Web,Consumer,Agent_06,Resolved,24,13.25,Met,4.0
TKT03521,2026-09-13 08:58:00,,North,Login,Password Reset,Medium,Email,Consumer,Agent_17,Pending,48,,Pending,2.0
TKT03522,2026-02-18 10:00:00,2026-02-19 16:25:39.828063464,West,Refund,Refund Pending,Low,Email,Business,Agent_01,Closed,72,30.43,Met,5.0
TKT03523,2026-06-08 19:29:00,2026-06-10 22:33:05.458601560,South,Technical,App Error,Low,Email,Business,Agent_18,Resolved,72,51.07,Met,5.0
TKT03524,2026-05-04 04:16:00,2026-05-05 14:14:38.912063210,North,Login,OTP Issue,Low,Chat,Consumer,Agent_11,Resolved,72,33.98,Met,4.0
TKT03525,2026-07-26 20:12:00,2026-07-29 11:37:31.880469061,North,Payment,Duplicate Charge,Low,Email,Consumer,Agent_11,Resolved,72,63.43,Met,4.0
TKT03526,2026-02-17 21:03:00,2026-02-18 05:39:14.113689973,North,Technical,System Issue,Critical,Web,Consumer,Agent_12,Closed,12,8.6,Met,5.0
TKT03527,2026-05-16 14:30:00,2026-05-17 15:27:12.979922918,North,Payment,Payment Failed,Medium,Phone,Business,Agent_02,Resolved,48,24.95,Met,4.0
TKT03528,2026-07-20 14:58:00,2026-07-21 16:48:01.027881027,South,Technical,System Issue,High,Chat,Consumer,Agent_16,Resolved,24,25.83,Breached,4.0
TKT03529,2026-09-07 13:28:00,2026-09-08 01:23:08.470360171,North,Technical,App Error,High,Phone,Business,Agent_10,Resolved,24,11.92,Met,5.0
TKT03530,2026-07-28 11:16:00,2026-07-28 23:56:54.075522244,South,Refund,Refund Request,High,Chat,Consumer,Agent_14,Resolved,24,12.68,Met,4.0
TKT03531,2026-07-30 04:30:00,2026-07-30 15:33:34.753131118,East,Refund,Refund Failed,High,Chat,Consumer,Agent_07,Closed,24,11.06,Met,5.0
TKT03532,2026-07-11 09:09:00,2026-07-12 06:01:43.207560134,East,Payment,Duplicate Charge,Critical,Web,Consumer,Agent_08,Resolved,12,20.88,Breached,3.0
TKT03533,2026-02-13 18:57:00,2026-02-15 11:29:55.088026018,East,Delivery,Wrong Item,Medium,Phone,Business,Agent_10,Resolved,48,40.55,Met,5.0
TKT03534,2026-01-29 22:42:00,2026-01-31 00:15:19.291020217,East,Payment,Duplicate Charge,Critical,Phone,Consumer,Agent_10,Resolved,12,25.56,Breached,1.0
TKT03535,2026-02-28 09:27:00,2026-02-28 14:03:27.882977752,South,Payment,Card Declined,High,Chat,Business,Agent_10,Resolved,24,4.61,Met,5.0
TKT03536,2026-03-12 16:25:00,2026-03-13 01:26:14.428844461,West,Payment,Card Declined,Low,Web,Business,Agent_14,Resolved,72,9.02,Met,3.0
TKT03537,2026-04-02 05:58:00,2026-04-02 14:49:53.343134863,South,Refund,Refund Pending,High,Web,Consumer,Agent_19,Resolved,24,8.86,Met,5.0
TKT03538,2026-09-22 22:37:00,2026-09-24 04:09:39.414357283,East,Refund,Refund Request,High,Chat,Consumer,Agent_09,Resolved,24,29.54,Breached,2.0
TKT03539,2026-08-08 19:52:00,2026-08-09 06:30:56.938901305,West,Payment,Duplicate Charge,Critical,Phone,Consumer,Agent_17,Resolved,12,10.65,Met,4.0
TKT03540,2026-08-03 22:42:00,2026-08-06 14:35:50.978583344,West,Payment,Duplicate Charge,Medium,Chat,Business,Agent_19,Resolved,48,63.9,Breached,3.0
TKT03541,2026-03-05 13:17:00,2026-03-07 16:13:15.496496257,West,Technical,App Error,Medium,Chat,Consumer,Agent_02,Closed,48,50.94,Breached,2.0
TKT03542,2026-09-02 21:24:00,2026-09-03 20:56:32.570286194,West,Login,Account Locked,Low,Chat,Consumer,Agent_15,Resolved,72,23.54,Met,4.0
TKT03543,2026-03-03 14:46:00,2026-03-04 16:42:23.725398670,North,Login,Account Locked,Medium,Web,Consumer,Agent_06,Resolved,48,25.94,Met,3.0
TKT03544,2026-06-19 20:22:00,2026-06-25 19:20:15.582110311,East,Technical,Website Error,Low,Chat,Business,Agent_16,Resolved,72,142.97,Breached,2.0
TKT03545,2026-09-26 03:30:00,2026-09-27 04:03:38.413120406,East,Account,Profile Update,Medium,Chat,Consumer,Agent_17,Resolved,48,24.56,Met,4.0
TKT03546,2026-09-24 04:46:00,2026-09-25 06:06:52.406037585,East,Technical,System Issue,High,Email,Business,Agent_10,Resolved,24,25.35,Breached,2.0
TKT03547,2026-02-23 12:22:00,2026-02-24 04:59:05.866883616,South,Refund,Refund Failed,Low,Web,Consumer,Agent_12,Resolved,72,16.62,Met,4.0
TKT03548,2026-01-16 17:26:00,2026-01-18 03:28:52.008274010,East,Delivery,Wrong Item,Medium,Web,Consumer,Agent_12,Resolved,48,34.05,Met,3.0
TKT03549,2026-01-08 18:52:00,2026-01-12 03:15:29.151978320,East,Login,OTP Issue,Low,Email,Consumer,Agent_19,Closed,72,80.39,Breached,2.0
TKT03550,2026-04-14 04:55:00,2026-04-15 04:37:35.875468357,East,Account,Profile Update,Low,Chat,Consumer,Agent_06,Resolved,72,23.71,Met,4.0
TKT03551,2026-02-28 00:05:00,2026-03-01 02:31:37.738363898,South,Account,Account Verification,Medium,Web,Consumer,Agent_02,Resolved,48,26.44,Met,5.0
TKT03552,2026-02-09 09:09:00,2026-02-13 10:26:49.662060597,East,Technical,App Error,Low,Email,Consumer,Agent_18,Resolved,72,97.3,Breached,2.0
TKT03553,2026-08-25 11:20:00,2026-08-29 08:33:42.223808060,East,Technical,Website Error,Medium,Chat,Consumer,Agent_07,Resolved,48,93.23,Breached,3.0
TKT03554,2026-04-04 13:14:00,2026-04-07 21:51:56.522218879,North,Refund,Refund Request,Low,Web,Consumer,Agent_05,Resolved,72,80.63,Breached,1.0
TKT03555,2026-08-10 03:22:00,2026-08-12 12:10:19.226611980,East,Payment,Card Declined,Low,Web,Business,Agent_08,Resolved,72,56.81,Met,5.0
TKT03556,2026-07-23 05:24:00,2026-07-25 09:47:04.550623036,West,Payment,Card Declined,Medium,Chat,Consumer,Agent_12,Resolved,48,52.38,Breached,3.0
TKT03557,2026-05-18 13:44:00,2026-05-19 06:21:25.181860101,South,Login,Account Locked,Medium,Chat,Business,Agent_01,Resolved,48,16.62,Met,3.0
TKT03558,2026-07-26 04:03:00,2026-07-26 23:45:29.933340109,West,Account,Account Verification,Low,Email,Consumer,Agent_15,Resolved,72,19.71,Met,4.0
TKT03559,2026-03-22 05:26:00,2026-03-23 19:26:18.151761391,North,Account,Profile Update,Medium,Chat,Consumer,Agent_13,Resolved,48,38.01,Met,5.0
TKT03560,2026-08-06 16:26:00,2026-08-07 00:41:25.110967201,East,Refund,Refund Pending,High,Email,Consumer,Agent_10,Closed,24,8.26,Met,4.0
TKT03561,2026-01-02 17:50:00,2026-01-03 22:40:08.586040293,South,Login,Password Reset,High,Chat,Consumer,Agent_18,Resolved,24,28.84,Breached,2.0
TKT03562,2026-06-27 12:40:00,2026-07-01 07:16:55.350618544,North,Payment,Card Declined,Low,Web,Business,Agent_18,Resolved,72,90.62,Breached,3.0
TKT03563,2026-05-26 17:16:00,2026-05-29 02:00:54.353495425,South,Delivery,Late Delivery,Medium,Email,Consumer,Agent_07,Resolved,48,56.75,Breached,2.0
TKT03564,2026-08-12 15:06:00,2026-08-13 12:40:33.102865145,West,Account,Account Access,High,Email,Consumer,Agent_15,Resolved,24,21.58,Met,4.0
TKT03565,2026-03-03 23:23:00,2026-03-06 00:52:41.835263265,North,Payment,Card Declined,Low,Phone,Consumer,Agent_05,Closed,72,49.49,Met,5.0
TKT03566,2026-08-27 06:04:00,2026-08-28 13:34:13.482100296,South,Payment,Card Declined,High,Web,Consumer,Agent_05,Resolved,24,31.5,Breached,3.0
TKT03567,2026-07-14 22:45:00,2026-07-15 09:18:23.746572921,West,Payment,Duplicate Charge,Critical,Chat,Consumer,Agent_01,Resolved,12,10.56,Met,4.0
TKT03568,2026-06-15 20:44:00,2026-06-16 08:48:12.768953847,North,Delivery,Wrong Item,High,Email,Consumer,Agent_06,Resolved,24,12.07,Met,4.0
TKT03569,2026-08-10 01:12:00,2026-08-10 07:59:07.382793678,East,Refund,Refund Pending,High,Phone,Consumer,Agent_16,Resolved,24,6.79,Met,5.0
TKT03570,2026-03-02 17:49:00,2026-03-03 20:52:47.177754026,East,Delivery,Damaged Item,High,Chat,Consumer,Agent_08,Resolved,24,27.06,Breached,2.0
TKT03571,2026-05-09 04:33:00,2026-05-10 06:02:35.283975424,West,Refund,Refund Request,Medium,Web,Consumer,Agent_04,Resolved,48,25.49,Met,5.0
TKT03572,2026-06-22 03:27:00,2026-06-23 04:36:22.142596885,East,Payment,Payment Failed,High,Email,Consumer,Agent_13,Resolved,24,25.16,Breached,2.0
TKT03573,2026-06-05 02:03:00,2026-06-05 22:32:41.127709776,East,Refund,Refund Pending,High,Phone,Business,Agent_19,Resolved,24,20.49,Met,4.0
TKT03574,2026-04-20 17:13:00,,North,Account,Profile Update,High,Phone,Consumer,Agent_10,Pending,24,,Pending,2.0
TKT03575,2026-09-26 22:32:00,2026-09-27 22:09:29.948366276,North,Technical,Website Error,Medium,Phone,Consumer,Agent_17,Resolved,48,23.62,Met,5.0
TKT03576,2026-03-15 20:10:00,2026-03-18 10:50:28.055732023,North,Refund,Refund Request,Medium,Email,Consumer,Agent_20,Resolved,48,62.67,Breached,3.0
TKT03577,2026-07-26 09:02:00,2026-07-27 08:41:42.335467318,North,Technical,System Issue,High,Web,Consumer,Agent_18,Resolved,24,23.66,Met,5.0
TKT03578,2026-07-23 00:59:00,2026-07-23 09:00:42.680802468,North,Refund,Refund Request,Low,Chat,Business,Agent_05,Closed,72,8.03,Met,5.0
TKT03579,2026-06-10 14:58:00,2026-06-11 22:11:23.356152728,North,Refund,Refund Failed,High,Chat,Consumer,Agent_12,Resolved,24,31.22,Breached,1.0
TKT03580,2026-01-28 14:45:00,2026-01-29 03:04:23.813770310,East,Account,Account Verification,Critical,Phone,Consumer,Agent_01,Closed,12,12.32,Breached,3.0
TKT03581,2026-09-14 13:01:00,2026-09-15 15:57:11.483970831,North,Login,Account Locked,High,Chat,Consumer,Agent_01,Resolved,24,26.94,Breached,2.0
TKT03582,2026-06-14 07:21:00,2026-06-15 14:58:10.271667100,South,Payment,Card Declined,Critical,Web,Consumer,Agent_03,Resolved,12,31.62,Breached,3.0
TKT03583,2026-03-04 20:40:00,2026-03-05 08:55:21.179621782,South,Login,Password Reset,High,Phone,Consumer,Agent_07,Closed,24,12.26,Met,5.0
TKT03584,2026-01-22 15:10:00,2026-01-23 06:53:50.691910335,West,Technical,System Issue,Low,Web,Consumer,Agent_11,Closed,72,15.73,Met,3.0
TKT03585,2026-03-11 17:05:00,2026-03-12 12:57:59.446050679,South,Account,Profile Update,High,Web,Business,Agent_20,Resolved,24,19.88,Met,5.0
TKT03586,2026-04-06 13:51:00,2026-04-07 20:20:25.649091070,North,Account,Account Access,Medium,Email,Consumer,Agent_15,Resolved,48,30.49,Met,5.0
TKT03587,2026-06-12 16:47:00,2026-06-14 09:50:36.914944881,East,Refund,Refund Request,Medium,Email,Consumer,Agent_03,Resolved,48,41.06,Met,4.0
TKT03588,2026-03-20 22:59:00,2026-03-24 03:41:41.699767892,South,Payment,Card Declined,Medium,Chat,Consumer,Agent_08,Resolved,48,76.71,Breached,3.0
TKT03589,2026-01-05 10:25:00,2026-01-06 06:49:56.986238379,North,Account,Profile Update,Medium,Phone,Consumer,Agent_03,Closed,48,20.42,Met,5.0
TKT03590,2026-04-30 19:48:00,2026-05-01 21:26:34.616535187,North,Refund,Refund Failed,Medium,Email,Business,Agent_13,Resolved,48,25.64,Met,5.0
TKT03591,2026-06-27 16:37:00,2026-06-29 05:53:42.759181484,East,Account,Profile Update,Medium,Chat,Business,Agent_02,Resolved,48,37.28,Met,3.0
TKT03592,2026-06-25 12:13:00,2026-06-26 12:25:18.704876698,North,Payment,Card Declined,Medium,Phone,Consumer,Agent_03,Resolved,48,24.21,Met,4.0
TKT03593,2026-08-05 01:30:00,2026-08-05 20:35:10.904606394,North,Payment,Card Declined,High,Web,Consumer,Agent_19,Resolved,24,19.09,Met,5.0
TKT03594,2026-02-25 02:46:00,2026-02-26 03:03:56.103604674,South,Payment,Card Declined,Medium,Web,Consumer,Agent_15,Resolved,48,24.3,Met,5.0
TKT03595,2026-07-06 15:58:00,2026-07-07 12:54:34.156144417,South,Delivery,Damaged Item,Low,Email,Consumer,Agent_15,Resolved,72,20.94,Met,5.0
TKT03596,2026-08-20 03:26:00,2026-08-21 06:10:50.942307789,West,Delivery,Late Delivery,High,Web,Consumer,Agent_20,Resolved,24,26.75,Breached,2.0
TKT03597,2026-09-12 21:45:00,2026-09-13 23:18:28.499145984,West,Refund,Refund Request,High,Chat,Consumer,Agent_07,Closed,24,25.56,Breached,1.0
TKT03598,2026-04-14 18:08:00,2026-04-15 17:25:02.644876399,South,Technical,System Issue,Critical,Phone,Business,Agent_03,Resolved,12,23.28,Breached,4.0
TKT03599,2026-03-18 08:35:00,2026-03-19 19:39:54.219455115,South,Technical,Website Error,Low,Phone,Business,Agent_17,Resolved,72,35.08,Met,3.0
TKT03600,2026-08-18 19:40:00,2026-08-20 09:10:17.705046571,West,Delivery,Damaged Item,High,Email,Consumer,Agent_02,Resolved,24,37.5,Breached,4.0
TKT03601,2026-09-15 12:26:00,2026-09-17 09:52:55.371329984,West,Account,Profile Update,Medium,Chat,Business,Agent_16,Resolved,48,45.45,Met,3.0
TKT03602,2026-09-21 05:05:00,2026-09-23 11:48:54.090721318,South,Refund,Refund Failed,Medium,Chat,Business,Agent_11,Resolved,48,54.73,Breached,1.0
TKT03603,2026-07-01 06:34:00,,North,Account,Account Verification,Low,Phone,Business,Agent_09,Pending,72,,Pending,2.0
TKT03604,2026-09-13 18:17:00,2026-09-15 17:53:41.562192243,North,Login,OTP Issue,Medium,Email,Business,Agent_11,Closed,48,47.61,Met,4.0
TKT03605,2026-02-07 03:06:00,2026-02-07 23:58:06.987878778,East,Delivery,Damaged Item,Low,Email,Consumer,Agent_05,Closed,72,20.87,Met,5.0
TKT03606,2026-06-25 22:40:00,2026-06-28 08:52:49.597845368,South,Account,Account Access,Medium,Web,Consumer,Agent_13,Resolved,48,58.21,Breached,4.0
TKT03607,2026-01-27 10:22:00,2026-01-29 01:57:17.980845939,South,Login,Account Locked,Medium,Chat,Consumer,Agent_19,Closed,48,39.59,Met,4.0
TKT03608,2026-05-20 12:09:00,2026-05-20 20:35:38.244755659,South,Payment,Payment Failed,High,Web,Business,Agent_13,Resolved,24,8.44,Met,3.0
TKT03609,2026-04-01 03:59:00,2026-04-02 14:41:14.607578908,South,Payment,Duplicate Charge,High,Web,Consumer,Agent_02,Resolved,24,34.7,Breached,3.0
TKT03610,2026-03-02 08:52:00,2026-03-03 11:19:50.081720443,South,Payment,Duplicate Charge,Medium,Phone,Consumer,Agent_02,Resolved,48,26.46,Met,5.0
TKT03611,2026-06-12 02:20:00,2026-06-16 11:17:26.007974877,West,Delivery,Wrong Item,Medium,Chat,Consumer,Agent_08,Resolved,48,104.96,Breached,2.0
TKT03612,2026-05-23 21:28:00,2026-05-25 02:56:36.315430028,,Payment,Payment Failed,Medium,Chat,Consumer,Agent_05,Resolved,48,29.48,Met,4.0
TKT03613,2026-09-10 02:18:00,2026-09-10 08:54:58.180900629,North,Technical,App Error,Critical,Phone,Consumer,Agent_11,Resolved,12,6.62,Met,4.0
TKT03614,2026-09-26 07:38:00,2026-09-28 03:13:02.427409291,North,Technical,Website Error,Medium,Email,Consumer,Agent_02,Resolved,48,43.58,Met,5.0
TKT03615,2026-07-06 01:09:00,2026-07-07 16:42:22.629936754,South,Login,OTP Issue,Medium,Web,Consumer,Agent_06,Resolved,48,39.56,Met,4.0
TKT03616,2026-03-27 06:24:00,2026-03-29 10:14:57.738458976,West,Technical,Website Error,Low,Web,Business,Agent_12,Resolved,72,51.85,Met,5.0
TKT03617,2026-06-15 10:29:00,,North,Delivery,Late Delivery,Medium,Web,Consumer,Agent_06,Pending,48,,Pending,2.0
TKT03618,2026-04-24 03:17:00,2026-04-27 14:15:10.003582689,South,Payment,Card Declined,Medium,Web,Consumer,Agent_16,Closed,48,82.97,Breached,3.0
TKT03619,2026-07-02 03:24:00,2026-07-03 10:11:42.998597505,East,Payment,Card Declined,Low,Chat,Consumer,Agent_19,Resolved,72,30.8,Met,4.0
TKT03620,2026-07-26 09:27:00,2026-07-27 11:48:11.419361956,South,Login,OTP Issue,High,Phone,Consumer,Agent_18,Resolved,24,26.35,Breached,2.0
TKT03621,2026-09-13 16:21:00,2026-09-14 23:25:39.081920606,East,Technical,App Error,High,Email,Consumer,Agent_09,Resolved,24,31.08,Breached,2.0
TKT03622,2026-08-23 13:24:00,2026-08-24 09:06:30.499494271,East,Technical,Website Error,High,Phone,Consumer,Agent_17,Resolved,24,19.71,Met,5.0
TKT03623,2026-01-03 14:18:00,,South,Payment,Duplicate Charge,Low,Phone,Consumer,Agent_20,Pending,72,,Pending,2.0
TKT03624,2026-07-27 14:41:00,2026-07-29 17:16:23.152670354,South,Refund,Refund Pending,Medium,Web,Consumer,Agent_17,Resolved,48,50.59,Breached,4.0
TKT03625,2026-07-16 16:13:00,2026-07-17 06:34:51.670420146,South,Delivery,Damaged Item,Critical,Web,Consumer,Agent_03,Closed,12,14.36,Breached,3.0
TKT03626,2026-05-05 10:39:00,2026-05-05 20:28:25.502201752,South,Payment,Payment Failed,High,Web,Business,Agent_15,Resolved,24,9.82,Met,4.0
TKT03627,2026-05-18 05:24:00,2026-05-19 14:54:00.463787564,North,Payment,Duplicate Charge,Medium,Phone,Consumer,Agent_10,Resolved,48,33.5,Met,5.0
TKT03628,2026-01-25 07:21:00,,North,Refund,Refund Pending,Low,Email,Consumer,Agent_19,Pending,72,,Pending,3.0
TKT03629,2026-03-09 13:23:00,2026-03-11 17:00:10.363673881,East,Delivery,Late Delivery,Medium,Email,Consumer,Agent_05,Resolved,48,51.62,Breached,3.0
TKT03630,2026-03-02 04:47:00,2026-03-04 22:32:32.941720796,South,Technical,Website Error,Medium,Email,Consumer,Agent_13,Resolved,48,65.76,Breached,4.0
TKT03631,2026-01-29 03:45:00,2026-01-30 14:54:19.838490890,North,Delivery,Late Delivery,High,Chat,Consumer,Agent_04,Closed,24,35.16,Breached,3.0
TKT03632,2026-01-19 18:07:00,2026-01-20 01:53:41.919931948,North,Account,Account Access,Critical,Chat,Consumer,Agent_14,Resolved,12,7.78,Met,4.0
TKT03633,2026-06-20 16:06:00,2026-06-22 06:55:31.230700863,West,Account,Account Access,Medium,Web,Consumer,Agent_20,Resolved,48,38.83,Met,5.0
TKT03634,2026-03-15 15:37:00,2026-03-17 10:51:59.896802328,West,Login,Password Reset,Low,Email,Consumer,Agent_07,Resolved,72,43.25,Met,5.0
TKT03635,2026-03-02 09:19:00,2026-03-02 23:58:06.029045769,North,Login,Password Reset,High,Chat,Consumer,Agent_06,Closed,24,14.65,Met,5.0
TKT03636,2026-06-02 11:53:00,2026-06-03 13:08:16.187769831,East,Payment,Payment Failed,Low,Phone,Business,Agent_11,Resolved,72,25.25,Met,4.0
TKT03637,2026-02-17 08:17:00,2026-02-17 16:13:08.668263681,North,Refund,Refund Request,Critical,Phone,Business,Agent_11,Closed,12,7.94,Met,5.0
TKT03638,2026-07-30 14:08:00,2026-07-31 10:32:08.853448014,South,Delivery,Late Delivery,High,Web,Consumer,Agent_18,Resolved,24,20.4,Met,4.0
TKT03639,2026-05-19 15:25:00,2026-05-19 17:42:45.779688783,North,Payment,Duplicate Charge,Critical,Phone,Consumer,Agent_07,Resolved,12,2.3,Met,5.0
TKT03640,2026-04-20 00:59:00,2026-04-21 09:32:04.601142104,West,Refund,Refund Failed,Low,Chat,Consumer,Agent_19,Resolved,72,32.55,Met,4.0
TKT03641,2026-07-02 23:40:00,2026-07-04 04:35:24.637037365,West,Refund,Refund Request,Low,Email,Consumer,Agent_03,Resolved,72,28.92,Met,5.0
TKT03642,2026-01-28 04:16:00,2026-01-30 02:42:19.040395966,South,Refund,Refund Failed,Medium,Chat,Consumer,Agent_09,Resolved,48,46.44,Met,4.0
TKT03643,2026-07-16 09:36:00,2026-07-17 02:54:40.184258616,North,Refund,Refund Request,Medium,Chat,Consumer,Agent_14,Closed,48,17.31,Met,5.0
TKT03644,2026-07-10 03:58:00,2026-07-12 10:33:37.330050951,South,Refund,Refund Failed,Medium,Web,Business,Agent_17,Resolved,48,54.59,Breached,1.0
TKT03645,2026-02-20 00:37:00,2026-02-20 17:00:10.395716190,East,Technical,App Error,Critical,Email,Business,Agent_03,Closed,12,16.39,Breached,3.0
TKT03646,2026-05-29 00:24:00,2026-05-31 05:48:43.974933145,West,Account,Profile Update,High,Phone,Business,Agent_06,Resolved,24,53.41,Breached,2.0
TKT03647,2026-09-25 06:49:00,2026-09-27 13:39:20.366031840,North,Account,Account Verification,High,Email,Consumer,Agent_11,Resolved,24,54.84,Breached,3.0
TKT03648,2026-02-19 07:40:00,2026-02-22 18:30:22.564200706,North,Technical,System Issue,Low,Phone,Consumer,Agent_13,Resolved,72,82.84,Breached,2.0
TKT03649,2026-09-03 16:27:00,2026-09-04 23:03:58.796939743,East,Payment,Duplicate Charge,High,Web,Business,Agent_14,Resolved,24,30.62,Breached,1.0
TKT03650,2026-04-23 05:56:00,2026-04-24 03:15:26.513133168,East,Refund,Refund Request,High,Email,Consumer,Agent_03,Resolved,24,21.32,Met,4.0
TKT03651,2026-06-19 06:22:00,2026-06-21 01:42:44.982708104,West,Technical,App Error,Medium,Chat,Consumer,Agent_09,Resolved,48,43.35,Met,5.0
TKT03652,2026-06-15 19:41:00,2026-06-16 04:26:27.003351009,East,Refund,Refund Pending,Critical,Email,Consumer,Agent_06,Closed,12,8.76,Met,5.0
TKT03653,2026-01-14 09:28:00,2026-01-17 18:46:52.962468076,West,Payment,Duplicate Charge,Low,Web,Consumer,Agent_11,Resolved,72,81.31,Breached,2.0
TKT03654,2026-07-22 17:51:00,2026-07-24 01:30:32.153120510,West,Payment,Card Declined,Medium,Email,Consumer,Agent_08,Resolved,48,31.66,Met,5.0
TKT03655,2026-07-08 22:31:00,2026-07-09 21:54:34.525266727,South,Login,Password Reset,Low,Phone,Consumer,Agent_20,Closed,72,23.39,Met,5.0
TKT03656,2026-06-04 07:12:00,2026-06-05 16:47:10.558023007,South,Technical,App Error,High,Email,Consumer,Agent_08,Closed,24,33.59,Breached,2.0
TKT03657,2026-02-24 00:55:00,2026-02-26 00:12:06.097298974,West,Delivery,Wrong Item,Medium,Email,Consumer,Agent_15,Closed,48,47.29,Met,5.0
TKT03658,2026-07-01 09:36:00,2026-07-05 03:22:33.692176758,North,Login,OTP Issue,Medium,Web,Consumer,Agent_15,Closed,48,89.78,Breached,2.0
TKT03659,2026-07-29 04:27:00,2026-07-30 15:51:18.522699379,South,Payment,Card Declined,Low,Email,Consumer,Agent_08,Resolved,72,35.41,Met,3.0
TKT03660,2026-03-16 01:08:00,2026-03-17 13:57:37.732104656,North,Payment,Card Declined,Low,Email,Consumer,Agent_13,Closed,72,36.83,Met,5.0
TKT03661,2026-05-13 15:01:00,2026-05-14 17:49:39.058265221,East,Technical,App Error,Low,Chat,Consumer,Agent_15,Resolved,72,26.81,Met,4.0
TKT03662,2026-02-28 13:12:00,,North,Payment,Duplicate Charge,Medium,Email,Consumer,Agent_16,Pending,48,,Pending,3.0
TKT03663,2026-07-01 04:16:00,2026-07-06 05:26:50.933981859,East,Account,Account Verification,Low,Email,Business,Agent_02,Resolved,72,121.18,Breached,3.0
TKT03664,2026-03-05 11:11:00,2026-03-06 02:34:59.552070936,West,Technical,System Issue,Medium,Web,Business,Agent_03,Closed,48,15.4,Met,5.0
TKT03665,2026-09-17 08:09:00,2026-09-17 17:27:59.822504877,West,Payment,Card Declined,High,Phone,Consumer,Agent_16,Resolved,24,9.32,Met,3.0
TKT03666,2026-07-12 12:25:00,2026-07-14 04:07:54.418153496,West,Login,Password Reset,Medium,Email,Consumer,Agent_10,Resolved,48,39.72,Met,4.0
TKT03667,2026-05-23 00:48:00,2026-05-23 20:44:05.780881456,East,Payment,Duplicate Charge,High,Chat,Consumer,Agent_20,Resolved,24,19.93,Met,5.0
TKT03668,2026-04-14 05:15:00,2026-04-16 11:12:25.506867139,North,Payment,Card Declined,Low,Web,Consumer,Agent_01,Closed,72,53.96,Met,5.0
TKT03669,2026-08-02 06:52:00,2026-08-03 01:56:30.116918773,South,Technical,Website Error,Medium,Phone,Consumer,Agent_05,Resolved,48,19.08,Met,5.0
TKT03670,2026-08-30 07:13:00,,South,Account,Account Verification,Medium,Web,Consumer,Agent_03,Pending,48,,Pending,2.0
TKT03671,2026-07-28 17:05:00,2026-07-30 12:39:13.650478359,North,Refund,Refund Pending,Low,Phone,Consumer,Agent_07,Resolved,72,43.57,Met,5.0
TKT03672,2026-04-03 19:28:00,2026-04-05 00:22:41.331655821,South,Account,Account Verification,Low,Email,Business,Agent_18,Resolved,72,28.91,Met,3.0
TKT03673,2026-05-22 23:09:00,2026-05-23 11:20:52.306113386,East,Technical,App Error,High,Phone,Consumer,Agent_14,Resolved,24,12.2,Met,5.0
TKT03674,2026-04-22 06:59:00,2026-04-23 05:43:44.496791962,East,Technical,App Error,Critical,Phone,Consumer,Agent_14,Resolved,12,22.75,Breached,1.0
TKT03675,2026-02-28 14:03:00,2026-03-01 21:04:19.518005233,South,Login,Password Reset,Low,Email,Consumer,Agent_14,Resolved,72,31.02,Met,5.0
TKT03676,2026-02-12 15:15:00,2026-02-13 07:58:09.675353942,South,Delivery,Wrong Item,Medium,Chat,Consumer,Agent_01,Resolved,48,16.72,Met,4.0
TKT03677,2026-07-26 07:13:00,2026-07-27 12:11:33.914159785,East,Refund,Refund Request,Critical,Chat,Consumer,Agent_18,Resolved,12,28.98,Breached,3.0
TKT03678,2026-09-25 10:42:00,2026-09-29 19:12:08.818468192,North,Payment,Payment Failed,Low,Email,Consumer,Agent_03,Resolved,72,104.5,Breached,2.0
TKT03679,2026-04-28 00:56:00,2026-05-02 09:37:24.789966842,South,Payment,Payment Failed,Medium,Web,Consumer,Agent_13,Resolved,48,104.69,Breached,2.0
TKT03680,2026-01-20 16:03:00,2026-01-21 12:22:33.058827501,South,Delivery,Damaged Item,Critical,Web,Consumer,Agent_20,Closed,12,20.33,Breached,3.0
TKT03681,2026-08-10 16:16:00,2026-08-10 22:08:35.705947803,West,Account,Account Verification,Critical,Phone,Consumer,Agent_15,Resolved,12,5.88,Met,4.0
TKT03682,2026-06-15 20:01:00,2026-06-18 11:11:03.943367835,West,Account,Profile Update,Medium,Web,Consumer,Agent_20,Resolved,48,63.17,Breached,2.0
TKT03683,2026-05-11 21:56:00,2026-05-13 08:04:56.190476932,North,Delivery,Wrong Item,Low,Web,Consumer,Agent_18,Resolved,72,34.15,Met,3.0
TKT03684,2026-06-05 00:45:00,2026-06-06 22:26:40.697001949,East,Refund,Refund Pending,Low,Email,Consumer,Agent_03,Closed,72,45.69,Met,3.0
TKT03685,2026-07-03 19:53:00,2026-07-04 13:53:24.529298608,North,Login,Password Reset,High,Email,Consumer,Agent_19,Resolved,24,18.01,Met,4.0
TKT03686,2026-03-31 21:34:00,2026-04-02 16:58:41.853113042,North,Refund,Refund Failed,Critical,Phone,Consumer,Agent_15,Resolved,12,43.41,Breached,2.0
TKT03687,2026-04-04 06:56:00,2026-04-04 13:10:46.755196292,North,Refund,Refund Request,Medium,Web,Consumer,Agent_18,Resolved,48,6.25,Met,5.0
TKT03688,2026-01-13 14:07:00,,South,Account,Account Verification,High,Phone,Consumer,Agent_01,Pending,24,,Pending,3.0
TKT03689,2026-08-18 02:18:00,2026-08-19 15:13:23.898467812,East,Technical,Website Error,High,Email,Business,Agent_18,Resolved,24,36.92,Breached,1.0
TKT03690,2026-01-26 04:06:00,2026-01-26 16:58:47.001043135,East,Payment,Payment Failed,High,Web,Consumer,Agent_05,Resolved,24,12.88,Met,4.0
TKT03691,2026-03-16 19:31:00,2026-03-18 05:49:58.367605176,South,Login,Password Reset,High,Phone,Consumer,Agent_12,Resolved,24,34.32,Breached,3.0
TKT03692,2026-05-30 03:49:00,,North,Login,Password Reset,High,Phone,Consumer,Agent_19,Pending,24,,Pending,3.0
TKT03693,2026-05-28 13:11:00,2026-05-29 14:40:58.470809449,West,Refund,Refund Request,Medium,Chat,Consumer,Agent_20,Resolved,48,25.5,Met,4.0
TKT03694,2026-01-08 10:36:00,2026-01-12 06:13:35.200145794,South,Payment,Duplicate Charge,Low,Chat,Consumer,Agent_19,Resolved,72,91.63,Breached,2.0
TKT03695,2026-01-29 06:13:00,2026-01-31 01:23:08.287464842,North,Technical,Website Error,High,Web,Consumer,Agent_01,Resolved,24,43.17,Breached,2.0
TKT03696,2026-07-28 18:23:00,,North,Account,Account Access,Medium,Web,Consumer,Agent_03,Pending,48,,Pending,2.0
TKT03697,2026-05-08 12:17:00,2026-05-10 02:20:38.498516845,North,Payment,Payment Failed,Medium,Email,Consumer,Agent_01,Resolved,48,38.06,Met,5.0
TKT03698,2026-04-26 18:08:00,2026-04-28 00:48:42.981326886,North,Technical,App Error,High,Email,Consumer,Agent_17,Resolved,24,30.68,Breached,2.0
TKT03699,2026-05-24 01:27:00,2026-05-24 20:58:18.784155809,West,Technical,Website Error,High,Email,Business,Agent_09,Resolved,24,19.52,Met,5.0
TKT03700,2026-08-23 18:31:00,2026-08-24 08:08:37.912457211,West,Delivery,Wrong Item,Critical,Chat,Consumer,Agent_05,Resolved,12,13.63,Breached,3.0
TKT03701,2026-01-07 11:52:00,2026-01-12 03:38:25.309082175,South,Payment,Payment Failed,Low,Phone,Consumer,Agent_05,Resolved,72,111.77,Breached,3.0
TKT03702,2026-02-14 20:27:00,2026-02-15 12:49:03.143405622,North,Account,Account Verification,Medium,Email,Consumer,Agent_11,Resolved,48,16.37,Met,4.0
TKT03703,2026-08-27 23:25:00,2026-08-29 17:26:46.889481021,South,Login,Account Locked,Low,Chat,Consumer,Agent_17,Closed,72,42.03,Met,4.0
TKT03704,2026-06-04 10:00:00,2026-06-04 17:45:40.444314980,North,Refund,Refund Failed,Critical,Email,Consumer,Agent_16,Resolved,12,7.76,Met,4.0
TKT03705,2026-06-30 08:58:00,2026-07-01 08:37:57.533063968,West,Login,Password Reset,Low,Chat,Business,Agent_05,Resolved,72,23.67,Met,4.0
TKT03706,2026-08-03 03:33:00,2026-08-03 23:26:54.718346324,South,Technical,Website Error,High,Chat,Consumer,Agent_12,Closed,24,19.9,Met,5.0
TKT03707,2026-03-29 01:13:00,2026-03-29 16:33:05.096010080,East,Payment,Card Declined,High,Web,Consumer,Agent_14,Resolved,24,15.33,Met,3.0
TKT03708,2026-09-13 01:00:00,2026-09-13 17:45:54.375000544,South,Payment,Duplicate Charge,Medium,Phone,Business,Agent_10,Closed,48,16.77,Met,5.0
TKT03709,2026-03-14 11:37:00,2026-03-14 21:10:19.811525439,East,Login,OTP Issue,Critical,Chat,Consumer,Agent_13,Resolved,12,9.56,Met,5.0
TKT03710,2026-06-28 20:42:00,2026-06-29 21:06:21.441116023,South,Payment,Card Declined,High,Phone,Consumer,Agent_15,Closed,24,24.41,Breached,3.0
TKT03711,2026-07-31 00:11:00,2026-08-03 13:15:44.817120145,West,Technical,Website Error,Medium,Email,Consumer,Agent_06,Closed,48,85.08,Breached,2.0
TKT03712,2026-08-22 13:33:00,2026-08-24 02:26:00.632168692,East,Delivery,Wrong Item,Low,Web,Consumer,Agent_05,Resolved,72,36.88,Met,5.0
TKT03713,2026-08-27 23:58:00,2026-08-28 13:34:40.133156608,West,Technical,System Issue,Medium,Web,Business,Agent_16,Resolved,48,13.61,Met,5.0
TKT03714,2026-08-11 00:31:00,2026-08-11 13:40:21.715268637,South,Payment,Card Declined,Medium,Phone,Consumer,Agent_06,Resolved,48,13.16,Met,3.0
TKT03715,2026-04-29 19:43:00,,West,Account,Profile Update,High,Web,Business,Agent_11,Pending,24,,Pending,2.0
TKT03716,2026-09-21 16:40:00,2026-09-21 23:51:34.469591078,North,Refund,Refund Pending,Critical,Web,Consumer,Agent_09,Resolved,12,7.19,Met,4.0
TKT03717,2026-07-26 03:56:00,2026-07-27 23:11:47.390854942,East,Payment,Payment Failed,Low,Email,Consumer,Agent_05,Closed,72,43.26,Met,4.0
TKT03718,2026-04-05 20:04:00,2026-04-07 02:50:02.190427687,North,Payment,Duplicate Charge,Medium,Email,Consumer,Agent_11,Resolved,48,30.77,Met,4.0
TKT03719,2026-08-10 09:17:00,2026-08-11 08:34:11.765131746,East,Refund,Refund Failed,Medium,Web,Consumer,Agent_06,Resolved,48,23.29,Met,3.0
TKT03720,2026-08-19 22:44:00,2026-08-24 11:40:03.561233067,West,Payment,Duplicate Charge,Low,Web,Consumer,Agent_17,Resolved,72,108.93,Breached,1.0
TKT03721,2026-04-29 18:23:00,2026-05-01 02:02:26.261644896,West,Refund,Refund Request,Medium,Phone,Business,Agent_09,Resolved,48,31.66,Met,5.0
TKT03722,2026-09-25 10:46:00,,North,Payment,Card Declined,Medium,Email,Consumer,Agent_08,Pending,48,,Pending,3.0
TKT03723,2026-09-30 16:26:00,2026-10-01 17:37:06.039038943,North,Refund,Refund Request,Medium,Web,Consumer,Agent_07,Closed,48,25.19,Met,5.0
TKT03724,2026-03-05 13:39:00,2026-03-06 21:01:45.067689012,South,Technical,App Error,High,Web,Business,Agent_05,Resolved,24,31.38,Breached,2.0
TKT03725,2026-01-11 07:52:00,2026-01-11 21:37:10.089401284,North,Refund,Refund Failed,High,Email,Consumer,Agent_17,Resolved,24,13.75,Met,5.0
TKT03726,2026-04-08 01:51:00,2026-04-09 08:14:32.819479803,East,Technical,Website Error,Low,Email,Consumer,Agent_09,Resolved,72,30.39,Met,4.0
TKT03727,2026-03-12 21:55:00,2026-03-13 14:20:18.491732209,East,Delivery,Damaged Item,High,Email,Consumer,Agent_19,Closed,24,16.42,Met,5.0
TKT03728,2026-02-27 06:22:00,2026-02-28 23:37:57.431726161,East,Payment,Card Declined,High,Chat,Business,Agent_12,Closed,24,41.27,Breached,2.0
TKT03729,2026-09-08 00:16:00,2026-09-08 11:17:24.428467160,South,Technical,App Error,High,Chat,Consumer,Agent_08,Resolved,24,11.02,Met,3.0
TKT03730,2026-02-19 08:12:00,2026-02-22 18:48:56.882391282,South,Account,Account Verification,Medium,Phone,Consumer,Agent_16,Resolved,48,82.62,Breached,4.0
TKT03731,2026-08-04 22:34:00,2026-08-06 07:00:03.593025006,East,Login,Account Locked,High,Chat,Consumer,Agent_14,Resolved,24,32.43,Breached,3.0
TKT03732,2026-02-21 15:25:00,,North,Refund,Refund Pending,High,Chat,Consumer,Agent_14,Pending,24,,Pending,2.0
TKT03733,2026-09-28 23:49:00,2026-10-01 09:03:04.071938877,West,Login,Password Reset,Medium,Chat,Business,Agent_19,Resolved,48,57.23,Breached,4.0
TKT03734,2026-03-25 01:56:00,2026-03-26 15:47:14.208790507,South,Account,Account Access,Medium,Chat,Business,Agent_03,Closed,48,37.85,Met,4.0
TKT03735,2026-05-06 14:39:00,2026-05-07 03:28:05.496698348,North,Login,OTP Issue,Critical,Web,Consumer,Agent_07,Closed,12,12.82,Breached,2.0
TKT03736,2026-03-13 01:54:00,2026-03-14 10:48:01.445171803,South,Refund,Refund Pending,High,Web,Consumer,Agent_06,Resolved,24,32.9,Breached,3.0
TKT03737,2026-08-24 13:33:00,2026-08-25 01:27:44.125728660,South,Refund,Refund Pending,Critical,Web,Consumer,Agent_05,Closed,12,11.91,Met,4.0
TKT03738,2026-02-25 10:43:00,2026-02-28 11:39:29.114493457,West,Technical,System Issue,High,Chat,Consumer,Agent_16,Resolved,24,72.94,Breached,2.0
TKT03739,2026-04-20 22:39:00,2026-04-22 20:47:06.681761645,South,Refund,Refund Request,Medium,Chat,Business,Agent_11,Resolved,48,46.14,Met,4.0
TKT03740,2026-07-11 05:35:00,2026-07-14 01:16:01.173807988,South,Account,Profile Update,Low,Phone,Business,Agent_01,Closed,72,67.68,Met,4.0
TKT03741,2026-04-03 15:21:00,2026-04-07 06:01:55.775989167,West,Payment,Card Declined,Medium,Phone,Consumer,Agent_10,Resolved,48,86.68,Breached,1.0
TKT03742,2026-02-25 02:26:00,2026-02-25 10:44:35.759024956,East,Delivery,Damaged Item,Critical,Phone,Consumer,Agent_17,Resolved,12,8.31,Met,3.0
TKT03743,2026-03-01 02:01:00,2026-03-02 00:20:08.695824657,South,Payment,Duplicate Charge,Medium,Chat,Consumer,Agent_07,Resolved,48,22.32,Met,5.0
TKT03744,2026-05-18 01:20:00,2026-05-21 04:22:04.386310792,South,Account,Profile Update,Low,Web,Business,Agent_03,Resolved,72,75.03,Breached,2.0
TKT03745,2026-02-08 11:24:00,,East,Payment,Duplicate Charge,High,Chat,Consumer,Agent_05,Pending,24,,Pending,2.0
TKT03746,2026-01-28 11:01:00,,East,Payment,Card Declined,High,Chat,Consumer,Agent_12,Pending,24,,Pending,3.0
TKT03747,2026-02-18 06:14:00,2026-02-20 06:31:06.500709546,East,Technical,System Issue,Medium,Email,Consumer,Agent_10,Resolved,48,48.29,Breached,2.0
TKT03748,2026-05-05 01:02:00,2026-05-10 09:53:35.972932150,East,Delivery,Late Delivery,Medium,Chat,Consumer,Agent_03,Resolved,48,128.86,Breached,1.0
TKT03749,2026-01-13 08:23:00,2026-01-14 00:03:47.381387559,North,Account,Profile Update,Medium,Phone,Consumer,Agent_16,Closed,48,15.68,Met,5.0
TKT03750,2026-02-05 11:07:00,2026-02-06 06:04:25.178746431,East,Refund,Refund Request,Low,Email,Consumer,Agent_06,Resolved,72,18.96,Met,5.0
TKT03751,2026-04-11 07:28:00,2026-04-11 20:08:49.539609080,East,Login,OTP Issue,High,Email,Consumer,Agent_16,Resolved,24,12.68,Met,3.0
TKT03752,2026-03-27 14:27:00,2026-03-28 13:47:09.013743384,East,Payment,Card Declined,Medium,Chat,Consumer,Agent_08,Closed,48,23.34,Met,5.0
TKT03753,2026-01-04 22:25:00,2026-01-05 05:33:53.786166831,North,Account,Account Verification,High,Chat,Consumer,Agent_20,Closed,24,7.15,Met,5.0
TKT03754,2026-08-11 11:19:00,2026-08-11 21:11:15.006097610,West,Login,OTP Issue,High,Phone,Consumer,Agent_20,Resolved,24,9.87,Met,5.0
TKT03755,2026-06-15 19:49:00,2026-06-16 12:22:45.106985415,East,Login,Account Locked,High,Phone,Consumer,Agent_09,Closed,24,16.56,Met,4.0
TKT03756,2026-05-10 07:40:00,2026-05-11 16:17:19.065166201,North,Technical,App Error,Medium,Chat,Business,Agent_13,Resolved,48,32.62,Met,4.0
TKT03757,2026-01-31 07:38:00,2026-02-02 13:00:34.343953561,South,Login,OTP Issue,Medium,Phone,Consumer,Agent_02,Resolved,48,53.38,Breached,1.0
TKT03758,2026-01-11 20:12:00,2026-01-14 05:37:24.766037464,West,Technical,App Error,Medium,Phone,Consumer,Agent_09,Resolved,48,57.42,Breached,3.0
TKT03759,2026-04-06 07:43:00,2026-04-08 23:49:37.951977081,North,Account,Profile Update,Medium,Chat,Consumer,Agent_13,Resolved,48,64.11,Breached,3.0
TKT03760,2026-07-09 15:11:00,2026-07-10 15:47:37.361073459,East,Login,OTP Issue,High,Phone,Consumer,Agent_14,Resolved,24,24.61,Breached,3.0
TKT03761,2026-07-11 06:18:00,2026-07-12 23:47:22.942467132,West,Refund,Refund Failed,Medium,Email,Consumer,Agent_13,Closed,48,41.49,Met,4.0
TKT03762,2026-09-23 17:05:00,2026-09-24 12:03:18.435044870,North,Login,Password Reset,High,Email,Consumer,Agent_19,Closed,24,18.97,Met,4.0
TKT03763,2026-05-08 06:03:00,2026-05-09 03:09:09.990830851,North,Technical,Website Error,Low,Phone,Consumer,Agent_16,Resolved,72,21.1,Met,4.0
TKT03764,2026-08-26 01:11:00,2026-08-27 16:56:48.405846222,North,Account,Account Verification,Low,Email,Consumer,Agent_18,Closed,72,39.76,Met,5.0
TKT03765,2026-04-22 10:37:00,2026-04-22 18:37:28.769241538,North,Login,Password Reset,Critical,Web,Consumer,Agent_16,Resolved,12,8.01,Met,3.0
TKT03766,2026-05-25 19:53:00,2026-05-26 18:08:58.425997557,North,Payment,Payment Failed,Medium,Phone,Consumer,Agent_02,Resolved,48,22.27,Met,5.0
TKT03767,2026-03-06 20:28:00,2026-03-08 02:54:39.770147605,North,Delivery,Wrong Item,Medium,Email,Consumer,Agent_01,Resolved,48,30.44,Met,5.0
TKT03768,2026-09-04 05:36:00,2026-09-06 00:42:48.815781224,North,Technical,App Error,Medium,Web,Consumer,Agent_10,Resolved,48,43.11,Met,4.0
TKT03769,2026-08-11 03:14:00,2026-08-13 06:52:01.107866371,North,Account,Account Verification,Low,Web,Business,Agent_14,Resolved,72,51.63,Met,4.0
TKT03770,2026-04-16 16:51:00,2026-04-17 06:41:55.426960420,South,Login,Account Locked,High,Phone,Consumer,Agent_17,Closed,24,13.85,Met,4.0
TKT03771,2026-06-30 10:52:00,2026-07-01 13:12:28.937937890,South,Delivery,Late Delivery,Low,Chat,Consumer,Agent_18,Resolved,72,26.34,Met,5.0
TKT03772,2026-07-03 21:38:00,2026-07-04 19:04:58.787432217,East,Payment,Duplicate Charge,Medium,Web,Consumer,Agent_07,Resolved,48,21.45,Met,4.0
TKT03773,2026-08-14 00:06:00,2026-08-14 23:05:16.989456566,East,Technical,App Error,Medium,Phone,Consumer,Agent_17,Closed,48,22.99,Met,4.0
TKT03774,2026-09-22 15:04:00,2026-09-22 21:41:37.649146854,East,Refund,Refund Request,Critical,Chat,Consumer,Agent_04,Resolved,12,6.63,Met,5.0
TKT03775,2026-03-30 16:18:00,2026-04-01 02:31:27.642051793,East,Account,Account Access,Medium,Web,Consumer,Agent_12,Resolved,48,34.22,Met,4.0
TKT03776,2026-06-25 09:25:00,2026-07-01 12:56:03.036466552,East,Payment,Payment Failed,Low,Web,Consumer,Agent_08,Resolved,72,147.52,Breached,1.0
TKT03777,2026-01-18 10:15:00,2026-01-19 15:51:14.760507992,East,Technical,App Error,Medium,Web,Consumer,Agent_02,Resolved,48,29.6,Met,5.0
TKT03778,2026-04-16 09:32:00,2026-04-18 01:18:24.789911404,South,Technical,App Error,Low,Phone,Business,Agent_19,Closed,72,39.77,Met,5.0
TKT03779,2026-09-28 09:58:00,2026-10-03 02:24:58.357892007,South,Delivery,Wrong Item,Low,Phone,Business,Agent_14,Resolved,72,112.45,Breached,2.0
TKT03780,2026-06-16 12:49:00,2026-06-17 09:13:50.984009236,South,Account,Account Verification,Low,Chat,Business,Agent_17,Resolved,72,20.41,Met,3.0
TKT03781,2026-01-13 20:01:00,2026-01-14 16:26:00.945017097,North,Account,Account Access,Medium,Web,Consumer,Agent_17,Resolved,48,20.42,Met,5.0
TKT03782,2026-02-01 04:01:00,2026-02-02 08:21:20.543494372,North,Login,Password Reset,Low,Email,Consumer,Agent_08,Resolved,72,28.34,Met,5.0
TKT03783,2026-02-09 20:26:00,2026-02-10 11:35:20.642460987,East,Account,Account Verification,Medium,Chat,Business,Agent_06,Resolved,48,15.16,Met,3.0
TKT03784,2026-05-28 18:23:00,2026-05-29 15:52:33.719160922,West,Login,OTP Issue,Critical,Email,Consumer,Agent_10,Resolved,12,21.49,Breached,3.0
TKT03785,2026-08-06 12:45:00,2026-08-07 15:18:33.227530531,South,Payment,Duplicate Charge,High,Web,Consumer,Agent_07,Resolved,24,26.56,Breached,4.0
TKT03786,2026-08-07 06:23:00,2026-08-12 17:47:32.647251661,West,Login,Account Locked,Low,Phone,Consumer,Agent_02,Resolved,72,131.41,Breached,1.0
TKT03787,2026-03-23 06:30:00,2026-03-24 14:35:59.361928760,East,Refund,Refund Failed,Low,Email,Business,Agent_15,Resolved,72,32.1,Met,4.0
TKT03788,2026-07-27 14:55:00,2026-07-28 10:37:56.937571560,South,Account,Account Access,High,Phone,Business,Agent_05,Closed,24,19.72,Met,5.0
TKT03789,2026-07-20 11:27:00,,West,Delivery,Late Delivery,High,Web,Consumer,Agent_03,Pending,24,,Pending,2.0
TKT03790,2026-02-07 19:09:00,2026-02-09 05:24:37.906783790,South,Delivery,Damaged Item,Low,Chat,Consumer,Agent_09,Resolved,72,34.26,Met,5.0
TKT03791,2026-07-30 00:46:00,2026-07-30 19:45:37.531873258,West,Refund,Refund Pending,High,Email,Business,Agent_05,Resolved,24,18.99,Met,5.0
TKT03792,2026-09-06 10:18:00,2026-09-07 13:13:24.522733934,East,Login,OTP Issue,Medium,Phone,Business,Agent_20,Resolved,48,26.92,Met,5.0
TKT03793,2026-08-15 07:43:00,2026-08-16 13:54:32.546578938,East,Technical,Website Error,Medium,Email,Consumer,Agent_06,Resolved,48,30.19,Met,4.0
TKT03794,2026-02-17 02:02:00,2026-02-17 06:02:47.438048361,North,Refund,Refund Request,Critical,Web,Consumer,Agent_04,Resolved,12,4.01,Met,5.0
TKT03795,2026-01-18 02:13:00,2026-01-18 12:02:54.429316032,West,Account,Account Verification,High,Chat,Consumer,Agent_04,Resolved,24,9.83,Met,4.0
TKT03796,2026-07-15 14:00:00,2026-07-16 04:33:55.685865553,South,Technical,System Issue,High,Web,Consumer,Agent_17,Resolved,24,14.57,Met,4.0
TKT03797,2026-07-06 14:08:00,2026-07-07 15:36:44.938966947,West,Login,Account Locked,Medium,Phone,Consumer,Agent_15,Resolved,48,25.48,Met,4.0
TKT03798,2026-08-12 10:06:00,,North,Technical,System Issue,Medium,Web,Consumer,Agent_07,Pending,48,,Pending,
TKT03799,2026-08-17 00:22:00,2026-08-18 15:06:14.219680992,North,Payment,Duplicate Charge,Medium,Chat,Business,Agent_19,Resolved,48,38.74,Met,4.0
TKT03800,2026-03-18 09:25:00,2026-03-19 18:41:02.666116369,North,Refund,Refund Pending,Medium,Web,Consumer,Agent_11,Resolved,48,33.27,Met,5.0
TKT03801,2026-07-07 12:45:00,2026-07-10 21:15:56.313274190,North,Technical,App Error,Medium,Phone,Consumer,Agent_03,Closed,48,80.52,Breached,1.0
TKT03802,2026-09-27 16:04:00,2026-09-30 06:34:52.820599341,South,Refund,Refund Failed,Low,Web,Consumer,Agent_15,Resolved,72,62.51,Met,5.0
TKT03803,2026-04-05 03:54:00,2026-04-06 02:23:56.257424091,South,Payment,Duplicate Charge,Low,Email,Consumer,Agent_19,Closed,72,22.5,Met,3.0
TKT03804,2026-05-12 16:35:00,2026-05-13 19:10:50.870707904,North,Login,OTP Issue,Medium,Email,Consumer,Agent_17,Resolved,48,26.6,Met,3.0
TKT03805,2026-02-08 18:02:00,,South,Payment,Duplicate Charge,High,Email,Consumer,Agent_06,Pending,24,,Pending,4.0
TKT03806,2026-03-13 19:47:00,,North,Account,Account Verification,Critical,Email,Consumer,Agent_05,Pending,12,,Pending,2.0
TKT03807,2026-06-09 13:45:00,2026-06-11 13:03:55.370644390,East,Delivery,Late Delivery,Medium,Chat,Consumer,Agent_13,Resolved,48,47.32,Met,4.0
TKT03808,2026-07-06 03:35:00,2026-07-08 16:42:53.289923750,North,Delivery,Wrong Item,Medium,Phone,Consumer,Agent_17,Closed,48,61.13,Breached,3.0
TKT03809,2026-07-10 20:06:00,2026-07-11 17:16:20.928517791,East,Payment,Duplicate Charge,Low,Email,Consumer,Agent_02,Resolved,72,21.17,Met,5.0
TKT03810,2026-04-30 10:56:00,2026-04-30 15:09:04.175966622,,Payment,Duplicate Charge,Critical,Email,Consumer,Agent_18,Resolved,12,4.22,Met,4.0
TKT03811,2026-08-08 15:34:00,2026-08-09 16:38:42.859785684,North,Payment,Payment Failed,Medium,Email,Consumer,Agent_10,Resolved,48,25.08,Met,5.0
TKT03812,2026-02-22 18:33:00,2026-02-23 05:17:26.483092328,South,Technical,Website Error,High,Email,Consumer,Agent_08,Resolved,24,10.74,Met,5.0
TKT03813,2026-08-10 05:10:00,2026-08-10 17:38:36.298531862,East,Delivery,Damaged Item,High,Phone,Business,Agent_08,Resolved,24,12.48,Met,3.0
TKT03814,2026-05-11 09:16:00,2026-05-13 07:18:27.989775556,South,Login,OTP Issue,Medium,Web,Business,Agent_18,Resolved,48,46.04,Met,4.0
TKT03815,2026-08-25 16:11:00,2026-08-28 21:35:31.405555108,North,Delivery,Late Delivery,Medium,Email,Business,Agent_12,Closed,48,77.41,Breached,2.0
TKT03816,2026-09-03 04:16:00,2026-09-03 20:32:16.758770844,East,Login,Account Locked,Critical,Web,Consumer,Agent_05,Resolved,12,16.27,Breached,2.0
TKT03817,2026-08-14 08:52:00,,North,Technical,System Issue,Low,Phone,Consumer,Agent_04,Pending,72,,Pending,2.0
TKT03818,2026-07-27 00:51:00,2026-07-27 13:13:05.392309137,East,Technical,App Error,High,Web,Consumer,Agent_13,Resolved,24,12.37,Met,4.0
TKT03819,2026-04-06 22:41:00,2026-04-07 07:53:25.709913655,West,Payment,Payment Failed,Critical,Web,Consumer,Agent_04,Resolved,12,9.21,Met,4.0
TKT03820,2026-07-19 19:54:00,2026-07-20 20:23:28.041955630,East,Account,Profile Update,Medium,Chat,Consumer,Agent_01,Resolved,48,24.49,Met,4.0
TKT03821,2026-09-04 18:10:00,2026-09-05 02:50:14.259489654,West,Delivery,Damaged Item,High,Web,Consumer,Agent_11,Closed,24,8.67,Met,
TKT03822,2026-03-13 04:59:00,2026-03-14 03:51:45.733666576,North,Payment,Card Declined,Critical,Web,Consumer,Agent_09,Closed,12,22.88,Breached,1.0
TKT03823,2026-07-04 11:11:00,2026-07-05 02:42:31.158465218,North,Payment,Payment Failed,High,Web,Consumer,Agent_17,Resolved,24,15.53,Met,5.0
TKT03824,2026-01-06 12:57:00,2026-01-07 10:31:38.975079666,South,Refund,Refund Failed,Low,Email,Business,Agent_20,Resolved,72,21.58,Met,5.0
TKT03825,2026-07-25 13:51:00,2026-07-26 02:56:31.172374536,West,Account,Account Access,Medium,Email,Business,Agent_11,Resolved,48,13.09,Met,4.0
TKT03826,2026-02-01 03:51:00,2026-02-03 04:21:52.986566426,South,Delivery,Damaged Item,Low,Chat,Consumer,Agent_10,Resolved,72,48.51,Met,3.0
TKT03827,2026-04-09 16:14:00,2026-04-11 08:03:51.203308951,West,Technical,App Error,High,Chat,Business,Agent_17,Resolved,24,39.83,Breached,3.0
TKT03828,2026-09-13 18:11:00,2026-09-15 16:23:32.724687502,North,Technical,Website Error,High,Web,Consumer,Agent_03,Resolved,24,46.21,Breached,4.0
TKT03829,2026-07-06 00:27:00,2026-07-07 04:08:22.638988784,South,Refund,Refund Pending,Medium,Email,Consumer,Agent_19,Resolved,48,27.69,Met,3.0
TKT03830,2026-03-17 17:54:00,2026-03-18 18:44:56.536805072,West,Account,Account Access,Medium,Web,Consumer,Agent_03,Closed,48,24.85,Met,3.0
TKT03831,2026-06-26 21:23:00,2026-06-28 13:33:12.713945325,South,Technical,App Error,Low,Email,Consumer,Agent_06,Resolved,72,40.17,Met,4.0
TKT03832,2026-09-12 09:50:00,2026-09-13 19:20:37.271837667,North,Account,Account Verification,High,Chat,Consumer,Agent_20,Resolved,24,33.51,Breached,3.0
TKT03833,2026-07-09 13:04:00,2026-07-09 18:56:16.596411492,West,Account,Account Access,High,Phone,Consumer,Agent_06,Resolved,24,5.87,Met,5.0
TKT03834,2026-05-07 10:19:00,2026-05-07 18:18:55.967160807,East,Technical,App Error,Critical,Phone,Consumer,Agent_07,Resolved,12,8.0,Met,5.0
TKT03835,2026-09-11 09:45:00,2026-09-12 07:13:45.295825386,West,Login,Password Reset,High,Web,Consumer,Agent_01,Resolved,24,21.48,Met,5.0
TKT03836,2026-08-01 16:41:00,2026-08-03 03:59:36.938586952,North,Payment,Payment Failed,High,Chat,Business,Agent_08,Closed,24,35.31,Breached,3.0
TKT03837,2026-09-07 03:03:00,2026-09-08 03:37:14.918207934,West,Payment,Payment Failed,High,Email,Consumer,Agent_16,Resolved,24,24.57,Breached,1.0
TKT03838,2026-03-25 17:26:00,2026-03-27 22:34:26.551117305,South,Delivery,Late Delivery,Medium,Web,Consumer,Agent_20,Closed,48,53.14,Breached,3.0
TKT03839,2026-01-13 02:08:00,2026-01-13 18:09:52.575437535,North,Technical,Website Error,Medium,Web,Consumer,Agent_15,Resolved,48,16.03,Met,4.0
TKT03840,2026-02-14 04:50:00,2026-02-14 14:13:27.420825915,North,Account,Account Access,Critical,Email,Consumer,Agent_19,Closed,12,9.39,Met,4.0
TKT03841,2026-05-07 08:20:00,2026-05-08 17:29:00.235946332,East,Refund,Refund Pending,High,Web,Consumer,Agent_10,Resolved,24,33.15,Breached,1.0
TKT03842,2026-04-24 03:05:00,2026-04-25 14:43:39.752245986,East,Payment,Card Declined,Medium,Email,Consumer,Agent_12,Closed,48,35.64,Met,5.0
TKT03843,2026-07-24 07:58:00,2026-07-26 15:10:43.549595708,South,Login,Account Locked,Low,Chat,Business,Agent_05,Resolved,72,55.21,Met,5.0
TKT03844,2026-09-30 08:11:00,2026-10-03 13:30:09.833898324,South,Account,Account Verification,Medium,Chat,Business,Agent_03,Resolved,48,77.32,Breached,2.0
TKT03845,2026-02-27 08:32:00,2026-02-28 15:22:42.488361898,West,Account,Account Access,Medium,Phone,Business,Agent_13,Resolved,48,30.85,Met,3.0
TKT03846,2026-08-07 18:10:00,2026-08-08 21:15:43.936171468,South,Account,Account Access,Medium,Chat,Consumer,Agent_19,Resolved,48,27.1,Met,3.0
TKT03847,2026-04-19 07:46:00,2026-04-21 13:36:02.414639864,South,Technical,App Error,Low,Email,Business,Agent_03,Resolved,72,53.83,Met,4.0
TKT03848,2026-06-23 04:44:00,,South,Login,Account Locked,Medium,Chat,Consumer,Agent_20,Pending,48,,Pending,2.0
TKT03849,2026-09-21 10:00:00,2026-09-22 18:34:56.465462290,West,Delivery,Wrong Item,Low,Chat,Consumer,Agent_03,Resolved,72,32.58,Met,4.0
TKT03850,2026-04-21 18:43:00,2026-04-22 11:51:04.063506435,North,Refund,Refund Pending,High,Email,Consumer,Agent_16,Resolved,24,17.13,Met,3.0
TKT03851,2026-07-06 03:08:00,2026-07-06 14:21:22.799748201,,Technical,Website Error,Medium,Email,Consumer,Agent_12,Closed,48,11.22,Met,5.0
TKT03852,2026-09-26 16:28:00,2026-09-28 00:46:36.646696594,West,Refund,Refund Request,Medium,Chat,Consumer,Agent_18,Resolved,48,32.31,Met,5.0
TKT03853,2026-08-17 14:49:00,2026-08-19 16:26:55.483539996,South,Technical,System Issue,Low,Web,Consumer,Agent_17,Resolved,72,49.63,Met,4.0
TKT03854,2026-06-05 06:27:00,,East,Refund,Refund Failed,Medium,Chat,Business,Agent_17,Pending,48,,Pending,3.0
TKT03855,2026-07-08 04:00:00,2026-07-11 22:15:02.796421435,West,Delivery,Late Delivery,Medium,Email,Consumer,Agent_17,Resolved,48,90.25,Breached,1.0
TKT03856,2026-09-29 06:56:00,2026-09-30 13:38:16.112874456,East,Login,Account Locked,High,Email,Consumer,Agent_07,Resolved,24,30.7,Breached,2.0
TKT03857,2026-01-02 02:55:00,2026-01-03 11:31:16.159089193,South,Delivery,Damaged Item,High,Web,Consumer,Agent_14,Closed,24,32.6,Breached,3.0
TKT03858,2026-09-03 06:26:00,2026-09-04 23:27:39.310191267,North,Technical,System Issue,Low,Web,Business,Agent_11,Resolved,72,41.03,Met,5.0
TKT03859,2026-07-29 14:12:00,2026-08-01 18:21:05.517316137,East,Technical,App Error,Medium,Chat,Consumer,Agent_16,Resolved,48,76.15,Breached,1.0
TKT03860,2026-01-13 20:56:00,2026-01-18 01:37:23.899236028,East,Payment,Card Declined,Low,Chat,Consumer,Agent_04,Resolved,72,100.69,Breached,3.0
TKT03861,2026-04-06 11:02:00,2026-04-07 00:43:53.783377411,East,Payment,Duplicate Charge,Critical,Phone,Consumer,Agent_19,Resolved,12,13.7,Breached,3.0
TKT03862,2026-08-09 07:31:00,2026-08-09 22:50:24.984098986,East,Technical,App Error,Critical,Email,Business,Agent_08,Resolved,12,15.32,Breached,2.0
TKT03863,2026-08-26 04:36:00,,North,Account,Account Verification,Medium,Chat,Consumer,Agent_05,Pending,48,,Pending,3.0
TKT03864,2026-04-04 20:52:00,2026-04-05 17:27:53.032040044,North,Delivery,Damaged Item,High,Email,Consumer,Agent_03,Closed,24,20.6,Met,4.0
TKT03865,2026-09-26 19:54:00,2026-09-27 05:55:33.596790931,East,Payment,Payment Failed,High,Email,Consumer,Agent_03,Resolved,24,10.03,Met,5.0
TKT03866,2026-06-20 03:32:00,2026-06-21 09:26:05.406750316,West,Account,Profile Update,High,Email,Consumer,Agent_17,Resolved,24,29.9,Breached,3.0
TKT03867,2026-04-04 21:45:00,2026-04-05 17:12:20.498037354,North,Delivery,Late Delivery,High,Web,Consumer,Agent_06,Resolved,24,19.46,Met,5.0
TKT03868,2026-05-29 00:40:00,2026-05-30 22:04:11.136851589,North,Refund,Refund Failed,Critical,Email,Business,Agent_10,Resolved,12,45.4,Breached,1.0
TKT03869,2026-04-22 19:05:00,2026-04-24 04:59:57.795660471,South,Delivery,Late Delivery,Medium,Chat,Business,Agent_09,Closed,48,33.92,Met,4.0
TKT03870,2026-02-24 20:50:00,,South,Payment,Duplicate Charge,Medium,Phone,Consumer,Agent_06,Pending,48,,Pending,4.0
TKT03871,2026-04-26 04:53:00,2026-04-27 18:17:22.315373431,West,Login,OTP Issue,High,Web,Consumer,Agent_02,Closed,24,37.41,Breached,1.0
TKT03872,2026-05-23 09:59:00,2026-05-24 06:48:46.293416662,West,Delivery,Wrong Item,High,Phone,Business,Agent_03,Resolved,24,20.83,Met,5.0
TKT03873,2026-07-20 21:30:00,2026-07-22 00:32:50.068054428,South,Payment,Duplicate Charge,High,Chat,Consumer,Agent_11,Resolved,24,27.05,Breached,1.0
TKT03874,2026-06-29 09:00:00,2026-07-02 02:38:30.734590992,South,Payment,Card Declined,Low,Web,Consumer,Agent_15,Resolved,72,65.64,Met,3.0
TKT03875,2026-07-21 07:30:00,2026-07-22 13:58:33.303275554,East,Payment,Payment Failed,Medium,Phone,Business,Agent_14,Resolved,48,30.48,Met,4.0
TKT03876,2026-02-22 18:04:00,2026-02-23 18:51:01.405852634,South,Technical,Website Error,Low,Web,Consumer,Agent_13,Resolved,72,24.78,Met,5.0
TKT03877,2026-06-29 19:30:00,2026-07-01 17:31:00.279633014,West,Login,Account Locked,Medium,Email,Consumer,Agent_17,Closed,48,46.02,Met,3.0
TKT03878,2026-05-17 13:09:00,2026-05-18 16:46:36.853535024,West,Login,Password Reset,Medium,Chat,Business,Agent_11,Resolved,48,27.63,Met,4.0
TKT03879,2026-07-01 05:33:00,2026-07-01 08:39:29.174504752,South,Payment,Payment Failed,Critical,Chat,Consumer,Agent_06,Resolved,12,3.11,Met,3.0
TKT03880,2026-01-01 14:50:00,2026-01-03 21:12:59.246053539,West,Delivery,Late Delivery,Medium,Chat,Business,Agent_02,Resolved,48,54.38,Breached,1.0
TKT03881,2026-02-13 19:25:00,,North,Delivery,Wrong Item,High,Email,Business,Agent_01,Pending,24,,Pending,3.0
TKT03882,2026-08-15 00:43:00,2026-08-17 05:15:48.184471867,West,Technical,App Error,Medium,Email,Consumer,Agent_04,Closed,48,52.55,Breached,2.0
TKT03883,2026-04-08 02:23:00,2026-04-08 20:59:59.674528580,East,Payment,Payment Failed,High,Email,Consumer,Agent_09,Resolved,24,18.62,Met,4.0
TKT03884,2026-07-27 05:32:00,2026-07-30 02:19:23.853948586,North,Payment,Card Declined,Medium,Chat,Business,Agent_11,Closed,48,68.79,Breached,2.0
TKT03885,2026-09-22 16:37:00,2026-09-25 10:34:47.091532651,North,Technical,App Error,High,Email,Business,Agent_06,Resolved,24,65.96,Breached,3.0
TKT03886,2026-09-28 23:39:00,2026-09-30 15:33:33.905848755,North,Payment,Payment Failed,Medium,Chat,Consumer,Agent_16,Resolved,48,39.91,Met,3.0
TKT03887,2026-05-20 00:54:00,2026-05-24 00:54:30.466420030,South,Technical,App Error,Medium,Web,Consumer,Agent_10,Resolved,48,96.01,Breached,2.0
TKT03888,2026-08-25 22:10:00,2026-08-27 00:51:13.375419763,East,Delivery,Late Delivery,Medium,Web,Consumer,Agent_03,Resolved,48,26.69,Met,4.0
TKT03889,2026-03-13 14:29:00,2026-03-14 04:09:26.671465740,South,Login,Account Locked,Medium,Email,Consumer,Agent_10,Resolved,48,13.67,Met,4.0
TKT03890,2026-06-04 13:16:00,2026-06-05 07:06:38.761701813,East,Technical,System Issue,Critical,Email,Consumer,Agent_12,Resolved,12,17.84,Breached,3.0
TKT03891,2026-07-09 05:24:00,2026-07-10 08:59:25.440857062,West,Technical,System Issue,High,Email,Consumer,Agent_01,Resolved,24,27.59,Breached,4.0
TKT03892,2026-09-25 01:19:00,2026-09-25 07:52:13.747188657,West,Delivery,Damaged Item,Critical,Web,Consumer,Agent_10,Resolved,12,6.55,Met,4.0
TKT03893,2026-04-17 17:34:00,2026-04-18 07:17:11.063683603,West,Account,Profile Update,High,Email,Consumer,Agent_10,Resolved,24,13.72,Met,5.0
TKT03894,2026-08-20 16:24:00,2026-08-21 09:28:55.108174879,North,Account,Account Verification,Critical,Web,Business,Agent_04,Closed,12,17.08,Breached,3.0
TKT03895,2026-02-11 18:55:00,2026-02-13 10:54:41.878119076,West,Login,OTP Issue,High,Phone,Consumer,Agent_09,Resolved,24,39.99,Breached,3.0
TKT03896,2026-07-09 09:17:00,2026-07-10 18:13:25.137790472,East,Technical,System Issue,Medium,Email,Consumer,Agent_09,Resolved,48,32.94,Met,5.0
TKT03897,2026-05-19 14:24:00,2026-05-20 07:15:50.208151420,North,Technical,Website Error,Medium,Phone,Business,Agent_12,Resolved,48,16.86,Met,4.0
TKT03898,2026-04-13 11:56:00,2026-04-14 02:15:46.718415436,South,Refund,Refund Failed,Low,Chat,Consumer,Agent_11,Resolved,72,14.33,Met,5.0
TKT03899,2026-06-20 07:51:00,2026-06-20 21:51:24.188079949,North,Payment,Card Declined,Low,Chat,Consumer,Agent_06,Resolved,72,14.01,Met,5.0
TKT03900,2026-09-30 01:13:00,2026-10-01 15:14:06.658989542,South,Refund,Refund Pending,Low,Web,Consumer,Agent_07,Resolved,72,38.02,Met,4.0
TKT03901,2026-08-09 09:48:00,2026-08-11 06:14:01.737688909,South,Delivery,Wrong Item,Low,Web,Consumer,Agent_09,Resolved,72,44.43,Met,4.0
TKT03902,2026-08-01 23:30:00,2026-08-02 09:53:49.991114356,South,Delivery,Late Delivery,High,Web,Consumer,Agent_11,Closed,24,10.4,Met,5.0
TKT03903,2026-02-25 09:23:00,2026-02-28 22:12:33.203611776,North,Payment,Duplicate Charge,Medium,Phone,Consumer,Agent_17,Resolved,48,84.83,Breached,2.0
TKT03904,2026-04-12 23:55:00,2026-04-13 23:43:44.931941352,West,Delivery,Damaged Item,Medium,Chat,Business,Agent_11,Closed,48,23.81,Met,5.0
TKT03905,2026-07-11 07:46:00,2026-07-12 12:02:15.127060249,South,Login,OTP Issue,High,Web,Consumer,Agent_18,Resolved,24,28.27,Breached,2.0
TKT03906,2026-07-19 09:58:00,2026-07-20 02:47:56.050357450,East,Payment,Payment Failed,High,Web,Consumer,Agent_09,Resolved,24,16.83,Met,3.0
TKT03907,2026-08-21 16:31:00,2026-08-21 21:15:35.691118926,East,Technical,System Issue,Critical,Email,Consumer,Agent_17,Resolved,12,4.74,Met,5.0
TKT03908,2026-08-15 12:16:00,2026-08-17 11:55:31.036907671,East,Refund,Refund Failed,Medium,Phone,Consumer,Agent_16,Resolved,48,47.66,Met,5.0
TKT03909,2026-05-19 16:33:00,2026-05-21 08:01:27.718246254,East,Login,OTP Issue,Medium,Phone,Business,Agent_14,Resolved,48,39.47,Met,3.0
TKT03910,2026-05-29 04:07:00,2026-05-31 14:00:11.135572954,South,Technical,App Error,Medium,Chat,Consumer,Agent_01,Resolved,48,57.89,Breached,3.0
TKT03911,2026-04-25 19:03:00,2026-04-28 20:34:12.716004320,East,Payment,Card Declined,Low,Chat,Business,Agent_02,Resolved,72,73.52,Breached,2.0
TKT03912,2026-03-04 01:06:00,2026-03-06 01:41:46.588822414,North,Delivery,Damaged Item,Low,Web,Consumer,Agent_11,Resolved,72,48.6,Met,5.0
TKT03913,2026-04-14 09:32:00,2026-04-16 02:23:46.566195476,East,Delivery,Damaged Item,Medium,Phone,Business,Agent_07,Resolved,48,40.86,Met,4.0
TKT03914,2026-06-05 22:30:00,2026-06-06 03:59:57.347350807,East,Delivery,Damaged Item,Critical,Chat,Consumer,Agent_10,Resolved,12,5.5,Met,5.0
TKT03915,2026-09-30 11:42:00,2026-10-01 19:04:04.259267086,West,Login,Account Locked,Low,Phone,Consumer,Agent_12,Resolved,72,31.37,Met,4.0
TKT03916,2026-01-06 07:49:00,2026-01-09 20:46:33.912342410,North,Login,Account Locked,Low,Web,Business,Agent_11,Resolved,72,84.96,Breached,3.0
TKT03917,2026-05-27 08:12:00,2026-05-28 13:19:15.755296234,North,Delivery,Late Delivery,Low,Web,Consumer,Agent_02,Closed,72,29.12,Met,5.0
TKT03918,2026-07-03 11:02:00,2026-07-04 21:37:48.120926485,West,Technical,Website Error,High,Web,Consumer,Agent_14,Resolved,24,34.6,Breached,2.0
TKT03919,2026-01-28 04:45:00,2026-01-29 12:54:43.471289779,East,Refund,Refund Request,Medium,Web,Consumer,Agent_09,Resolved,48,32.16,Met,5.0
TKT03920,2026-02-07 05:11:00,2026-02-08 00:17:32.814665326,South,Delivery,Damaged Item,Medium,Phone,Business,Agent_12,Resolved,48,19.11,Met,5.0
TKT03921,2026-04-29 05:08:00,2026-05-02 03:27:27.819512382,North,Technical,App Error,Low,Web,Consumer,Agent_10,Resolved,72,70.32,Met,3.0
TKT03922,2026-09-01 12:54:00,2026-09-02 21:36:27.442945990,South,Login,Password Reset,Medium,Phone,Business,Agent_02,Resolved,48,32.71,Met,4.0
TKT03923,2026-03-09 18:40:00,2026-03-12 07:55:26.592643270,South,Account,Profile Update,Low,Email,Consumer,Agent_12,Resolved,72,61.26,Met,5.0
TKT03924,2026-08-02 16:04:00,2026-08-03 07:53:21.556302708,East,Payment,Card Declined,Medium,Web,Business,Agent_03,Closed,48,15.82,Met,5.0
TKT03925,2026-08-06 18:56:00,2026-08-08 15:33:29.524963317,South,Technical,Website Error,Low,Email,Consumer,Agent_13,Resolved,72,44.62,Met,5.0
TKT03926,2026-06-26 07:35:00,2026-06-26 19:13:31.329881667,South,Delivery,Wrong Item,High,Chat,Consumer,Agent_19,Resolved,24,11.64,Met,3.0
TKT03927,2026-06-13 02:11:00,2026-06-14 11:15:31.432276189,South,Technical,App Error,Medium,Web,Business,Agent_13,Resolved,48,33.08,Met,5.0
TKT03928,2026-02-27 15:29:00,2026-02-28 16:11:41.156817573,West,Account,Profile Update,High,Phone,Consumer,Agent_16,Resolved,24,24.71,Breached,3.0
TKT03929,2026-09-26 16:04:00,2026-09-27 07:01:29.967773518,West,Payment,Duplicate Charge,Medium,Chat,Consumer,Agent_01,Resolved,48,14.96,Met,5.0
TKT03930,2026-02-27 15:28:00,2026-02-28 20:13:43.316121434,East,Account,Account Verification,Medium,Web,Consumer,Agent_08,Resolved,48,28.76,Met,5.0
TKT03931,2026-04-15 02:00:00,2026-04-15 22:41:06.490914867,North,Payment,Duplicate Charge,Low,Email,Consumer,Agent_13,Resolved,72,20.69,Met,3.0
TKT03932,2026-08-16 20:20:00,2026-08-18 20:14:18.945501523,East,Payment,Card Declined,Medium,Chat,Consumer,Agent_07,Resolved,48,47.91,Met,4.0
TKT03933,2026-09-04 10:33:00,2026-09-05 16:49:25.001816152,North,Refund,Refund Request,Medium,Phone,Consumer,Agent_02,Resolved,48,30.27,Met,4.0
TKT03934,2026-07-07 14:56:00,2026-07-08 10:00:35.235463371,South,Delivery,Late Delivery,Medium,Phone,Consumer,Agent_13,Resolved,48,19.08,Met,4.0
TKT03935,2026-03-24 12:51:00,2026-03-25 20:48:07.085961860,North,Technical,Website Error,High,Email,Business,Agent_12,Resolved,24,31.95,Breached,3.0
TKT03936,2026-07-05 17:42:00,2026-07-06 08:23:42.434852902,North,Technical,System Issue,High,Phone,Consumer,Agent_17,Closed,24,14.7,Met,
TKT03937,2026-09-09 09:25:00,2026-09-10 21:19:32.780738516,North,Delivery,Damaged Item,High,Web,Business,Agent_09,Resolved,24,35.91,Breached,2.0
TKT03938,2026-08-26 08:31:00,2026-08-28 22:26:08.072001980,North,Login,Account Locked,Low,Chat,Consumer,Agent_10,Resolved,72,61.92,Met,5.0
TKT03939,2026-07-03 19:44:00,2026-07-05 15:37:56.796399474,West,Refund,Refund Failed,Medium,Web,Business,Agent_03,Resolved,48,43.9,Met,3.0
TKT03940,2026-07-29 04:48:00,,South,Refund,Refund Failed,Low,Phone,Business,Agent_11,Pending,72,,Pending,2.0
TKT03941,2026-04-07 03:19:00,2026-04-07 13:19:41.281435461,North,Delivery,Damaged Item,High,Email,Business,Agent_12,Resolved,24,10.01,Met,4.0
TKT03942,2026-07-27 08:47:00,2026-07-28 06:27:15.437829939,North,Login,Account Locked,Medium,Web,Consumer,Agent_07,Resolved,48,21.67,Met,5.0
TKT03943,2026-05-17 15:16:00,2026-05-20 16:10:04.695785427,South,Login,Account Locked,Low,Phone,Business,Agent_10,Resolved,72,72.9,Breached,3.0
TKT03944,2026-07-03 21:11:00,2026-07-04 11:45:59.441944321,North,Delivery,Late Delivery,High,Email,Consumer,Agent_10,Resolved,24,14.58,Met,4.0
TKT03945,2026-03-17 23:26:00,2026-03-19 13:11:55.350593010,East,Payment,Card Declined,Medium,Web,Consumer,Agent_20,Resolved,48,37.77,Met,5.0
TKT03946,2026-05-22 20:41:00,2026-05-23 22:55:16.501337530,North,Technical,App Error,Medium,Phone,Consumer,Agent_10,Resolved,48,26.24,Met,3.0
TKT03947,2026-08-25 18:30:00,2026-08-29 07:25:06.907234238,East,Payment,Payment Failed,Low,Email,Business,Agent_04,Resolved,72,84.92,Breached,4.0
TKT03948,2026-01-25 18:25:00,,East,Payment,Duplicate Charge,Medium,Email,Consumer,Agent_10,Pending,48,,Pending,4.0
TKT03949,2026-03-08 18:05:00,,East,Payment,Card Declined,Critical,Web,Business,Agent_10,Pending,12,,Pending,3.0
TKT03950,2026-09-07 13:18:00,2026-09-08 19:18:34.732219626,West,Login,Account Locked,Medium,Web,Consumer,Agent_04,Closed,48,30.01,Met,3.0
TKT03951,2026-04-28 17:45:00,2026-04-30 03:15:16.039359651,West,Account,Account Verification,Critical,Phone,Consumer,Agent_07,Resolved,12,33.5,Breached,2.0
TKT03952,2026-03-14 00:11:00,2026-03-15 03:37:30.184696863,South,Login,Password Reset,Low,Chat,Business,Agent_18,Closed,72,27.44,Met,4.0
TKT03953,2026-01-10 13:52:00,2026-01-11 16:29:05.884029915,East,Technical,System Issue,Medium,Web,Business,Agent_03,Closed,48,26.62,Met,5.0
TKT03954,2026-07-30 14:00:00,2026-07-31 02:27:52.372933084,West,Payment,Payment Failed,High,Web,Consumer,Agent_15,Closed,24,12.46,Met,4.0
TKT03955,2026-06-01 10:42:00,2026-06-02 23:55:57.062873571,East,Login,OTP Issue,Medium,Email,Consumer,Agent_05,Resolved,48,37.23,Met,4.0
TKT03956,2026-01-05 18:58:00,2026-01-08 09:28:23.205744194,West,Technical,App Error,Low,Phone,Consumer,Agent_09,Resolved,72,62.51,Met,4.0
TKT03957,2026-07-14 20:41:00,2026-07-16 19:27:26.271815566,South,Delivery,Wrong Item,Medium,Chat,Consumer,Agent_20,Resolved,48,46.77,Met,4.0
TKT03958,2026-04-23 01:45:00,2026-04-25 12:44:14.422165875,South,Refund,Refund Failed,Medium,Chat,Business,Agent_12,Closed,48,58.99,Breached,1.0
TKT03959,2026-09-28 11:30:00,2026-09-29 17:37:29.969818507,West,Payment,Card Declined,High,Web,Consumer,Agent_16,Resolved,24,30.12,Breached,1.0
TKT03960,2026-06-12 08:47:00,2026-06-13 01:20:12.021880593,West,Payment,Duplicate Charge,High,Chat,Consumer,Agent_11,Resolved,24,16.55,Met,5.0
TKT03961,2026-04-15 14:05:00,2026-04-16 01:00:30.732697876,East,Login,OTP Issue,High,Chat,Consumer,Agent_17,Resolved,24,10.93,Met,4.0
TKT03962,2026-06-30 14:52:00,2026-06-30 22:00:14.095621593,South,Refund,Refund Request,High,Email,Consumer,Agent_03,Resolved,24,7.14,Met,5.0
TKT03963,2026-02-13 06:26:00,2026-02-14 04:50:07.723504141,North,Account,Account Access,Low,Email,Consumer,Agent_15,Closed,72,22.4,Met,5.0
TKT03964,2026-06-24 20:49:00,2026-06-25 10:16:20.552013295,East,Refund,Refund Request,Medium,Email,Consumer,Agent_04,Resolved,48,13.46,Met,3.0
TKT03965,2026-06-11 08:00:00,2026-06-11 16:42:59.793945642,West,Technical,App Error,High,Web,Consumer,Agent_09,Resolved,24,8.72,Met,4.0
TKT03966,2026-05-20 06:47:00,,East,Refund,Refund Failed,Critical,Chat,Business,Agent_08,Pending,12,,Pending,3.0
TKT03967,2026-05-12 14:57:00,2026-05-13 05:17:49.039082070,North,Payment,Card Declined,Low,Email,Consumer,Agent_18,Resolved,72,14.35,Met,5.0
TKT03968,2026-03-28 11:50:00,2026-03-29 23:29:22.737953098,South,Payment,Duplicate Charge,Medium,Phone,Consumer,Agent_04,Closed,48,35.66,Met,4.0
TKT03969,2026-06-25 10:38:00,2026-06-27 14:55:56.643690073,North,Account,Account Verification,Medium,Chat,Consumer,Agent_05,Resolved,48,52.3,Breached,2.0
TKT03970,2026-07-02 17:24:00,2026-07-04 09:40:17.185021280,West,Refund,Refund Request,Low,Phone,Business,Agent_09,Resolved,72,40.27,Met,5.0
TKT03971,2026-05-09 13:34:00,2026-05-11 06:36:57.946014855,West,Payment,Duplicate Charge,Medium,Chat,Consumer,Agent_16,Resolved,48,41.05,Met,5.0
TKT03972,2026-09-03 15:17:00,2026-09-06 02:23:20.411828427,West,Payment,Card Declined,Medium,Phone,Consumer,Agent_04,Resolved,48,59.11,Breached,4.0
TKT03973,2026-03-30 03:22:00,2026-03-31 20:55:52.524092775,West,Payment,Card Declined,Low,Phone,Business,Agent_16,Resolved,72,41.56,Met,4.0
TKT03974,2026-03-07 06:56:00,,West,Payment,Payment Failed,High,Web,Consumer,Agent_05,Pending,24,,Pending,2.0
TKT03975,2026-06-07 06:55:00,2026-06-07 18:10:07.801459981,North,Payment,Payment Failed,High,Phone,Business,Agent_07,Resolved,24,11.25,Met,5.0
TKT03976,2026-05-29 01:24:00,2026-05-29 12:04:22.371693193,South,Refund,Refund Request,Critical,Email,Consumer,Agent_11,Resolved,12,10.67,Met,3.0
TKT03977,2026-04-26 02:46:00,2026-04-28 14:57:43.950031681,South,Delivery,Damaged Item,Low,Email,Consumer,Agent_07,Closed,72,60.2,Met,4.0
TKT03978,2026-08-02 06:23:00,2026-08-03 14:10:02.350807958,East,Account,Account Access,Medium,Chat,Consumer,Agent_06,Resolved,48,31.78,Met,5.0
TKT03979,2026-09-10 07:47:00,2026-09-11 19:45:50.547889725,East,Account,Profile Update,Medium,Email,Consumer,Agent_19,Resolved,48,35.98,Met,5.0
TKT03980,2026-05-23 18:15:00,2026-05-24 12:38:27.338520354,East,Login,OTP Issue,Medium,Web,Consumer,Agent_17,Resolved,48,18.39,Met,5.0
TKT03981,2026-09-07 13:29:00,2026-09-09 02:00:14.561444190,West,Account,Profile Update,Medium,Email,Consumer,Agent_06,Resolved,48,36.52,Met,4.0
TKT03982,2026-01-25 16:36:00,2026-01-26 16:43:22.548720655,South,Delivery,Late Delivery,High,Web,Consumer,Agent_19,Resolved,24,24.12,Breached,4.0
TKT03983,2026-03-11 07:52:00,2026-03-15 06:23:39.726375355,West,Technical,System Issue,Low,Email,Consumer,Agent_17,Closed,72,94.53,Breached,1.0
TKT03984,2026-04-23 16:32:00,2026-04-24 15:52:10.610605179,East,Login,Account Locked,Critical,Web,Business,Agent_12,Resolved,12,23.34,Breached,1.0
TKT03985,2026-04-22 21:21:00,2026-04-23 14:06:36.173000350,West,Login,Account Locked,High,Chat,Consumer,Agent_12,Resolved,24,16.76,Met,5.0
TKT03986,2026-04-01 04:34:00,2026-04-02 20:23:51.048753762,North,Account,Profile Update,High,Chat,Consumer,Agent_13,Resolved,24,39.83,Breached,4.0
TKT03987,2026-01-18 17:23:00,2026-01-19 08:46:19.666301676,East,Refund,Refund Request,High,Email,Consumer,Agent_06,Resolved,24,15.39,Met,5.0
TKT03988,2026-05-29 08:09:00,2026-05-30 03:59:01.438806364,South,Technical,App Error,Medium,Chat,Consumer,Agent_19,Closed,48,19.83,Met,5.0
TKT03989,2026-08-15 05:25:00,2026-08-17 00:57:28.361623992,South,Account,Profile Update,High,Chat,Business,Agent_01,Resolved,24,43.54,Breached,2.0
TKT03990,2026-08-02 08:48:00,2026-08-03 06:35:16.095542319,East,Payment,Card Declined,Medium,Chat,Consumer,Agent_13,Closed,48,21.79,Met,3.0
TKT03991,2026-05-31 14:51:00,2026-06-02 12:19:28.222376314,South,Account,Account Verification,High,Email,Consumer,Agent_05,Resolved,24,45.47,Breached,3.0
TKT03992,2026-07-11 01:28:00,2026-07-12 09:17:49.528265901,South,Technical,App Error,Low,Web,Consumer,Agent_01,Resolved,72,31.83,Met,4.0
TKT03993,2026-02-09 08:05:00,2026-02-11 09:17:48.284368243,East,Payment,Duplicate Charge,Medium,Email,Consumer,Agent_03,Closed,48,49.21,Breached,4.0
TKT03994,2026-08-30 11:47:00,2026-08-31 21:21:34.390075533,East,Technical,System Issue,Medium,Phone,Consumer,Agent_03,Resolved,48,33.58,Met,4.0
TKT03995,2026-05-18 05:49:00,2026-05-20 13:35:12.196712406,West,Delivery,Wrong Item,Medium,Web,Business,Agent_15,Resolved,48,55.77,Breached,2.0
TKT03996,2026-06-29 18:27:00,2026-07-01 01:02:30.316164766,West,Payment,Duplicate Charge,Medium,Phone,Consumer,Agent_15,Closed,48,30.59,Met,4.0
TKT03997,2026-07-19 06:26:00,2026-07-20 17:34:56.896136131,North,Refund,Refund Request,Medium,Phone,Consumer,Agent_04,Resolved,48,35.15,Met,4.0
TKT03998,2026-07-22 01:26:00,2026-07-22 09:33:55.259289393,South,Payment,Duplicate Charge,High,Chat,Consumer,Agent_08,Resolved,24,8.13,Met,4.0
TKT03999,2026-03-02 05:06:00,2026-03-02 18:44:38.758611577,East,Refund,Refund Failed,Medium,Web,Consumer,Agent_03,Resolved,48,13.64,Met,4.0
TKT04000,2026-07-11 19:37:00,2026-07-12 19:45:11.723741188,North,Delivery,Late Delivery,Medium,Web,Consumer,Agent_08,Closed,48,24.14,Met,3.0
TKT04001,2026-01-05 07:19:00,2026-01-08 01:20:48.999332272,South,Technical,Website Error,Low,Phone,Consumer,Agent_12,Resolved,72,66.03,Met,5.0
TKT04002,2026-08-25 12:19:00,2026-08-26 15:21:01.335417154,South,Technical,Website Error,Medium,Phone,Business,Agent_18,Closed,48,27.03,Met,4.0
TKT04003,2026-06-30 04:23:00,2026-07-03 13:50:50.872120646,North,Account,Account Access,Medium,Chat,Business,Agent_13,Resolved,48,81.46,Breached,2.0
TKT04004,2026-02-06 16:16:00,2026-02-07 14:15:19.679917282,South,Delivery,Damaged Item,High,Chat,Consumer,Agent_08,Closed,24,21.99,Met,4.0
TKT04005,2026-02-25 12:14:00,2026-02-28 23:12:20.850347053,East,Delivery,Wrong Item,Low,Email,Business,Agent_17,Resolved,72,82.97,Breached,2.0
TKT04006,2026-08-25 07:00:00,2026-08-26 22:24:02.163541323,North,Technical,App Error,Low,Web,Business,Agent_09,Resolved,72,39.4,Met,5.0
TKT04007,2026-07-16 08:12:00,2026-07-18 15:04:49.473241611,North,Login,OTP Issue,Medium,Phone,Consumer,Agent_07,Resolved,48,54.88,Breached,3.0
TKT04008,2026-03-14 10:32:00,2026-03-15 12:44:40.296764606,West,Refund,Refund Pending,Medium,Email,Business,Agent_15,Resolved,48,26.21,Met,4.0
TKT04009,2026-02-28 16:32:00,2026-03-01 17:15:16.017419200,East,Payment,Duplicate Charge,Medium,Chat,Business,Agent_16,Resolved,48,24.72,Met,5.0
TKT04010,2026-08-28 06:50:00,2026-08-29 09:02:54.953046964,West,Technical,Website Error,High,Phone,Consumer,Agent_20,Resolved,24,26.22,Breached,1.0
TKT04011,2026-01-02 02:52:00,2026-01-02 19:31:48.842581629,North,Technical,App Error,Medium,Web,Consumer,Agent_08,Closed,48,16.66,Met,5.0
TKT04012,2026-07-07 00:03:00,2026-07-08 05:44:22.717313880,East,Account,Account Verification,Medium,Phone,Consumer,Agent_16,Resolved,48,29.69,Met,4.0
TKT04013,2026-01-30 14:13:00,,East,Account,Account Verification,Medium,Phone,Consumer,Agent_19,Pending,48,,Pending,2.0
TKT04014,2026-09-24 16:25:00,2026-09-26 03:13:00.617305852,West,Technical,System Issue,Low,Email,Business,Agent_16,Resolved,72,34.8,Met,5.0
TKT04015,2026-04-18 18:53:00,2026-04-19 12:30:42.644014597,South,Payment,Card Declined,High,Phone,Business,Agent_14,Resolved,24,17.63,Met,4.0
TKT04016,2026-03-31 17:40:00,2026-04-01 14:34:45.164567376,South,Payment,Card Declined,Medium,Email,Consumer,Agent_16,Closed,48,20.91,Met,5.0
TKT04017,2026-07-24 09:42:00,2026-07-25 12:15:59.386158388,South,Login,Password Reset,Medium,Email,Consumer,Agent_01,Closed,48,26.57,Met,4.0
TKT04018,2026-08-08 17:34:00,2026-08-09 04:53:53.315563184,West,Technical,App Error,High,Chat,Business,Agent_18,Resolved,24,11.33,Met,5.0
TKT04019,2026-04-04 06:20:00,2026-04-06 10:23:39.444719101,South,Refund,Refund Pending,Low,Phone,Consumer,Agent_18,Resolved,72,52.06,Met,4.0
TKT04020,2026-04-13 21:31:00,2026-04-14 06:37:55.970572208,West,Login,Account Locked,High,Email,Consumer,Agent_01,Resolved,24,9.12,Met,3.0
TKT04021,2026-08-11 17:14:00,2026-08-14 09:57:04.514962004,West,Technical,Website Error,Medium,Phone,Consumer,Agent_17,Resolved,48,64.72,Breached,1.0
TKT04022,2026-07-05 05:43:00,2026-07-07 11:17:29.580586057,South,Refund,Refund Request,Medium,Web,Consumer,Agent_20,Closed,48,53.57,Breached,1.0
TKT04023,2026-07-03 02:45:00,2026-07-04 02:02:49.548477994,West,Login,OTP Issue,High,Phone,Consumer,Agent_07,Resolved,24,23.3,Met,3.0
TKT04024,2026-06-11 11:39:00,2026-06-11 20:01:42.266339713,West,Delivery,Late Delivery,High,Chat,Consumer,Agent_06,Resolved,24,8.38,Met,4.0
TKT04025,2026-09-04 05:41:00,2026-09-05 08:16:36.847883050,East,Payment,Duplicate Charge,Medium,Email,Consumer,Agent_13,Resolved,48,26.59,Met,4.0
TKT04026,2026-01-31 17:22:00,2026-02-01 17:21:28.908020058,North,Technical,Website Error,High,Email,Business,Agent_07,Resolved,24,23.99,Met,3.0
TKT04027,2026-02-21 16:19:00,2026-02-23 15:24:48.876796039,West,Refund,Refund Failed,Medium,Web,Consumer,Agent_08,Resolved,48,47.1,Met,4.0
TKT04028,2026-03-17 20:07:00,2026-03-19 19:04:52.890303934,North,Delivery,Wrong Item,Medium,Chat,Consumer,Agent_12,Closed,48,46.96,Met,4.0
TKT04029,2026-02-09 09:04:00,2026-02-14 08:30:29.857582640,South,Technical,App Error,Low,Email,Consumer,Agent_16,Resolved,72,119.44,Breached,3.0
TKT04030,2026-04-11 17:13:00,2026-04-12 04:08:59.271087082,East,Delivery,Damaged Item,Low,Web,Consumer,Agent_03,Resolved,72,10.93,Met,4.0
TKT04031,2026-04-21 03:11:00,2026-04-21 13:49:46.200237788,East,Refund,Refund Failed,High,Email,Consumer,Agent_07,Closed,24,10.65,Met,5.0
TKT04032,2026-09-06 05:19:00,2026-09-08 13:43:51.132662928,West,Technical,App Error,Low,Email,Consumer,Agent_06,Resolved,72,56.41,Met,4.0
TKT04033,2026-07-10 09:39:00,2026-07-11 14:03:59.926627368,East,Login,Account Locked,Low,Chat,Consumer,Agent_13,Closed,72,28.42,Met,5.0
TKT04034,2026-07-01 07:54:00,2026-07-02 05:15:45.492982484,North,Refund,Refund Failed,High,Web,Consumer,Agent_14,Resolved,24,21.36,Met,3.0
TKT04035,2026-07-28 10:36:00,2026-08-01 02:20:01.768171873,West,Payment,Card Declined,Low,Email,Consumer,Agent_13,Resolved,72,87.73,Breached,2.0
TKT04036,2026-01-22 07:06:00,2026-01-23 04:12:08.011920852,East,Delivery,Wrong Item,Medium,Phone,Consumer,Agent_08,Resolved,48,21.1,Met,4.0
TKT04037,2026-06-15 18:02:00,,South,Delivery,Late Delivery,Medium,Web,Business,Agent_19,Pending,48,,Pending,4.0
TKT04038,2026-04-09 01:36:00,,West,Delivery,Damaged Item,Medium,Chat,Business,Agent_14,Pending,48,,Pending,4.0
TKT04039,2026-07-27 08:15:00,2026-07-31 19:13:07.019563526,East,Technical,Website Error,High,Chat,Business,Agent_05,Resolved,24,106.97,Breached,3.0
TKT04040,2026-01-08 11:00:00,2026-01-11 11:08:58.269818367,West,Technical,App Error,Medium,Chat,Consumer,Agent_18,Resolved,48,72.15,Breached,3.0
TKT04041,2026-07-09 21:41:00,2026-07-10 19:29:54.461537474,South,Delivery,Late Delivery,Medium,Email,Consumer,Agent_04,Resolved,48,21.82,Met,5.0
TKT04042,2026-06-24 21:28:00,2026-06-25 16:03:44.203209180,West,Payment,Card Declined,High,Chat,Consumer,Agent_01,Resolved,24,18.6,Met,3.0
TKT04043,2026-09-30 00:08:00,2026-10-01 10:44:51.890674017,North,Technical,System Issue,Medium,Web,Business,Agent_01,Closed,48,34.61,Met,5.0
TKT04044,2026-01-17 07:36:00,2026-01-19 01:10:06.436236158,North,Payment,Card Declined,Medium,Email,Business,Agent_09,Resolved,48,41.57,Met,4.0
TKT04045,2026-03-31 04:32:00,2026-03-31 19:27:28.934991530,East,Payment,Payment Failed,High,Phone,Consumer,Agent_19,Resolved,24,14.92,Met,5.0
TKT04046,2026-05-21 15:39:00,2026-05-23 15:59:02.895248076,North,Refund,Refund Request,Medium,Chat,Consumer,Agent_01,Resolved,48,48.33,Breached,1.0
TKT04047,2026-05-25 17:11:00,2026-05-27 19:49:11.555413789,North,Login,OTP Issue,Medium,Chat,Consumer,Agent_15,Resolved,48,50.64,Breached,2.0
TKT04048,2026-06-15 03:27:00,2026-06-15 23:48:54.958268322,West,Refund,Refund Pending,Low,Chat,Business,Agent_13,Closed,72,20.37,Met,4.0
TKT04049,2026-03-19 19:06:00,2026-03-23 06:04:25.472422581,West,Payment,Card Declined,Medium,Phone,Consumer,Agent_07,Resolved,48,82.97,Breached,2.0
TKT04050,2026-09-19 17:36:00,2026-09-20 10:06:22.498047032,East,Delivery,Wrong Item,Low,Email,Business,Agent_14,Resolved,72,16.51,Met,5.0
TKT04051,2026-06-12 03:23:00,2026-06-13 07:13:27.497636491,North,Payment,Payment Failed,Medium,Chat,Consumer,Agent_02,Resolved,48,27.84,Met,4.0
TKT04052,2026-01-14 08:37:00,2026-01-16 08:16:14.533088637,South,Account,Account Access,High,Phone,Consumer,Agent_13,Resolved,24,47.65,Breached,4.0
TKT04053,2026-08-27 08:36:00,2026-08-29 03:35:08.418089983,East,Account,Profile Update,Medium,Email,Consumer,Agent_08,Resolved,48,42.99,Met,4.0
TKT04054,2026-03-13 07:22:00,2026-03-13 23:37:42.135716988,South,Payment,Duplicate Charge,Medium,Web,Consumer,Agent_12,Closed,48,16.26,Met,5.0
TKT04055,2026-05-23 11:28:00,2026-05-25 21:29:54.417984931,North,Refund,Refund Pending,High,Chat,Consumer,Agent_13,Resolved,24,58.03,Breached,3.0
TKT04056,2026-09-26 14:09:00,2026-09-28 03:49:11.003507335,East,Payment,Payment Failed,Medium,Email,Consumer,Agent_03,Resolved,48,37.67,Met,4.0
TKT04057,2026-08-29 13:52:00,2026-08-31 10:36:12.122370812,South,Delivery,Damaged Item,High,Chat,Consumer,Agent_19,Closed,24,44.74,Breached,3.0
TKT04058,2026-09-02 05:38:00,2026-09-03 19:25:41.694399877,East,Refund,Refund Pending,Medium,Phone,Consumer,Agent_12,Resolved,48,37.79,Met,4.0
TKT04059,2026-06-12 19:19:00,2026-06-14 10:23:49.236342963,West,Refund,Refund Failed,Low,Email,Business,Agent_02,Resolved,72,39.08,Met,3.0
TKT04060,2026-03-01 06:26:00,2026-03-01 13:20:01.935976492,West,Refund,Refund Request,Critical,Phone,Consumer,Agent_20,Resolved,12,6.9,Met,3.0
TKT04061,2026-01-06 17:28:00,2026-01-09 16:10:06.651024544,South,Technical,System Issue,Low,Chat,Business,Agent_18,Resolved,72,70.7,Met,5.0
TKT04062,2026-07-16 08:25:00,2026-07-17 03:13:54.583447820,West,Payment,Duplicate Charge,Critical,Web,Consumer,Agent_16,Resolved,12,18.82,Breached,1.0
TKT04063,2026-02-27 22:28:00,2026-02-28 22:21:59.077482777,West,Payment,Payment Failed,Low,Phone,Consumer,Agent_09,Resolved,72,23.9,Met,3.0
TKT04064,2026-08-05 11:19:00,2026-08-07 04:39:18.388463517,South,Login,Account Locked,Medium,Email,Business,Agent_17,Resolved,48,41.34,Met,4.0
TKT04065,2026-01-26 22:41:00,2026-01-29 18:52:29.580164545,East,Account,Profile Update,Low,Email,Consumer,Agent_18,Resolved,72,68.19,Met,4.0
TKT04066,2026-01-05 11:29:00,2026-01-07 11:23:31.024606132,South,Payment,Payment Failed,Low,Chat,Consumer,Agent_19,Resolved,72,47.91,Met,5.0
TKT04067,2026-01-20 14:44:00,2026-01-22 10:32:58.553949160,West,Delivery,Damaged Item,High,Email,Business,Agent_07,Resolved,24,43.82,Breached,
TKT04068,2026-07-17 18:38:00,2026-07-18 14:44:15.576397315,East,Technical,Website Error,High,Chat,Business,Agent_04,Resolved,24,20.1,Met,3.0
TKT04069,2026-02-28 10:22:00,,West,Technical,App Error,High,Phone,Consumer,Agent_08,Pending,24,,Pending,3.0
TKT04070,2026-08-30 19:29:00,2026-09-01 19:13:46.651853616,North,Delivery,Damaged Item,Medium,Web,Consumer,Agent_01,Closed,48,47.75,Met,4.0
TKT04071,2026-05-26 14:52:00,2026-05-27 12:35:27.506080718,South,Login,OTP Issue,Medium,Phone,Consumer,Agent_10,Resolved,48,21.72,Met,5.0
TKT04072,2026-09-30 15:52:00,2026-10-01 08:54:48.116955249,South,Account,Account Verification,High,Phone,Business,Agent_04,Closed,24,17.05,Met,5.0
TKT04073,2026-09-06 20:54:00,2026-09-07 15:45:41.954454374,South,Payment,Card Declined,Medium,Chat,Consumer,Agent_17,Resolved,48,18.86,Met,5.0
TKT04074,2026-01-14 13:03:00,2026-01-15 07:37:33.980239441,South,Account,Profile Update,High,Web,Business,Agent_07,Closed,24,18.58,Met,4.0
TKT04075,2026-01-13 08:14:00,2026-01-13 22:56:22.400443123,North,Payment,Payment Failed,Medium,Phone,Consumer,Agent_01,Resolved,48,14.71,Met,5.0
TKT04076,2026-02-13 17:41:00,2026-02-14 22:57:48.072721807,East,Payment,Duplicate Charge,Low,Chat,Consumer,Agent_16,Resolved,72,29.28,Met,
TKT04077,2026-01-19 12:26:00,2026-01-20 18:11:42.916598715,East,Delivery,Damaged Item,High,Phone,Consumer,Agent_10,Closed,24,29.76,Breached,3.0
TKT04078,2026-03-04 07:16:00,2026-03-04 17:17:59.895637032,East,Account,Account Verification,High,Phone,Consumer,Agent_11,Closed,24,10.03,Met,5.0
TKT04079,2026-08-27 23:11:00,2026-08-29 00:52:55.518070365,North,Technical,App Error,High,Email,Consumer,Agent_06,Resolved,24,25.7,Breached,2.0
TKT04080,2026-04-10 05:44:00,2026-04-11 00:03:00.207831871,North,Technical,System Issue,Low,Phone,Business,Agent_01,Closed,72,18.32,Met,4.0
TKT04081,2026-06-12 19:43:00,2026-06-14 10:54:26.157617768,East,Login,Account Locked,Medium,Web,Consumer,Agent_09,Resolved,48,39.19,Met,5.0
TKT04082,2026-05-02 09:09:00,2026-05-03 06:18:28.390165639,East,Payment,Card Declined,Medium,Phone,Consumer,Agent_11,Resolved,48,21.16,Met,4.0
TKT04083,2026-02-13 13:39:00,2026-02-15 11:07:09.609169958,North,Account,Profile Update,Medium,Chat,Consumer,Agent_06,Resolved,48,45.47,Met,3.0
TKT04084,2026-05-25 09:00:00,2026-05-28 09:10:29.409380587,West,Account,Profile Update,Low,Email,Consumer,Agent_19,Resolved,72,72.17,Breached,2.0
TKT04085,2026-02-19 02:23:00,2026-02-19 17:56:35.633789798,North,Payment,Payment Failed,High,Chat,Consumer,Agent_13,Closed,24,15.56,Met,4.0
TKT04086,2026-03-06 09:47:00,,South,Login,OTP Issue,Medium,Web,Consumer,Agent_17,Pending,48,,Pending,3.0
TKT04087,2026-06-13 10:56:00,2026-06-14 09:47:06.715250078,East,Account,Account Verification,Medium,Phone,Consumer,Agent_14,Resolved,48,22.85,Met,5.0
TKT04088,2026-05-21 05:44:00,2026-05-22 13:00:48.024647878,West,Technical,App Error,Low,Phone,Consumer,Agent_20,Resolved,72,31.28,Met,4.0
TKT04089,2026-05-08 21:32:00,2026-05-09 15:56:03.666825694,East,Delivery,Wrong Item,Critical,Email,Consumer,Agent_04,Closed,12,18.4,Breached,3.0
TKT04090,2026-08-27 11:35:00,2026-08-30 03:11:23.457261733,West,Payment,Card Declined,Low,Phone,Consumer,Agent_07,Resolved,72,63.61,Met,4.0
TKT04091,2026-07-06 04:27:00,2026-07-06 16:14:28.527075340,East,Delivery,Wrong Item,High,Chat,Consumer,Agent_15,Resolved,24,11.79,Met,4.0
TKT04092,2026-07-27 02:48:00,2026-07-27 07:59:34.778340542,East,Payment,Payment Failed,Critical,Chat,Consumer,Agent_10,Resolved,12,5.19,Met,4.0
TKT04093,2026-08-08 00:32:00,2026-08-08 06:49:12.653619180,East,Account,Account Access,High,Email,Consumer,Agent_05,Resolved,24,6.29,Met,5.0
TKT04094,2026-07-09 06:16:00,2026-07-10 11:46:52.503992499,South,Technical,App Error,Critical,Phone,Consumer,Agent_13,Closed,12,29.51,Breached,1.0
TKT04095,2026-08-25 20:37:00,2026-08-26 22:55:55.610992357,North,Technical,System Issue,High,Email,Consumer,Agent_15,Resolved,24,26.32,Breached,3.0
TKT04096,2026-07-13 06:32:00,2026-07-15 10:04:24.400697197,West,Account,Profile Update,Low,Web,Business,Agent_03,Resolved,72,51.54,Met,5.0
TKT04097,2026-09-16 08:08:00,2026-09-18 08:18:09.573504718,South,Payment,Payment Failed,Low,Phone,Business,Agent_19,Closed,72,48.17,Met,4.0
TKT04098,2026-09-03 12:01:00,2026-09-04 16:35:36.385620456,South,Technical,Website Error,Medium,Phone,Consumer,Agent_03,Resolved,48,28.58,Met,3.0
TKT04099,2026-05-16 15:45:00,2026-05-18 03:55:06.296433492,East,Technical,Website Error,Low,Phone,Consumer,Agent_19,Resolved,72,36.17,Met,3.0
TKT04100,2026-09-28 17:32:00,2026-10-01 15:08:42.154067376,West,Technical,App Error,High,Web,Business,Agent_12,Resolved,24,69.61,Breached,2.0
TKT04101,2026-06-20 00:38:00,2026-06-22 05:32:04.627809745,West,Refund,Refund Pending,Medium,Web,Consumer,Agent_14,Resolved,48,52.9,Breached,3.0
TKT04102,2026-06-08 19:56:00,2026-06-10 03:53:47.293025569,West,Account,Account Verification,High,Web,Consumer,Agent_08,Closed,24,31.96,Breached,2.0
TKT04103,2026-07-20 17:20:00,2026-07-21 17:00:25.871643426,West,Payment,Duplicate Charge,Medium,Chat,Business,Agent_18,Resolved,48,23.67,Met,4.0
TKT04104,2026-02-14 17:59:00,2026-02-15 11:12:46.845786471,West,Delivery,Wrong Item,Medium,Email,Consumer,Agent_04,Closed,48,17.23,Met,5.0
TKT04105,2026-09-21 03:45:00,2026-09-22 07:28:48.785018491,South,Login,OTP Issue,Critical,Chat,Business,Agent_11,Resolved,12,27.73,Breached,1.0
TKT04106,2026-03-12 01:06:00,2026-03-15 09:54:48.508408980,West,Refund,Refund Failed,Low,Web,Consumer,Agent_17,Resolved,72,80.81,Breached,2.0
TKT04107,2026-04-13 20:20:00,2026-04-14 09:19:06.371651274,,Technical,Website Error,High,Chat,Business,Agent_19,Resolved,24,12.99,Met,5.0
TKT04108,2026-05-05 13:54:00,2026-05-06 01:26:08.487521012,West,Delivery,Damaged Item,High,Chat,Business,Agent_04,Closed,24,11.54,Met,4.0
TKT04109,2026-08-18 17:26:00,2026-08-23 02:40:02.692732509,East,Login,Account Locked,Low,Email,Business,Agent_06,Resolved,72,105.23,Breached,4.0
TKT04110,2026-05-26 16:38:00,2026-05-28 18:04:15.953391740,South,Login,Account Locked,Medium,Web,Consumer,Agent_02,Resolved,48,49.44,Breached,2.0
TKT04111,2026-07-16 03:56:00,2026-07-17 02:09:14.602121079,South,Login,Password Reset,Medium,Chat,Consumer,Agent_07,Resolved,48,22.22,Met,3.0
TKT04112,2026-08-09 15:56:00,2026-08-11 00:36:31.148957528,West,Payment,Payment Failed,High,Chat,Consumer,Agent_19,Resolved,24,32.68,Breached,1.0
TKT04113,2026-03-01 15:18:00,2026-03-02 21:17:59.460016232,West,Account,Profile Update,Medium,Phone,Consumer,Agent_14,Resolved,48,30.0,Met,4.0
TKT04114,2026-04-08 19:21:00,2026-04-10 01:28:01.149959528,North,Login,OTP Issue,Medium,Phone,Consumer,Agent_16,Resolved,48,30.12,Met,5.0
TKT04115,2026-06-20 07:52:00,2026-06-21 04:34:20.218212010,East,Refund,Refund Request,High,Web,Consumer,Agent_08,Closed,24,20.71,Met,5.0
TKT04116,2026-06-22 09:12:00,,East,Technical,Website Error,Low,Chat,Consumer,Agent_18,Pending,72,,Pending,3.0
TKT04117,2026-05-31 11:34:00,2026-06-01 05:06:29.852047766,South,Delivery,Damaged Item,High,Web,Consumer,Agent_09,Resolved,24,17.54,Met,5.0
TKT04118,2026-05-02 20:52:00,2026-05-03 14:54:44.113841167,East,Refund,Refund Failed,High,Email,Consumer,Agent_04,Resolved,24,18.05,Met,4.0
TKT04119,2026-04-18 05:16:00,2026-04-18 21:18:36.899598159,North,Delivery,Wrong Item,High,Web,Consumer,Agent_14,Resolved,24,16.04,Met,3.0
TKT04120,2026-01-04 09:57:00,2026-01-07 10:20:00.508262571,West,Refund,Refund Request,High,Web,Consumer,Agent_20,Resolved,24,72.38,Breached,3.0
TKT04121,2026-04-03 12:47:00,2026-04-05 07:04:05.268392322,West,Account,Account Verification,Medium,Chat,Business,Agent_18,Resolved,48,42.28,Met,5.0
TKT04122,2026-01-06 14:45:00,2026-01-07 07:17:24.329633132,West,Technical,System Issue,Critical,Email,Consumer,Agent_20,Resolved,12,16.54,Breached,2.0
TKT04123,2026-04-16 09:20:00,2026-04-17 19:07:55.455566236,South,Delivery,Damaged Item,Medium,Web,Consumer,Agent_05,Closed,48,33.8,Met,4.0
TKT04124,2026-05-26 20:24:00,2026-05-30 06:17:52.001641968,North,Payment,Payment Failed,Medium,Phone,Consumer,Agent_01,Resolved,48,81.9,Breached,2.0
TKT04125,2026-09-28 04:17:00,2026-09-28 11:45:06.676777707,South,Login,Account Locked,Low,Email,Consumer,Agent_06,Resolved,72,7.47,Met,4.0
TKT04126,2026-04-06 20:01:00,,South,Technical,App Error,Critical,Chat,Consumer,Agent_20,Pending,12,,Pending,2.0
TKT04127,2026-08-17 12:36:00,,East,Account,Profile Update,High,Phone,Consumer,Agent_04,Pending,24,,Pending,3.0
TKT04128,2026-07-21 02:02:00,2026-07-21 21:55:59.414175826,East,Login,OTP Issue,High,Email,Consumer,Agent_19,Resolved,24,19.9,Met,4.0
TKT04129,2026-07-31 05:41:00,2026-08-03 11:26:21.847620877,South,Technical,System Issue,Low,Chat,Consumer,Agent_17,Resolved,72,77.76,Breached,2.0
TKT04130,2026-01-06 19:54:00,2026-01-07 21:16:52.762724932,North,Technical,App Error,High,Chat,Consumer,Agent_06,Resolved,24,25.38,Breached,2.0
TKT04131,2026-04-22 18:02:00,2026-04-24 10:49:50.113895010,South,Refund,Refund Pending,High,Email,Consumer,Agent_05,Resolved,24,40.8,Breached,1.0
TKT04132,2026-04-16 04:19:00,2026-04-17 19:14:59.761067494,South,Payment,Duplicate Charge,High,Email,Consumer,Agent_06,Closed,24,38.93,Breached,2.0
TKT04133,2026-05-19 23:16:00,2026-05-21 21:09:10.360187710,South,Payment,Card Declined,Medium,Email,Consumer,Agent_01,Closed,48,45.89,Met,5.0
TKT04134,2026-04-06 01:34:00,2026-04-09 10:13:16.477253784,West,Payment,Card Declined,Medium,Chat,Business,Agent_18,Closed,48,80.65,Breached,1.0
TKT04135,2026-08-02 19:08:00,2026-08-06 14:38:27.454310823,West,Refund,Refund Failed,Low,Phone,Consumer,Agent_15,Resolved,72,91.51,Breached,3.0
TKT04136,2026-01-22 00:40:00,2026-01-23 21:12:56.014689332,North,Refund,Refund Failed,Medium,Phone,Business,Agent_16,Resolved,48,44.55,Met,4.0
TKT04137,2026-07-12 04:13:00,2026-07-13 08:42:48.808188499,East,Delivery,Damaged Item,Low,Chat,Consumer,Agent_09,Resolved,72,28.5,Met,5.0
TKT04138,2026-05-30 00:06:00,2026-05-30 20:21:08.713253772,East,Refund,Refund Request,Medium,Email,Consumer,Agent_05,Resolved,48,20.25,Met,5.0
TKT04139,2026-09-04 12:07:00,2026-09-05 10:37:44.290471823,North,Payment,Card Declined,Low,Chat,Consumer,Agent_11,Resolved,72,22.51,Met,4.0
TKT04140,2026-09-24 01:08:00,2026-09-25 06:18:25.350439076,East,Refund,Refund Failed,Low,Chat,Consumer,Agent_05,Resolved,72,29.17,Met,4.0
TKT04141,2026-09-08 18:24:00,2026-09-12 01:37:36.865992028,South,Payment,Duplicate Charge,Low,Chat,Consumer,Agent_06,Resolved,72,79.23,Breached,3.0
TKT04142,2026-01-03 09:01:00,2026-01-04 03:30:15.424052924,West,Payment,Card Declined,Critical,Chat,Business,Agent_02,Resolved,12,18.49,Breached,2.0
TKT04143,2026-03-17 21:25:00,2026-03-20 10:24:36.514665178,West,Payment,Payment Failed,Medium,Phone,Consumer,Agent_10,Resolved,48,60.99,Breached,2.0
TKT04144,2026-03-28 01:28:00,2026-03-28 22:50:11.970451747,East,Delivery,Damaged Item,Medium,Email,Business,Agent_04,Resolved,48,21.37,Met,3.0
TKT04145,2026-09-27 20:31:00,2026-09-29 22:55:55.617752116,East,Account,Account Verification,Medium,Chat,Consumer,Agent_14,Resolved,48,50.42,Breached,3.0
TKT04146,2026-08-13 03:32:00,2026-08-18 05:54:19.694306683,North,Technical,App Error,Medium,Chat,Consumer,Agent_03,Resolved,48,122.37,Breached,2.0
TKT04147,2026-01-18 13:53:00,2026-01-19 14:07:59.725348191,North,Refund,Refund Pending,Critical,Email,Consumer,Agent_13,Resolved,12,24.25,Breached,2.0
TKT04148,2026-04-23 04:25:00,2026-04-25 09:54:08.857726213,South,Login,Password Reset,Low,Email,Consumer,Agent_15,Closed,72,53.49,Met,5.0
TKT04149,2026-09-08 15:11:00,2026-09-09 10:37:49.088269197,South,Payment,Payment Failed,Medium,Chat,Consumer,Agent_16,Resolved,48,19.45,Met,4.0
TKT04150,2026-08-21 04:52:00,2026-08-21 21:10:01.173134095,East,Login,Account Locked,Critical,Chat,Business,Agent_05,Closed,12,16.3,Breached,3.0
TKT04151,2026-07-21 20:30:00,2026-07-23 16:06:38.068893630,North,Delivery,Damaged Item,Medium,Email,Consumer,Agent_10,Closed,48,43.61,Met,5.0
TKT04152,2026-03-24 05:32:00,2026-03-25 13:45:27.025996900,West,Account,Profile Update,Low,Email,Business,Agent_03,Resolved,72,32.22,Met,3.0
TKT04153,2026-05-05 18:20:00,2026-05-07 17:11:42.659444955,,Login,Password Reset,Low,Phone,Consumer,Agent_16,Resolved,72,46.86,Met,5.0
TKT04154,2026-06-24 21:51:00,2026-06-27 03:15:05.093959806,South,Delivery,Late Delivery,Low,Chat,Consumer,Agent_08,Resolved,72,53.4,Met,4.0
TKT04155,2026-03-10 16:44:00,2026-03-11 03:53:39.082480416,East,Technical,App Error,Critical,Web,Consumer,Agent_16,Resolved,12,11.16,Met,5.0
TKT04156,2026-02-16 00:46:00,2026-02-17 12:23:57.269977096,East,Delivery,Wrong Item,Medium,Email,Consumer,Agent_05,Resolved,48,35.63,Met,5.0
TKT04157,2026-09-13 10:21:00,2026-09-14 05:20:22.169029592,North,Refund,Refund Pending,Critical,Email,Consumer,Agent_11,Closed,12,18.99,Breached,2.0
TKT04158,2026-08-03 20:23:00,2026-08-04 02:13:19.584542940,North,Payment,Card Declined,Critical,Phone,Consumer,Agent_19,Resolved,12,5.84,Met,4.0
TKT04159,2026-01-30 07:06:00,,North,Refund,Refund Request,Medium,Phone,Business,Agent_16,Pending,48,,Pending,3.0
TKT04160,2026-08-25 03:29:00,2026-08-27 18:07:22.591636767,North,Login,OTP Issue,Low,Web,Business,Agent_14,Closed,72,62.64,Met,5.0
TKT04161,2026-09-05 14:47:00,2026-09-08 08:05:40.213187550,South,Technical,App Error,Low,Email,Consumer,Agent_11,Resolved,72,65.31,Met,5.0
TKT04162,2026-01-25 02:33:00,2026-01-26 20:05:59.963606606,South,Refund,Refund Failed,Medium,Chat,Consumer,Agent_14,Resolved,48,41.55,Met,4.0
TKT04163,2026-03-15 06:54:00,2026-03-16 23:22:16.799235844,North,Login,Password Reset,Medium,Chat,Consumer,Agent_16,Resolved,48,40.47,Met,5.0
TKT04164,2026-07-25 22:56:00,2026-07-28 22:48:59.608709954,East,Technical,Website Error,Medium,Chat,Consumer,Agent_18,Resolved,48,71.88,Breached,2.0
TKT04165,2026-04-04 19:40:00,2026-04-06 18:28:15.509198793,West,Payment,Card Declined,Medium,Phone,Consumer,Agent_03,Resolved,48,46.8,Met,5.0
TKT04166,2026-05-07 21:24:00,2026-05-08 05:31:10.689637814,West,Technical,App Error,Critical,Web,Business,Agent_03,Closed,12,8.12,Met,3.0
TKT04167,2026-01-25 18:20:00,2026-01-26 17:40:06.303758524,South,Account,Account Verification,Medium,Web,Business,Agent_01,Resolved,48,23.34,Met,4.0
TKT04168,2026-04-26 12:48:00,2026-04-27 06:37:01.853084578,North,Delivery,Late Delivery,High,Web,Consumer,Agent_12,Resolved,24,17.82,Met,5.0
TKT04169,2026-02-17 16:22:00,2026-02-18 19:12:52.700480444,North,Refund,Refund Pending,High,Email,Business,Agent_07,Closed,24,26.85,Breached,2.0
TKT04170,2026-08-14 19:14:00,2026-08-16 09:13:05.681218689,West,Technical,Website Error,Low,Email,Business,Agent_11,Resolved,72,37.98,Met,5.0
TKT04171,2026-09-23 09:38:00,2026-09-24 20:31:21.896817615,East,Payment,Duplicate Charge,Low,Web,Consumer,Agent_13,Resolved,72,34.89,Met,5.0
TKT04172,2026-04-09 12:19:00,2026-04-12 05:20:28.934527728,West,Payment,Duplicate Charge,Low,Web,Consumer,Agent_14,Resolved,72,65.02,Met,5.0
TKT04173,2026-01-11 02:42:00,2026-01-12 21:31:30.397135886,East,Login,Password Reset,Low,Web,Consumer,Agent_12,Resolved,72,42.83,Met,4.0
TKT04174,2026-03-26 17:18:00,2026-03-27 07:28:38.382466800,West,Refund,Refund Failed,Medium,Phone,Consumer,Agent_06,Closed,48,14.18,Met,3.0
TKT04175,2026-08-02 20:55:00,,North,Delivery,Damaged Item,Medium,Web,Consumer,Agent_06,Pending,48,,Pending,3.0
TKT04176,2026-06-22 03:14:00,2026-06-22 19:15:02.880337144,South,Technical,Website Error,Medium,Chat,Business,Agent_07,Resolved,48,16.02,Met,4.0
TKT04177,2026-07-28 09:01:00,2026-07-29 00:13:12.983567472,South,Refund,Refund Request,Critical,Email,Consumer,Agent_06,Resolved,12,15.2,Breached,2.0
TKT04178,2026-03-05 05:58:00,2026-03-06 04:58:59.384826018,East,Account,Profile Update,Low,Chat,Business,Agent_09,Resolved,72,23.02,Met,5.0
TKT04179,2026-09-15 14:09:00,2026-09-18 02:52:14.502225158,South,Payment,Payment Failed,Medium,Email,Consumer,Agent_17,Closed,48,60.72,Breached,3.0
TKT04180,2026-05-01 22:34:00,2026-05-03 04:13:38.387893305,South,Account,Profile Update,Low,Phone,Consumer,Agent_17,Resolved,72,29.66,Met,3.0
TKT04181,2026-02-23 07:06:00,2026-02-23 19:47:12.802074756,South,Technical,App Error,Medium,Phone,Consumer,Agent_15,Resolved,48,12.69,Met,5.0
TKT04182,2026-09-29 08:16:00,2026-09-30 01:13:07.653657823,West,Payment,Card Declined,Medium,Chat,Consumer,Agent_01,Resolved,48,16.95,Met,4.0
TKT04183,2026-08-29 13:47:00,,North,Technical,Website Error,Critical,Phone,Business,Agent_14,Pending,12,,Pending,3.0
TKT04184,2026-08-31 08:05:00,2026-09-01 09:04:04.495978248,West,Login,Account Locked,Medium,Email,Business,Agent_02,Resolved,48,24.98,Met,4.0
TKT04185,2026-01-18 23:56:00,2026-01-20 07:36:45.307666826,North,Login,Password Reset,Low,Phone,Consumer,Agent_20,Resolved,72,31.68,Met,4.0
TKT04186,2026-07-06 05:29:00,2026-07-08 03:27:48.395605936,South,Technical,Website Error,Medium,Chat,Business,Agent_07,Closed,48,45.98,Met,5.0
TKT04187,2026-05-24 14:48:00,2026-05-26 11:00:34.356039868,West,Payment,Duplicate Charge,Low,Phone,Consumer,Agent_13,Resolved,72,44.21,Met,5.0
TKT04188,2026-09-19 16:30:00,2026-09-21 07:35:17.286539060,North,Account,Profile Update,Low,Web,Consumer,Agent_07,Resolved,72,39.09,Met,4.0
TKT04189,2026-08-27 19:30:00,2026-08-30 16:32:04.053508501,West,Refund,Refund Request,Medium,Email,Business,Agent_18,Resolved,48,69.03,Breached,3.0
TKT04190,2026-03-17 04:18:00,,East,Account,Account Access,Low,Phone,Consumer,Agent_06,Pending,72,,Pending,2.0
TKT04191,2026-07-07 04:51:00,2026-07-10 00:48:05.351746453,West,Technical,Website Error,Medium,Email,Consumer,Agent_19,Resolved,48,67.95,Breached,3.0
TKT04192,2026-09-03 02:22:00,2026-09-04 20:57:24.398337768,South,Technical,Website Error,Medium,Chat,Consumer,Agent_09,Resolved,48,42.59,Met,5.0
TKT04193,2026-05-10 12:26:00,2026-05-12 04:26:37.752505225,West,Payment,Payment Failed,Medium,Web,Business,Agent_10,Resolved,48,40.01,Met,5.0
TKT04194,2026-03-20 10:26:00,2026-03-21 08:11:48.508922156,South,Payment,Duplicate Charge,Low,Email,Business,Agent_04,Closed,72,21.76,Met,4.0
TKT04195,2026-03-13 23:08:00,2026-03-14 02:20:23.818034491,East,Login,Account Locked,Critical,Web,Consumer,Agent_12,Resolved,12,3.21,Met,4.0
TKT04196,2026-09-20 01:29:00,2026-09-20 15:31:42.797033631,South,Delivery,Wrong Item,Medium,Web,Consumer,Agent_13,Resolved,48,14.05,Met,4.0
TKT04197,2026-07-10 11:59:00,2026-07-10 20:08:53.763769195,South,Delivery,Damaged Item,High,Web,Consumer,Agent_18,Resolved,24,8.16,Met,4.0
TKT04198,2026-03-04 19:47:00,2026-03-06 18:41:40.356345106,South,Delivery,Damaged Item,Medium,Phone,Consumer,Agent_13,Resolved,48,46.91,Met,4.0
TKT04199,2026-01-12 08:00:00,2026-01-14 06:11:56.147375680,West,Technical,System Issue,Medium,Phone,Consumer,Agent_20,Closed,48,46.2,Met,4.0
TKT04200,2026-05-21 01:23:00,2026-05-21 22:32:56.319385651,East,Technical,Website Error,Medium,Chat,Business,Agent_18,Resolved,48,21.17,Met,5.0
TKT04201,2026-09-11 18:20:00,2026-09-12 12:55:36.185789623,West,Delivery,Late Delivery,Medium,Phone,Consumer,Agent_05,Closed,48,18.59,Met,3.0
TKT04202,2026-02-12 11:12:00,2026-02-14 21:24:49.366082264,North,Technical,App Error,Low,Chat,Consumer,Agent_16,Closed,72,58.21,Met,5.0
TKT04203,2026-01-17 08:36:00,2026-01-18 03:17:46.198292924,West,Payment,Payment Failed,Medium,Chat,Consumer,Agent_10,Closed,48,18.7,Met,4.0
TKT04204,2026-03-04 08:04:00,2026-03-05 21:49:47.917770080,North,Technical,System Issue,High,Web,Consumer,Agent_14,Resolved,24,37.76,Breached,4.0
TKT04205,2026-09-10 13:01:00,2026-09-10 23:50:46.670539375,South,Technical,Website Error,High,Email,Consumer,Agent_15,Resolved,24,10.83,Met,5.0
TKT04206,2026-01-08 01:43:00,2026-01-10 14:13:23.867419582,North,Payment,Card Declined,Low,Phone,Consumer,Agent_11,Resolved,72,60.51,Met,4.0
TKT04207,2026-03-31 05:38:00,,South,Account,Account Verification,Medium,Email,Consumer,Agent_08,Pending,48,,Pending,4.0
TKT04208,2026-07-27 11:26:00,2026-07-27 16:06:40.635179522,East,Account,Profile Update,High,Chat,Consumer,Agent_17,Closed,24,4.68,Met,5.0
TKT04209,2026-04-28 14:59:00,2026-04-29 03:13:10.453037881,East,Payment,Card Declined,High,Chat,Consumer,Agent_03,Resolved,24,12.24,Met,3.0
TKT04210,2026-06-24 10:06:00,,South,Payment,Payment Failed,Low,Chat,Consumer,Agent_01,Pending,72,,Pending,4.0
TKT04211,2026-03-17 03:42:00,2026-03-17 11:45:41.693497149,South,Account,Account Verification,High,Web,Consumer,Agent_07,Closed,24,8.06,Met,3.0
TKT04212,2026-04-11 17:12:00,2026-04-12 17:27:48.054831001,South,Payment,Card Declined,Medium,Email,Consumer,Agent_02,Closed,48,24.26,Met,4.0
TKT04213,2026-05-31 17:56:00,2026-06-01 20:47:00.822071952,North,Technical,System Issue,Medium,Web,Consumer,Agent_10,Resolved,48,26.85,Met,5.0
TKT04214,2026-09-27 18:20:00,2026-09-28 21:50:10.689423710,East,Payment,Duplicate Charge,Medium,Email,Consumer,Agent_18,Closed,48,27.5,Met,3.0
TKT04215,2026-03-12 08:22:00,2026-03-13 06:48:59.814275488,South,Technical,App Error,High,Web,Consumer,Agent_07,Closed,24,22.45,Met,4.0
TKT04216,2026-06-29 22:19:00,2026-06-30 09:08:19.012087023,North,Account,Account Access,Critical,Chat,Consumer,Agent_05,Resolved,12,10.82,Met,5.0
TKT04217,2026-05-04 13:41:00,,South,Account,Profile Update,Critical,Phone,Consumer,Agent_04,Pending,12,,Pending,4.0
TKT04218,2026-07-14 10:23:00,2026-07-16 03:35:34.773173647,East,Payment,Card Declined,Low,Web,Consumer,Agent_14,Resolved,72,41.21,Met,5.0
TKT04219,2026-08-16 02:44:00,2026-08-16 11:43:47.392030770,West,Technical,App Error,Critical,Web,Consumer,Agent_03,Resolved,12,9.0,Met,4.0
TKT04220,2026-04-16 21:42:00,2026-04-19 06:53:55.951293235,East,Payment,Payment Failed,Low,Phone,Consumer,Agent_13,Closed,72,57.2,Met,5.0
TKT04221,2026-01-21 17:30:00,2026-01-22 21:15:03.876102144,West,Payment,Payment Failed,Medium,Phone,Business,Agent_03,Resolved,48,27.75,Met,3.0
TKT04222,2026-03-05 18:13:00,2026-03-08 05:00:10.781405192,East,Refund,Refund Failed,Medium,Web,Business,Agent_08,Closed,48,58.79,Breached,4.0
TKT04223,2026-06-14 20:41:00,2026-06-16 04:47:31.989371353,South,Delivery,Late Delivery,Medium,Chat,Business,Agent_18,Resolved,48,32.11,Met,4.0
TKT04224,2026-01-27 23:08:00,2026-01-28 22:40:35.246544183,East,Login,OTP Issue,Medium,Chat,Consumer,Agent_19,Resolved,48,23.54,Met,5.0
TKT04225,2026-05-28 22:09:00,2026-06-02 04:14:55.512776598,South,Account,Account Access,Medium,Phone,Consumer,Agent_04,Resolved,48,102.1,Breached,3.0
TKT04226,2026-06-13 19:07:00,2026-06-14 04:16:10.706416758,North,Account,Account Access,Critical,Web,Business,Agent_10,Resolved,12,9.15,Met,5.0
TKT04227,2026-08-12 00:18:00,2026-08-13 05:35:34.842078675,West,Account,Account Verification,Low,Email,Consumer,Agent_03,Closed,72,29.29,Met,5.0
TKT04228,2026-09-29 21:20:00,2026-09-30 11:10:04.996045021,West,Payment,Payment Failed,Medium,Phone,Consumer,Agent_12,Resolved,48,13.83,Met,5.0
TKT04229,2026-05-26 21:59:00,2026-05-27 05:12:22.832068868,North,Payment,Card Declined,Critical,Email,Business,Agent_06,Resolved,12,7.22,Met,5.0
TKT04230,2026-01-30 17:25:00,2026-02-02 04:01:39.886943950,West,Delivery,Wrong Item,Low,Phone,Consumer,Agent_19,Resolved,72,58.61,Met,5.0
TKT04231,2026-02-14 16:28:00,2026-02-15 17:21:02.840945388,North,Technical,Website Error,Medium,Web,Consumer,Agent_04,Closed,48,24.88,Met,5.0
TKT04232,2026-02-03 07:29:00,2026-02-05 16:18:45.217513027,South,Refund,Refund Failed,High,Chat,Consumer,Agent_03,Resolved,24,56.83,Breached,1.0
TKT04233,2026-05-21 09:11:00,2026-05-22 09:33:13.291610566,East,Delivery,Late Delivery,Medium,Phone,Consumer,Agent_18,Resolved,48,24.37,Met,5.0
TKT04234,2026-08-09 17:51:00,2026-08-10 04:19:14.807660307,West,Refund,Refund Request,High,Email,Consumer,Agent_08,Resolved,24,10.47,Met,3.0
TKT04235,2026-01-22 11:34:00,2026-01-23 15:55:48.862409112,East,Payment,Card Declined,Low,Web,Consumer,Agent_02,Resolved,72,28.36,Met,5.0
TKT04236,2026-06-29 09:46:00,2026-07-01 01:50:09.943987306,South,Account,Account Verification,High,Web,Business,Agent_07,Closed,24,40.07,Breached,1.0
TKT04237,2026-08-19 12:00:00,2026-08-22 18:21:43.144555352,West,Technical,Website Error,Low,Web,Business,Agent_11,Resolved,72,78.36,Breached,4.0
TKT04238,2026-02-07 20:06:00,2026-02-12 12:20:56.977690516,North,Refund,Refund Request,Medium,Email,Business,Agent_06,Resolved,48,112.25,Breached,2.0
TKT04239,2026-03-11 01:46:00,2026-03-12 10:37:01.935001000,North,Payment,Payment Failed,Low,Phone,Business,Agent_19,Closed,72,32.85,Met,4.0
TKT04240,2026-04-26 20:11:00,2026-04-28 17:57:04.789870492,West,Login,Password Reset,Medium,Chat,Consumer,Agent_03,Resolved,48,45.77,Met,5.0
TKT04241,2026-08-27 12:55:00,2026-08-29 00:12:04.107357700,South,Account,Profile Update,High,Chat,Consumer,Agent_13,Closed,24,35.28,Breached,1.0
TKT04242,2026-05-28 18:29:00,2026-05-29 07:25:51.159820480,East,Login,Password Reset,Critical,Email,Business,Agent_20,Closed,12,12.95,Breached,2.0
TKT04243,2026-01-09 19:20:00,2026-01-10 12:23:49.566954967,East,Login,Password Reset,High,Chat,Consumer,Agent_02,Resolved,24,17.06,Met,5.0
TKT04244,2026-02-19 14:57:00,2026-02-20 16:09:28.324003939,East,Refund,Refund Failed,Medium,Phone,Consumer,Agent_05,Resolved,48,25.21,Met,4.0
TKT04245,2026-01-05 05:35:00,2026-01-05 15:37:08.590406982,West,Login,Password Reset,Critical,Email,Business,Agent_15,Resolved,12,10.04,Met,4.0
TKT04246,2026-05-06 10:06:00,2026-05-08 16:09:10.233196736,East,Delivery,Wrong Item,Medium,Email,Business,Agent_10,Closed,48,54.05,Breached,3.0
TKT04247,2026-03-16 13:57:00,,North,Payment,Card Declined,Medium,Phone,Business,Agent_06,Pending,48,,Pending,4.0
TKT04248,2026-06-14 10:01:00,2026-06-16 23:41:24.604295073,East,Account,Account Access,Medium,Web,Consumer,Agent_14,Resolved,48,61.67,Breached,1.0
TKT04249,2026-03-18 06:42:00,2026-03-19 02:47:21.946105014,South,Delivery,Damaged Item,Medium,Phone,Consumer,Agent_01,Resolved,48,20.09,Met,4.0
TKT04250,2026-05-17 08:59:00,2026-05-17 20:10:35.524749109,East,Technical,App Error,High,Phone,Consumer,Agent_09,Resolved,24,11.19,Met,4.0
TKT04251,2026-04-16 18:15:00,2026-04-17 21:52:41.463816884,North,Payment,Duplicate Charge,Low,Chat,Consumer,Agent_10,Resolved,72,27.63,Met,4.0
TKT04252,2026-04-05 00:23:00,2026-04-06 03:24:01.183260018,East,Delivery,Damaged Item,Medium,Chat,Consumer,Agent_11,Resolved,48,27.02,Met,4.0
TKT04253,2026-05-15 10:23:00,2026-05-15 19:27:42.370853120,East,Payment,Duplicate Charge,High,Chat,Consumer,Agent_19,Closed,24,9.08,Met,4.0
TKT04254,2026-03-09 17:59:00,2026-03-09 23:54:41.321114104,West,Payment,Duplicate Charge,Critical,Web,Consumer,Agent_09,Closed,12,5.93,Met,5.0
TKT04255,2026-05-27 16:25:00,,South,Delivery,Wrong Item,High,Phone,Consumer,Agent_12,Pending,24,,Pending,4.0
TKT04256,2026-06-08 03:42:00,2026-06-09 13:27:43.417333688,East,Payment,Card Declined,Medium,Chat,Business,Agent_20,Resolved,48,33.76,Met,4.0
TKT04257,2026-06-12 02:58:00,,East,Payment,Duplicate Charge,Medium,Web,Consumer,Agent_06,Pending,48,,Pending,2.0
TKT04258,2026-07-08 13:19:00,2026-07-09 01:02:08.482004482,West,Delivery,Wrong Item,Medium,Chat,Consumer,Agent_16,Closed,48,11.72,Met,5.0
TKT04259,2026-04-05 07:13:00,2026-04-06 16:35:22.755532836,South,Payment,Duplicate Charge,Medium,Phone,Business,Agent_13,Resolved,48,33.37,Met,3.0
TKT04260,2026-06-30 13:12:00,2026-06-30 23:32:33.585479178,South,Technical,Website Error,Critical,Phone,Business,Agent_06,Resolved,12,10.34,Met,5.0
TKT04261,2026-07-06 14:43:00,2026-07-06 20:38:24.559705311,West,Payment,Card Declined,Critical,Phone,Business,Agent_13,Resolved,12,5.92,Met,4.0
TKT04262,2026-05-18 08:11:00,,South,Delivery,Wrong Item,High,Email,Consumer,Agent_15,Pending,24,,Pending,3.0
TKT04263,2026-05-10 20:12:00,2026-05-12 01:42:33.489922568,South,Delivery,Late Delivery,Low,Phone,Business,Agent_18,Resolved,72,29.51,Met,4.0
TKT04264,2026-07-13 13:29:00,2026-07-14 09:19:07.303616260,North,Delivery,Wrong Item,High,Phone,Consumer,Agent_16,Resolved,24,19.84,Met,4.0
TKT04265,2026-09-30 16:00:00,2026-10-01 13:05:22.531186604,East,Technical,Website Error,Critical,Chat,Consumer,Agent_09,Resolved,12,21.09,Breached,3.0
TKT04266,2026-05-24 06:59:00,,East,Payment,Duplicate Charge,Medium,Email,Consumer,Agent_18,Pending,48,,Pending,4.0
TKT04267,2026-01-16 21:12:00,,North,Payment,Duplicate Charge,Medium,Chat,Consumer,Agent_10,Pending,48,,Pending,3.0
TKT04268,2026-09-02 10:48:00,2026-09-03 11:57:07.742635628,South,Login,OTP Issue,High,Web,Consumer,Agent_12,Resolved,24,25.15,Breached,2.0
TKT04269,2026-04-17 19:47:00,2026-04-18 16:15:51.857640912,East,Refund,Refund Failed,Medium,Web,Consumer,Agent_05,Resolved,48,20.48,Met,3.0
TKT04270,2026-03-29 21:18:00,2026-03-30 10:06:24.897656066,South,Payment,Payment Failed,Critical,Email,Consumer,Agent_02,Closed,12,12.81,Breached,3.0
TKT04271,2026-05-09 07:55:00,2026-05-11 05:27:37.481614461,South,Technical,App Error,Medium,Phone,Consumer,Agent_09,Closed,48,45.54,Met,5.0
TKT04272,2026-01-04 02:49:00,,West,Payment,Payment Failed,High,Email,Consumer,Agent_18,Pending,24,,Pending,2.0
TKT04273,2026-04-05 22:20:00,2026-04-06 07:24:45.713854315,North,Delivery,Late Delivery,High,Phone,Consumer,Agent_01,Closed,24,9.08,Met,4.0
TKT04274,2026-07-28 02:53:00,2026-07-28 20:56:10.683961970,West,Delivery,Late Delivery,Medium,Web,Consumer,Agent_14,Resolved,48,18.05,Met,4.0
TKT04275,2026-08-13 07:49:00,2026-08-16 09:44:41.113693117,North,Delivery,Late Delivery,High,Web,Consumer,Agent_03,Closed,24,73.93,Breached,1.0
TKT04276,2026-02-16 05:44:00,2026-02-18 15:29:37.814344786,South,Account,Profile Update,Medium,Email,Consumer,Agent_11,Resolved,48,57.76,Breached,3.0
TKT04277,2026-06-30 07:24:00,2026-07-01 03:14:53.006581780,East,Login,Password Reset,Medium,Chat,Consumer,Agent_18,Closed,48,19.85,Met,5.0
TKT04278,2026-04-16 17:21:00,2026-04-17 16:42:51.684561957,South,Payment,Card Declined,Low,Web,Consumer,Agent_02,Resolved,72,23.36,Met,5.0
TKT04279,2026-07-18 18:13:00,,East,Technical,App Error,Medium,Email,Consumer,Agent_17,Pending,48,,Pending,3.0
TKT04280,2026-04-16 22:41:00,,South,Delivery,Wrong Item,High,Email,Consumer,Agent_03,Pending,24,,Pending,3.0
TKT04281,2026-09-17 10:27:00,2026-09-18 02:02:30.759627044,South,Delivery,Late Delivery,Critical,Web,Business,Agent_07,Resolved,12,15.59,Breached,2.0
TKT04282,2026-04-18 09:51:00,2026-04-18 17:54:33.666764400,East,Login,OTP Issue,Medium,Phone,Consumer,Agent_03,Resolved,48,8.06,Met,5.0
TKT04283,2026-01-19 08:46:00,2026-01-21 14:10:29.680231064,West,Delivery,Wrong Item,Medium,Chat,Consumer,Agent_15,Resolved,48,53.41,Breached,2.0
TKT04284,2026-06-20 07:35:00,2026-06-23 01:38:06.226494966,North,Delivery,Late Delivery,Low,Chat,Consumer,Agent_04,Closed,72,66.05,Met,4.0
TKT04285,2026-07-14 21:32:00,2026-07-16 06:35:31.340658495,North,Refund,Refund Failed,High,Phone,Consumer,Agent_15,Closed,24,33.06,Breached,3.0
TKT04286,2026-01-12 13:30:00,,South,Delivery,Wrong Item,Critical,Web,Consumer,Agent_03,Pending,12,,Pending,3.0
TKT04287,2026-07-14 03:07:00,2026-07-16 02:21:24.163964509,East,Account,Profile Update,Medium,Web,Business,Agent_11,Resolved,48,47.24,Met,3.0
TKT04288,2026-07-01 17:00:00,2026-07-02 22:45:51.651741099,North,Technical,Website Error,Medium,Phone,Consumer,Agent_03,Resolved,48,29.76,Met,3.0
TKT04289,2026-05-24 11:50:00,2026-05-25 03:43:54.014202693,East,Delivery,Wrong Item,Medium,Web,Consumer,Agent_20,Resolved,48,15.9,Met,4.0
TKT04290,2026-07-01 08:48:00,2026-07-03 21:31:01.251451768,West,Refund,Refund Request,Low,Chat,Consumer,Agent_18,Resolved,72,60.72,Met,4.0
TKT04291,2026-01-30 07:13:00,2026-01-31 11:50:58.715301885,West,Technical,System Issue,High,Email,Consumer,Agent_14,Resolved,24,28.63,Breached,2.0
TKT04292,2026-03-25 04:47:00,2026-03-25 17:45:19.442036298,North,Account,Profile Update,Medium,Chat,Consumer,Agent_09,Closed,48,12.97,Met,3.0
TKT04293,2026-06-15 08:18:00,2026-06-16 08:52:26.596804393,East,Delivery,Late Delivery,High,Chat,Consumer,Agent_15,Resolved,24,24.57,Breached,1.0
TKT04294,2026-04-06 05:02:00,2026-04-06 22:50:56.139275908,South,Payment,Card Declined,High,Chat,Consumer,Agent_08,Closed,24,17.82,Met,3.0
TKT04295,2026-09-23 01:26:00,2026-09-24 06:31:50.678398852,West,Delivery,Late Delivery,High,Web,Consumer,Agent_08,Resolved,24,29.1,Breached,4.0
TKT04296,2026-08-13 13:49:00,2026-08-14 04:27:32.578601740,East,Payment,Card Declined,High,Phone,Consumer,Agent_08,Resolved,24,14.64,Met,4.0
TKT04297,2026-02-11 07:17:00,2026-02-11 19:08:02.440764363,South,Refund,Refund Request,Critical,Web,Consumer,Agent_14,Resolved,12,11.85,Met,3.0
TKT04298,2026-09-03 09:00:00,2026-09-03 21:15:15.006139614,North,Account,Account Access,Critical,Phone,Consumer,Agent_06,Resolved,12,12.25,Breached,3.0
TKT04299,2026-07-27 17:25:00,2026-07-28 02:29:02.346633336,East,Payment,Payment Failed,Medium,Email,Business,Agent_13,Closed,48,9.07,Met,4.0
TKT04300,2026-08-25 13:52:00,2026-08-26 10:07:26.436316770,West,Payment,Duplicate Charge,Low,Email,Consumer,Agent_07,Resolved,72,20.26,Met,5.0
TKT04301,2026-01-22 13:16:00,2026-01-24 03:44:12.329371221,North,Delivery,Late Delivery,Medium,Chat,Consumer,Agent_15,Resolved,48,38.47,Met,4.0
TKT04302,2026-07-04 09:19:00,2026-07-04 22:57:39.390968778,North,Technical,System Issue,High,Phone,Consumer,Agent_10,Closed,24,13.64,Met,5.0
TKT04303,2026-08-30 12:41:00,,South,Payment,Payment Failed,Low,Chat,Consumer,Agent_12,Pending,72,,Pending,4.0
TKT04304,2026-02-10 07:46:00,2026-02-11 23:13:29.053641416,West,Login,Password Reset,Low,Web,Consumer,Agent_05,Resolved,72,39.46,Met,5.0
TKT04305,2026-06-11 18:44:00,2026-06-12 17:00:30.427829911,West,Technical,App Error,Low,Phone,Business,Agent_03,Resolved,72,22.28,Met,5.0
TKT04306,2026-06-09 11:14:00,2026-06-10 10:36:06.415905860,East,Payment,Payment Failed,High,Chat,Consumer,Agent_05,Resolved,24,23.37,Met,4.0
TKT04307,2026-03-30 11:24:00,2026-03-31 18:40:36.127636100,South,Account,Account Access,Medium,Web,Consumer,Agent_12,Resolved,48,31.28,Met,5.0
TKT04308,2026-01-12 19:24:00,2026-01-13 13:38:04.163943595,East,Refund,Refund Failed,Medium,Email,Business,Agent_03,Resolved,48,18.23,Met,4.0
TKT04309,2026-03-14 02:17:00,2026-03-15 08:52:23.340817968,North,Account,Profile Update,Low,Chat,Consumer,Agent_01,Closed,72,30.59,Met,4.0
TKT04310,2026-03-17 09:37:00,2026-03-18 11:54:45.228610039,North,Account,Profile Update,High,Phone,Consumer,Agent_17,Resolved,24,26.3,Breached,1.0
TKT04311,2026-07-20 11:49:00,2026-07-21 02:51:46.811941040,East,Payment,Duplicate Charge,Medium,Phone,Consumer,Agent_10,Resolved,48,15.05,Met,4.0
TKT04312,2026-01-10 03:47:00,2026-01-12 00:40:18.114186840,West,Technical,Website Error,Medium,Web,Business,Agent_06,Resolved,48,44.89,Met,5.0
TKT04313,2026-08-14 04:40:00,2026-08-15 07:53:25.483377507,West,Payment,Duplicate Charge,High,Chat,Consumer,Agent_20,Closed,24,27.22,Breached,1.0
TKT04314,2026-06-25 11:23:00,2026-06-26 10:51:27.390112554,North,Account,Profile Update,Medium,Email,Business,Agent_13,Resolved,48,23.47,Met,5.0
TKT04315,2026-02-08 13:47:00,2026-02-09 03:10:01.491846612,North,Refund,Refund Failed,Medium,Chat,Business,Agent_15,Resolved,48,13.38,Met,4.0
TKT04316,2026-03-01 07:10:00,2026-03-04 23:57:13.037968683,South,Delivery,Wrong Item,Medium,Chat,Consumer,Agent_02,Resolved,48,88.79,Breached,3.0
TKT04317,2026-03-07 17:43:00,2026-03-09 05:22:37.476102286,North,Refund,Refund Request,Medium,Phone,Consumer,Agent_02,Resolved,48,35.66,Met,5.0
TKT04318,2026-05-04 20:34:00,2026-05-05 02:09:12.191698701,North,Delivery,Late Delivery,High,Web,Consumer,Agent_17,Resolved,24,5.59,Met,5.0
TKT04319,2026-06-13 05:01:00,2026-06-14 23:11:07.189173566,North,Technical,Website Error,Low,Phone,Consumer,Agent_19,Resolved,72,42.17,Met,5.0
TKT04320,2026-06-08 18:29:00,2026-06-11 12:04:44.959009117,East,Login,Account Locked,Low,Email,Business,Agent_01,Resolved,72,65.6,Met,5.0
TKT04321,2026-02-26 23:40:00,2026-02-27 20:27:12.366976668,North,Payment,Card Declined,High,Chat,Consumer,Agent_05,Resolved,24,20.79,Met,3.0
TKT04322,2026-03-19 21:16:00,2026-03-21 16:20:23.404009051,South,Payment,Card Declined,High,Email,Business,Agent_20,Resolved,24,43.07,Breached,1.0
TKT04323,2026-07-13 08:52:00,,South,Delivery,Late Delivery,Low,Web,Consumer,Agent_16,Pending,72,,Pending,3.0
TKT04324,2026-01-15 12:48:00,2026-01-16 14:50:39.800195998,South,Login,Account Locked,Low,Web,Business,Agent_05,Resolved,72,26.04,Met,5.0
TKT04325,2026-01-12 23:24:00,2026-01-14 13:03:26.282800818,South,Login,Password Reset,High,Chat,Consumer,Agent_10,Closed,24,37.66,Breached,2.0
TKT04326,2026-04-11 07:23:00,2026-04-12 01:50:59.289461618,North,Login,Account Locked,High,Web,Consumer,Agent_10,Resolved,24,18.47,Met,4.0
TKT04327,2026-06-05 17:36:00,2026-06-06 15:11:07.360448546,South,Technical,App Error,Medium,Email,Consumer,Agent_01,Closed,48,21.59,Met,4.0
TKT04328,2026-05-05 04:19:00,2026-05-06 06:15:53.626882743,East,Login,Account Locked,High,Chat,Consumer,Agent_09,Resolved,24,25.95,Breached,1.0
TKT04329,2026-04-20 20:57:00,2026-04-21 17:20:48.648582481,East,Login,Account Locked,Low,Web,Consumer,Agent_18,Resolved,72,20.4,Met,5.0
TKT04330,2026-05-26 22:11:00,2026-05-27 09:10:03.202483164,West,Technical,Website Error,Medium,Email,Consumer,Agent_07,Closed,48,10.98,Met,4.0
TKT04331,2026-08-04 12:18:00,2026-08-05 12:31:08.307784182,West,Account,Account Access,Low,Chat,Consumer,Agent_19,Closed,72,24.22,Met,5.0
TKT04332,2026-06-11 13:15:00,,North,Login,OTP Issue,Medium,Web,Consumer,Agent_16,Pending,48,,Pending,3.0
TKT04333,2026-05-08 01:09:00,2026-05-12 04:19:35.967313390,West,Delivery,Late Delivery,Low,Phone,Business,Agent_06,Closed,72,99.18,Breached,1.0
TKT04334,2026-05-30 23:07:00,2026-06-01 07:39:12.614365280,East,Refund,Refund Pending,Medium,Chat,Consumer,Agent_10,Resolved,48,32.54,Met,3.0
TKT04335,2026-02-05 16:22:00,2026-02-06 04:38:39.718961425,East,Account,Account Access,Medium,Chat,Consumer,Agent_05,Resolved,48,12.28,Met,4.0
TKT04336,2026-06-22 08:00:00,2026-06-23 11:19:38.666554906,North,Refund,Refund Pending,Medium,Phone,Consumer,Agent_13,Resolved,48,27.33,Met,5.0
TKT04337,2026-01-22 19:27:00,2026-01-24 11:52:47.746621639,West,Technical,App Error,Low,Web,Consumer,Agent_12,Resolved,72,40.43,Met,4.0
TKT04338,2026-07-25 00:23:00,2026-07-25 21:16:16.894159879,North,Payment,Duplicate Charge,Medium,Chat,Consumer,Agent_17,Closed,48,20.89,Met,3.0
TKT04339,2026-05-07 16:04:00,2026-05-09 01:30:07.067233752,South,Technical,App Error,High,Email,Consumer,Agent_02,Resolved,24,33.44,Breached,2.0
TKT04340,2026-08-05 12:25:00,,South,Technical,App Error,Medium,Web,Business,Agent_05,Pending,48,,Pending,2.0
TKT04341,2026-04-06 14:04:00,2026-04-07 13:27:54.074020131,West,Refund,Refund Pending,High,Chat,Business,Agent_10,Resolved,24,23.4,Met,4.0
TKT04342,2026-06-13 19:58:00,2026-06-15 05:44:25.786907626,North,Delivery,Wrong Item,Medium,Email,Consumer,Agent_01,Resolved,48,33.77,Met,4.0
TKT04343,2026-05-28 05:24:00,2026-05-28 21:22:24.313631707,East,Payment,Card Declined,Medium,Phone,Consumer,Agent_12,Resolved,48,15.97,Met,3.0
TKT04344,2026-01-18 22:51:00,2026-01-20 02:11:29.403432006,North,Payment,Duplicate Charge,Medium,Email,Business,Agent_14,Resolved,48,27.34,Met,5.0
TKT04345,2026-07-14 13:17:00,2026-07-14 15:51:12.254416960,South,Payment,Duplicate Charge,Critical,Web,Business,Agent_08,Closed,12,2.57,Met,4.0
TKT04346,2026-05-31 00:17:00,,North,Delivery,Late Delivery,Low,Phone,Consumer,Agent_17,Pending,72,,Pending,3.0
TKT04347,2026-05-03 00:43:00,2026-05-04 05:48:39.262316730,North,Account,Account Access,Low,Email,Consumer,Agent_11,Resolved,72,29.09,Met,5.0
TKT04348,2026-07-06 02:34:00,2026-07-07 04:50:56.026407403,West,Account,Account Access,Medium,Web,Business,Agent_20,Closed,48,26.28,Met,5.0
TKT04349,2026-05-29 14:26:00,2026-05-29 21:08:57.809268673,East,Refund,Refund Request,Critical,Phone,Consumer,Agent_02,Resolved,12,6.72,Met,3.0
TKT04350,2026-04-14 15:21:00,,North,Payment,Duplicate Charge,Critical,Web,Consumer,Agent_05,Pending,12,,Pending,2.0
TKT04351,2026-08-31 23:20:00,2026-09-02 19:25:55.149880131,South,Technical,App Error,Medium,Chat,Business,Agent_18,Resolved,48,44.1,Met,5.0
TKT04352,2026-08-19 12:22:00,2026-08-21 01:37:35.524689516,North,Technical,System Issue,Medium,Web,Consumer,Agent_09,Resolved,48,37.26,Met,5.0
TKT04353,2026-07-25 23:45:00,2026-07-27 11:15:29.091480350,East,Technical,Website Error,Medium,Email,Business,Agent_09,Resolved,48,35.51,Met,4.0
TKT04354,2026-07-17 03:44:00,2026-07-18 19:14:13.052812244,North,Refund,Refund Failed,Medium,Web,Consumer,Agent_10,Resolved,48,39.5,Met,3.0
TKT04355,2026-03-28 03:36:00,2026-03-29 13:10:16.536871041,East,Delivery,Wrong Item,Medium,Web,Consumer,Agent_04,Resolved,48,33.57,Met,5.0
TKT04356,2026-05-22 00:30:00,2026-05-24 04:08:33.276996848,North,Account,Profile Update,High,Phone,Consumer,Agent_17,Resolved,24,51.64,Breached,1.0
TKT04357,2026-07-18 18:02:00,2026-07-19 01:38:20.843548858,,Login,Account Locked,High,Web,Consumer,Agent_12,Resolved,24,7.61,Met,5.0
TKT04358,2026-02-15 14:57:00,2026-02-16 16:15:26.145620395,East,Payment,Card Declined,Medium,Web,Business,Agent_03,Resolved,48,25.31,Met,5.0
TKT04359,2026-01-15 22:56:00,2026-01-16 18:38:01.916770370,North,Payment,Duplicate Charge,Medium,Chat,Business,Agent_04,Closed,48,19.7,Met,4.0
TKT04360,2026-02-13 15:34:00,2026-02-15 17:14:11.032172191,North,Login,Account Locked,Medium,Chat,Business,Agent_07,Resolved,48,49.67,Breached,3.0
TKT04361,2026-06-18 07:24:00,2026-06-18 18:45:05.315730228,North,Delivery,Damaged Item,Medium,Phone,Consumer,Agent_11,Closed,48,11.35,Met,4.0
TKT04362,2026-02-13 20:58:00,2026-02-15 13:56:19.790859205,North,Payment,Duplicate Charge,Medium,Phone,Consumer,Agent_04,Resolved,48,40.97,Met,5.0
TKT04363,2026-04-08 18:50:00,2026-04-09 09:39:07.964337165,North,Delivery,Damaged Item,Low,Email,Consumer,Agent_20,Resolved,72,14.82,Met,4.0
TKT04364,2026-09-18 20:14:00,2026-09-20 17:24:37.242252850,South,Account,Profile Update,Low,Phone,Consumer,Agent_06,Resolved,72,45.18,Met,3.0
TKT04365,2026-04-19 08:49:00,2026-04-20 08:15:20.966093638,West,Technical,App Error,Medium,Web,Business,Agent_01,Resolved,48,23.44,Met,5.0
TKT04366,2026-04-14 12:17:00,2026-04-14 23:14:43.654358480,South,Account,Account Verification,High,Chat,Consumer,Agent_01,Resolved,24,10.96,Met,4.0
TKT04367,2026-09-13 14:33:00,2026-09-14 05:32:02.637438180,North,Technical,App Error,Medium,Phone,Business,Agent_06,Resolved,48,14.98,Met,5.0
TKT04368,2026-07-25 09:25:00,2026-07-26 04:59:44.357582575,East,Delivery,Wrong Item,Medium,Email,Business,Agent_01,Resolved,48,19.58,Met,4.0
TKT04369,2026-02-12 21:08:00,2026-02-14 10:28:25.312296721,East,Account,Account Verification,Medium,Web,Consumer,Agent_15,Resolved,48,37.34,Met,3.0
TKT04370,2026-09-02 01:15:00,2026-09-03 14:18:44.985644236,South,Refund,Refund Request,Low,Email,Business,Agent_01,Resolved,72,37.06,Met,4.0
TKT04371,2026-09-30 09:06:00,,South,Technical,App Error,Critical,Email,Business,Agent_06,Pending,12,,Pending,4.0
TKT04372,2026-03-24 04:26:00,,South,Technical,App Error,High,Email,Consumer,Agent_09,Pending,24,,Pending,2.0
TKT04373,2026-04-20 05:16:00,2026-04-22 23:35:35.455174946,West,Payment,Duplicate Charge,Low,Email,Consumer,Agent_06,Resolved,72,66.33,Met,5.0
TKT04374,2026-07-09 19:04:00,2026-07-11 08:40:45.102625686,West,Payment,Duplicate Charge,High,Web,Consumer,Agent_17,Resolved,24,37.61,Breached,1.0
TKT04375,2026-09-08 00:24:00,2026-09-09 16:02:10.673006658,East,Delivery,Wrong Item,Medium,Web,Consumer,Agent_18,Closed,48,39.64,Met,4.0
TKT04376,2026-07-31 02:39:00,2026-07-31 06:54:58.048512692,South,Refund,Refund Pending,Critical,Email,Consumer,Agent_20,Closed,12,4.27,Met,5.0
TKT04377,2026-05-13 09:55:00,2026-05-14 06:48:31.193343819,West,Technical,App Error,Medium,Web,Business,Agent_01,Closed,48,20.89,Met,3.0
TKT04378,2026-07-20 18:57:00,2026-07-23 04:18:26.575594498,South,Payment,Payment Failed,Low,Phone,Consumer,Agent_16,Resolved,72,57.36,Met,4.0
TKT04379,2026-04-05 14:59:00,2026-04-06 08:51:50.737713924,South,Technical,Website Error,Medium,Web,Consumer,Agent_16,Resolved,48,17.88,Met,5.0
TKT04380,2026-08-07 08:21:00,2026-08-07 23:18:18.088135977,West,Login,OTP Issue,High,Web,Consumer,Agent_01,Resolved,24,14.96,Met,5.0
TKT04381,2026-03-30 19:49:00,2026-03-31 12:51:14.882574703,North,Technical,System Issue,Low,Email,Consumer,Agent_07,Closed,72,17.04,Met,5.0
TKT04382,2026-03-13 16:52:00,2026-03-14 11:15:17.394009698,North,Technical,Website Error,High,Web,Business,Agent_14,Closed,24,18.39,Met,5.0
TKT04383,2026-09-04 11:42:00,2026-09-14 00:05:02.064270811,South,Account,Account Verification,Low,Phone,Consumer,Agent_15,Resolved,72,228.38,Breached,2.0
TKT04384,2026-05-09 19:58:00,2026-05-10 06:23:17.385540970,East,Payment,Duplicate Charge,Critical,Web,Consumer,Agent_06,Resolved,12,10.42,Met,5.0
TKT04385,2026-07-31 00:00:00,2026-08-03 05:23:51.008448210,West,Login,OTP Issue,Low,Phone,Business,Agent_17,Resolved,72,77.4,Breached,3.0
TKT04386,2026-04-06 12:20:00,2026-04-06 21:06:22.438660159,North,Account,Account Verification,Critical,Web,Consumer,Agent_17,Closed,12,8.77,Met,5.0
TKT04387,2026-03-16 18:29:00,2026-03-17 09:04:01.149804477,West,Technical,App Error,Medium,Chat,Consumer,Agent_06,Closed,48,14.58,Met,4.0
TKT04388,2026-02-23 05:19:00,2026-02-25 20:24:30.699152289,West,Delivery,Wrong Item,Medium,Web,Business,Agent_13,Resolved,48,63.09,Breached,4.0
TKT04389,2026-02-23 23:44:00,2026-02-24 10:42:31.365808762,South,Delivery,Wrong Item,Critical,Phone,Consumer,Agent_11,Resolved,12,10.98,Met,5.0
TKT04390,2026-08-06 06:21:00,2026-08-06 19:08:28.400255660,North,Delivery,Damaged Item,Critical,Phone,Business,Agent_19,Resolved,12,12.79,Breached,2.0
TKT04391,2026-01-16 22:21:00,2026-01-17 12:42:09.340126074,West,Login,OTP Issue,High,Phone,Business,Agent_10,Closed,24,14.35,Met,5.0
TKT04392,2026-04-09 21:13:00,2026-04-13 01:09:58.736893228,East,Technical,App Error,Low,Email,Consumer,Agent_02,Closed,72,75.95,Breached,2.0
TKT04393,2026-01-20 14:57:00,2026-01-23 05:50:30.380931988,South,Account,Profile Update,Medium,Phone,Consumer,Agent_20,Resolved,48,62.89,Breached,3.0
TKT04394,2026-02-15 11:56:00,2026-02-17 16:27:06.384358984,South,Account,Account Access,Medium,Web,Business,Agent_08,Resolved,48,52.52,Breached,4.0
TKT04395,2026-07-12 21:19:00,2026-07-12 23:35:22.012600364,North,Technical,App Error,Medium,Chat,Consumer,Agent_15,Resolved,48,2.27,Met,3.0
TKT04396,2026-02-27 05:06:00,2026-03-01 07:57:40.857382432,South,Payment,Duplicate Charge,Medium,Phone,Consumer,Agent_09,Resolved,48,50.86,Breached,4.0
TKT04397,2026-04-21 19:27:00,2026-04-23 21:46:23.766636727,North,Payment,Card Declined,Low,Email,Consumer,Agent_13,Resolved,72,50.32,Met,3.0
TKT04398,2026-05-09 06:30:00,2026-05-09 17:09:53.682903993,West,Payment,Card Declined,High,Web,Consumer,Agent_15,Resolved,24,10.66,Met,4.0
TKT04399,2026-07-13 19:52:00,2026-07-14 04:02:54.767640349,East,Delivery,Wrong Item,High,Phone,Consumer,Agent_15,Closed,24,8.18,Met,4.0
TKT04400,2026-01-08 16:29:00,2026-01-09 13:37:30.540334829,North,Payment,Duplicate Charge,Low,Email,Consumer,Agent_01,Closed,72,21.14,Met,4.0
TKT04401,2026-01-29 04:57:00,2026-01-30 15:31:17.302837108,West,Technical,Website Error,Medium,Email,Business,Agent_05,Resolved,48,34.57,Met,5.0
TKT04402,2026-04-22 03:52:00,2026-04-24 06:32:54.684135116,West,Account,Account Access,Medium,Email,Business,Agent_15,Resolved,48,50.68,Breached,3.0
TKT04403,2026-06-10 04:30:00,2026-06-11 20:19:30.972918810,West,Technical,Website Error,High,Phone,Business,Agent_14,Resolved,24,39.83,Breached,2.0
TKT04404,2026-05-11 18:03:00,2026-05-14 08:59:40.880934045,South,Account,Profile Update,Low,Phone,Consumer,Agent_06,Closed,72,62.94,Met,3.0
TKT04405,2026-07-07 21:59:00,2026-07-09 10:35:36.950343220,East,Account,Account Verification,Medium,Phone,Consumer,Agent_06,Closed,48,36.61,Met,5.0
TKT04406,2026-06-12 20:58:00,2026-06-15 09:52:38.105072586,East,Technical,App Error,Medium,Chat,Consumer,Agent_20,Resolved,48,60.91,Breached,3.0
TKT04407,2026-07-16 11:16:00,2026-07-17 11:24:17.550963927,East,Delivery,Damaged Item,Medium,Chat,Consumer,Agent_05,Resolved,48,24.14,Met,5.0
TKT04408,2026-07-23 11:45:00,2026-07-24 13:19:40.685868670,North,Account,Account Access,High,Web,Consumer,Agent_09,Resolved,24,25.58,Breached,1.0
TKT04409,2026-07-31 03:53:00,2026-07-31 23:57:13.911615195,East,Technical,App Error,High,Web,Consumer,Agent_20,Resolved,24,20.07,Met,5.0
TKT04410,2026-04-19 23:11:00,2026-04-22 19:34:52.791807681,West,Payment,Payment Failed,Low,Email,Consumer,Agent_20,Resolved,72,68.4,Met,4.0
TKT04411,2026-03-14 14:04:00,2026-03-17 10:48:20.644926075,South,Login,Password Reset,Medium,Chat,Business,Agent_07,Resolved,48,68.74,Breached,1.0
TKT04412,2026-06-16 20:55:00,2026-06-17 00:05:25.078110740,East,Refund,Refund Failed,Critical,Phone,Consumer,Agent_16,Resolved,12,3.17,Met,5.0
TKT04413,2026-09-17 08:10:00,2026-09-17 20:54:42.440716356,West,Delivery,Late Delivery,Low,Web,Business,Agent_17,Resolved,72,12.75,Met,4.0
TKT04414,2026-08-31 08:22:00,2026-08-31 20:38:16.612186317,East,Payment,Card Declined,High,Phone,Consumer,Agent_08,Closed,24,12.27,Met,5.0
TKT04415,2026-04-12 14:49:00,2026-04-13 16:33:17.023230366,North,Delivery,Damaged Item,High,Phone,Consumer,Agent_18,Resolved,24,25.74,Breached,3.0
TKT04416,2026-06-22 09:51:00,2026-06-23 03:32:28.821538500,West,Login,OTP Issue,High,Chat,Business,Agent_20,Closed,24,17.69,Met,4.0
TKT04417,2026-06-20 12:25:00,2026-06-21 12:56:19.601490576,North,Delivery,Wrong Item,Medium,Web,Consumer,Agent_13,Resolved,48,24.52,Met,5.0
TKT04418,2026-05-21 23:24:00,2026-05-22 22:28:26.755315006,South,Account,Profile Update,Medium,Email,Consumer,Agent_14,Resolved,48,23.07,Met,5.0
TKT04419,2026-07-07 07:07:00,2026-07-07 20:58:30.623343757,South,Login,OTP Issue,Critical,Web,Consumer,Agent_04,Resolved,12,13.86,Breached,1.0
TKT04420,2026-03-27 11:36:00,2026-03-27 22:01:45.940594699,North,Account,Profile Update,Medium,Web,Consumer,Agent_10,Resolved,48,10.43,Met,5.0
TKT04421,2026-02-21 10:45:00,2026-02-22 16:58:35.794115130,East,Delivery,Late Delivery,Low,Web,Business,Agent_10,Resolved,72,30.23,Met,5.0
TKT04422,2026-04-21 12:11:00,2026-04-21 19:34:42.838365253,North,Delivery,Wrong Item,Medium,Chat,Consumer,Agent_06,Resolved,48,7.4,Met,4.0
TKT04423,2026-02-12 13:19:00,2026-02-16 17:43:39.857158443,West,Payment,Payment Failed,Low,Web,Business,Agent_07,Resolved,72,100.41,Breached,4.0
TKT04424,2026-07-30 06:03:00,2026-07-30 12:14:34.960717748,North,Account,Profile Update,High,Email,Business,Agent_07,Closed,24,6.19,Met,4.0
TKT04425,2026-07-19 03:21:00,2026-07-20 01:33:03.382001640,North,Refund,Refund Failed,Medium,Web,Consumer,Agent_04,Resolved,48,22.2,Met,4.0
TKT04426,2026-08-28 14:41:00,2026-08-29 03:04:39.645491204,South,Payment,Payment Failed,High,Phone,Consumer,Agent_19,Resolved,24,12.39,Met,5.0
TKT04427,2026-04-25 02:25:00,,West,Login,OTP Issue,High,Email,Business,Agent_20,Pending,24,,Pending,2.0
TKT04428,2026-01-26 13:55:00,2026-01-28 05:57:46.736936278,South,Technical,Website Error,Low,Web,Business,Agent_09,Closed,72,40.05,Met,5.0
TKT04429,2026-03-18 10:38:00,2026-03-22 21:19:13.696885399,West,Account,Account Access,Medium,Chat,Consumer,Agent_19,Resolved,48,106.69,Breached,3.0
TKT04430,2026-05-17 02:14:00,2026-05-17 17:22:44.640282771,South,Delivery,Damaged Item,High,Chat,Consumer,Agent_16,Resolved,24,15.15,Met,5.0
TKT04431,2026-01-20 10:25:00,2026-01-22 13:13:29.445637968,South,Payment,Card Declined,Medium,Chat,Business,Agent_03,Resolved,48,50.81,Breached,3.0
TKT04432,2026-07-30 21:27:00,2026-07-31 16:45:04.661402054,East,Refund,Refund Pending,Critical,Phone,Consumer,Agent_05,Resolved,12,19.3,Breached,3.0
TKT04433,2026-08-28 01:03:00,2026-08-29 18:00:13.117418038,South,Payment,Duplicate Charge,High,Phone,Consumer,Agent_05,Resolved,24,40.95,Breached,3.0
TKT04434,2026-02-08 08:10:00,2026-02-09 21:22:15.731049229,South,Account,Profile Update,Low,Chat,Business,Agent_06,Resolved,72,37.2,Met,4.0
TKT04435,2026-09-25 00:40:00,2026-09-25 18:49:52.090802956,East,Login,Account Locked,High,Phone,Consumer,Agent_09,Closed,24,18.16,Met,5.0
TKT04436,2026-07-26 21:59:00,2026-07-28 20:27:12.158036140,West,Technical,App Error,Low,Web,Consumer,Agent_09,Resolved,72,46.47,Met,4.0
TKT04437,2026-09-24 17:06:00,2026-09-26 01:30:12.714425604,East,Payment,Payment Failed,Low,Web,Business,Agent_12,Resolved,72,32.4,Met,4.0
TKT04438,2026-06-03 15:12:00,2026-06-04 21:09:27.507929400,North,Payment,Payment Failed,High,Chat,Consumer,Agent_16,Resolved,24,29.96,Breached,1.0
TKT04439,2026-02-11 16:14:00,2026-02-12 20:52:32.638457608,East,Delivery,Damaged Item,High,Email,Consumer,Agent_16,Resolved,24,28.64,Breached,4.0
TKT04440,2026-01-11 18:53:00,2026-01-13 04:14:42.894181414,East,Login,Account Locked,Medium,Web,Consumer,Agent_05,Resolved,48,33.36,Met,4.0
TKT04441,2026-04-08 20:44:00,2026-04-11 14:07:58.113152314,South,Payment,Duplicate Charge,Medium,Email,Business,Agent_01,Resolved,48,65.4,Breached,1.0
TKT04442,2026-08-18 23:13:00,2026-08-20 05:33:34.815264900,South,Payment,Duplicate Charge,Medium,Phone,Consumer,Agent_03,Resolved,48,30.34,Met,3.0
TKT04443,2026-08-08 06:07:00,2026-08-09 13:10:10.065403425,South,Payment,Payment Failed,Medium,Phone,Consumer,Agent_06,Closed,48,31.05,Met,4.0
TKT04444,2026-03-06 15:17:00,2026-03-07 18:05:33.574018834,West,Account,Account Verification,Medium,Web,Consumer,Agent_08,Resolved,48,26.81,Met,4.0
TKT04445,2026-08-20 17:07:00,2026-08-22 18:17:16.461448370,South,Delivery,Damaged Item,Low,Web,Consumer,Agent_16,Resolved,72,49.17,Met,5.0
TKT04446,2026-02-21 04:03:00,,East,Payment,Duplicate Charge,Medium,Phone,Consumer,Agent_06,Pending,48,,Pending,2.0
TKT04447,2026-09-20 15:01:00,,West,Login,Password Reset,Critical,Phone,Consumer,Agent_14,Pending,12,,Pending,3.0
TKT04448,2026-09-24 02:45:00,2026-09-24 21:31:38.091768474,South,Payment,Payment Failed,Medium,,Consumer,Agent_10,Resolved,48,18.78,Met,4.0
TKT04449,2026-06-03 17:29:00,,West,Refund,Refund Failed,Low,Web,Consumer,Agent_04,Pending,72,,Pending,2.0
TKT04450,2026-05-20 23:38:00,2026-05-21 07:57:51.906676850,South,Refund,Refund Request,High,Chat,Consumer,Agent_12,Resolved,24,8.33,Met,5.0
TKT04451,2026-02-20 17:20:00,2026-02-21 09:36:37.641500446,North,Delivery,Late Delivery,High,Chat,Consumer,Agent_07,Resolved,24,16.28,Met,4.0
TKT04452,2026-04-27 12:07:00,2026-04-28 00:39:57.278202925,East,Refund,Refund Failed,Critical,Phone,Consumer,Agent_07,Resolved,12,12.55,Breached,1.0
TKT04453,2026-02-15 18:35:00,2026-02-20 06:30:09.210677818,East,Account,Profile Update,Low,Chat,Consumer,Agent_16,Resolved,72,107.92,Breached,4.0
TKT04454,2026-03-29 08:02:00,2026-03-30 10:51:05.964672723,East,Account,Profile Update,Low,Phone,Consumer,Agent_01,Resolved,72,26.82,Met,4.0
TKT04455,2026-07-27 09:02:00,2026-07-30 09:32:50.690006946,North,Login,OTP Issue,Medium,Chat,Consumer,Agent_16,Resolved,48,72.51,Breached,1.0
TKT04456,2026-09-26 20:28:00,2026-09-28 06:06:32.223980220,East,Technical,Website Error,Medium,Phone,Consumer,Agent_03,Closed,48,33.64,Met,4.0
TKT04457,2026-03-30 15:30:00,2026-04-01 21:48:28.056565029,East,Payment,Card Declined,Medium,Phone,Consumer,Agent_15,Resolved,48,54.31,Breached,1.0
TKT04458,2026-04-28 06:39:00,2026-04-29 07:39:09.972509270,West,Technical,App Error,Medium,Chat,Business,Agent_06,Resolved,48,25.0,Met,4.0
TKT04459,2026-02-23 20:30:00,2026-02-26 20:03:39.893792940,West,Delivery,Wrong Item,Low,Web,Business,Agent_13,Resolved,72,71.56,Met,5.0
TKT04460,2026-04-26 10:18:00,,South,Payment,Duplicate Charge,Medium,Phone,Consumer,Agent_20,Pending,48,,Pending,2.0
TKT04461,2026-04-28 19:29:00,2026-04-29 07:22:51.796525315,East,Technical,App Error,High,Chat,Consumer,Agent_08,Closed,24,11.9,Met,3.0
TKT04462,2026-09-17 14:38:00,2026-09-18 22:13:08.590915874,South,Login,OTP Issue,Medium,Web,Consumer,Agent_12,Resolved,48,31.59,Met,5.0
TKT04463,2026-03-16 01:40:00,2026-03-16 07:19:39.291989119,West,Technical,App Error,High,Email,Consumer,Agent_14,Closed,24,5.66,Met,4.0
TKT04464,2026-01-07 14:39:00,2026-01-09 01:40:01.747041855,North,Delivery,Wrong Item,Medium,Phone,Consumer,Agent_16,Closed,48,35.02,Met,4.0
TKT04465,2026-05-02 13:49:00,2026-05-04 06:29:17.480262201,West,Refund,Refund Pending,Medium,Phone,Consumer,Agent_14,Closed,48,40.67,Met,5.0
TKT04466,2026-01-11 21:04:00,2026-01-12 05:02:35.234413806,South,Account,Profile Update,Medium,Email,Consumer,Agent_16,Resolved,48,7.98,Met,3.0
TKT04467,2026-08-03 12:38:00,2026-08-04 23:05:09.645217491,North,Delivery,Damaged Item,Medium,Phone,Consumer,Agent_06,Resolved,48,34.45,Met,4.0
TKT04468,2026-01-28 02:42:00,2026-01-29 17:28:58.266095858,North,Delivery,Late Delivery,Low,Email,Consumer,Agent_04,Resolved,72,38.78,Met,5.0
TKT04469,2026-08-23 19:56:00,,North,Login,Password Reset,High,Chat,Consumer,Agent_20,Pending,24,,Pending,4.0
TKT04470,2026-01-26 08:21:00,,South,Payment,Card Declined,High,Email,Consumer,Agent_19,Pending,24,,Pending,2.0
TKT04471,2026-02-23 09:06:00,2026-02-24 07:35:43.603015516,North,Refund,Refund Failed,Medium,Web,Business,Agent_08,Closed,48,22.5,Met,5.0
TKT04472,2026-01-29 21:47:00,2026-01-31 09:26:45.774885938,West,Technical,Website Error,Low,Chat,Business,Agent_04,Resolved,72,35.66,Met,3.0
TKT04473,2026-06-13 23:02:00,2026-06-14 11:05:53.871949731,West,Payment,Payment Failed,Critical,Email,Consumer,Agent_03,Resolved,12,12.06,Breached,2.0
TKT04474,2026-09-27 06:20:00,2026-09-30 15:37:26.492941500,South,Account,Account Verification,Medium,Web,Business,Agent_13,Resolved,48,81.29,Breached,1.0
TKT04475,2026-02-04 14:29:00,2026-02-07 06:58:32.446931290,West,Payment,Card Declined,Low,Email,Consumer,Agent_04,Resolved,72,64.49,Met,4.0
TKT04476,2026-09-30 15:04:00,2026-10-03 07:10:54.122518760,South,Technical,System Issue,Medium,Web,Consumer,Agent_11,Resolved,48,64.12,Breached,2.0
TKT04477,2026-07-27 19:46:00,2026-07-29 05:23:09.518535429,South,Payment,Card Declined,High,Email,Consumer,Agent_16,Resolved,24,33.62,Breached,4.0
TKT04478,2026-08-26 16:41:00,,North,Payment,Card Declined,Medium,Phone,Consumer,Agent_15,Pending,48,,Pending,4.0
TKT04479,2026-04-03 10:08:00,2026-04-05 10:48:10.033758278,South,Payment,Duplicate Charge,Medium,Web,Consumer,Agent_02,Resolved,48,48.67,Breached,2.0
TKT04480,2026-06-22 05:06:00,2026-06-23 04:38:57.397576470,West,Payment,Duplicate Charge,Medium,Phone,Consumer,Agent_15,Closed,48,23.55,Met,4.0
TKT04481,2026-03-20 22:42:00,2026-03-22 15:00:30.785728327,South,Delivery,Damaged Item,Low,Phone,Consumer,Agent_06,Closed,72,40.31,Met,5.0
TKT04482,2026-04-20 00:54:00,2026-04-22 03:14:34.984017780,North,Account,Account Access,Medium,Web,Consumer,Agent_15,Resolved,48,50.34,Breached,3.0
TKT04483,2026-08-05 16:22:00,2026-08-06 02:02:39.700689474,South,Technical,System Issue,High,Phone,Consumer,Agent_13,Resolved,24,9.68,Met,3.0
TKT04484,2026-04-16 05:32:00,,North,Refund,Refund Request,Medium,Chat,Consumer,Agent_03,Pending,48,,Pending,3.0
TKT04485,2026-02-16 02:06:00,2026-02-18 21:18:58.638497806,North,Payment,Payment Failed,Low,Email,Consumer,Agent_19,Closed,72,67.22,Met,3.0
TKT04486,2026-06-30 11:44:00,2026-07-03 15:30:43.483722016,North,Technical,System Issue,Low,Web,Consumer,Agent_12,Resolved,72,75.78,Breached,1.0
TKT04487,2026-03-05 04:02:00,2026-03-05 23:49:08.239680704,South,Payment,Duplicate Charge,Medium,Chat,Consumer,Agent_12,Resolved,48,19.79,Met,3.0
TKT04488,2026-09-03 09:59:00,2026-09-05 16:31:24.846849099,South,Delivery,Damaged Item,High,Web,Consumer,Agent_17,Resolved,24,54.54,Breached,4.0
TKT04489,2026-09-01 23:52:00,2026-09-02 22:06:31.934075402,East,Technical,System Issue,Medium,Email,Consumer,Agent_08,Resolved,48,22.24,Met,4.0
TKT04490,2026-03-28 08:22:00,2026-03-28 19:39:53.517680721,East,Delivery,Damaged Item,Medium,Web,Business,Agent_13,Resolved,48,11.3,Met,4.0
TKT04491,2026-08-05 10:03:00,2026-08-08 11:15:34.101552171,East,Account,Account Verification,Low,Email,Business,Agent_12,Closed,72,73.21,Breached,4.0
TKT04492,2026-01-07 05:02:00,2026-01-07 20:30:21.773399610,North,Login,OTP Issue,Medium,Chat,Consumer,Agent_16,Resolved,48,15.47,Met,4.0
TKT04493,2026-07-29 03:54:00,2026-08-05 19:29:00.482289532,West,Delivery,Wrong Item,Low,Web,Consumer,Agent_11,Resolved,72,183.58,Breached,3.0
TKT04494,2026-06-18 17:41:00,,East,Refund,Refund Pending,High,Email,Consumer,Agent_20,Pending,24,,Pending,2.0
TKT04495,2026-05-18 02:18:00,2026-05-20 02:18:50.180092279,South,Technical,System Issue,Medium,Phone,Consumer,Agent_09,Resolved,48,48.01,Breached,2.0
TKT04496,2026-08-18 03:14:00,2026-08-19 08:29:03.423004527,North,Technical,Website Error,High,Phone,Consumer,Agent_19,Closed,24,29.25,Breached,1.0
TKT04497,2026-06-10 10:46:00,2026-06-11 00:44:07.599164210,North,Delivery,Damaged Item,High,Chat,Consumer,Agent_20,Resolved,24,13.97,Met,4.0
TKT04498,2026-01-01 00:00:00,2026-01-01 20:33:09.585158875,South,Delivery,Damaged Item,High,Chat,Business,Agent_08,Resolved,24,20.55,Met,5.0
TKT04499,2026-08-24 09:20:00,2026-08-25 08:00:57.606988785,East,Payment,Payment Failed,Medium,Chat,Business,Agent_13,Resolved,48,22.68,Met,4.0
TKT04500,2026-07-07 18:39:00,2026-07-08 17:35:54.593430532,East,Technical,Website Error,Low,Phone,Consumer,Agent_02,Resolved,72,22.95,Met,4.0
TKT04501,2026-01-04 11:52:00,,West,Login,Account Locked,Critical,Email,Business,Agent_19,Pending,12,,Pending,3.0
TKT04502,2026-05-12 06:52:00,,South,Technical,System Issue,High,Chat,Consumer,Agent_13,Pending,24,,Pending,3.0
TKT04503,2026-08-06 08:57:00,2026-08-06 20:48:18.130688510,South,Payment,Card Declined,High,Email,Consumer,Agent_19,Closed,24,11.86,Met,5.0
TKT04504,2026-09-17 07:08:00,2026-09-20 08:24:10.539781014,East,Refund,Refund Failed,Low,Email,Consumer,Agent_11,Resolved,72,73.27,Breached,1.0
TKT04505,2026-01-01 03:54:00,2026-01-03 05:57:55.984843432,West,Account,Account Access,Medium,Chat,Consumer,Agent_02,Closed,48,50.07,Breached,3.0
TKT04506,2026-03-12 05:48:00,2026-03-12 23:23:31.463992104,West,Login,Password Reset,High,Chat,Business,Agent_08,Resolved,24,17.59,Met,4.0
TKT04507,2026-06-27 06:35:00,2026-06-28 20:06:32.208869218,South,Delivery,Damaged Item,Low,Phone,Consumer,Agent_07,Resolved,72,37.53,Met,4.0
TKT04508,2026-07-08 22:54:00,2026-07-11 05:55:16.120900988,East,Refund,Refund Failed,Medium,Chat,Consumer,Agent_01,Resolved,48,55.02,Breached,2.0
TKT04509,2026-01-08 06:55:00,2026-01-09 06:53:48.584820817,South,Payment,Duplicate Charge,Medium,Phone,Business,Agent_14,Resolved,48,23.98,Met,5.0
TKT04510,2026-09-10 15:15:00,2026-09-12 20:43:39.855947419,East,Technical,Website Error,Low,Phone,Consumer,Agent_08,Resolved,72,53.48,Met,5.0
TKT04511,2026-09-01 17:54:00,2026-09-04 17:17:52.410845659,South,Login,Password Reset,Low,Email,Business,Agent_01,Resolved,72,71.4,Met,4.0
TKT04512,2026-05-03 01:20:00,2026-05-08 01:25:57.961485200,North,Account,Account Access,Medium,Phone,Consumer,Agent_17,Resolved,48,120.1,Breached,3.0
TKT04513,2026-02-01 00:35:00,2026-02-03 13:23:10.662428592,North,Payment,Payment Failed,Low,Email,Business,Agent_04,Resolved,72,60.8,Met,3.0
TKT04514,2026-05-26 18:10:00,2026-05-27 07:59:14.327637823,West,Refund,Refund Pending,Medium,Phone,Business,Agent_06,Resolved,48,13.82,Met,3.0
TKT04515,2026-06-05 10:40:00,2026-06-09 08:38:37.526429427,North,Login,Password Reset,Low,Chat,Business,Agent_01,Closed,72,93.98,Breached,3.0
TKT04516,2026-01-16 14:41:00,2026-01-17 21:33:33.491327872,South,Technical,Website Error,Medium,Web,Consumer,Agent_03,Resolved,48,30.88,Met,3.0
TKT04517,2026-02-16 12:36:00,2026-02-17 05:55:25.661605681,East,Technical,System Issue,High,Email,Consumer,Agent_02,Resolved,24,17.32,Met,4.0
TKT04518,2026-09-08 10:22:00,2026-09-11 22:39:44.140106698,East,Payment,Payment Failed,Medium,Chat,Consumer,Agent_17,Closed,48,84.3,Breached,3.0
TKT04519,2026-07-06 07:47:00,2026-07-07 18:19:54.459464852,East,Account,Profile Update,Medium,Email,Consumer,Agent_09,Resolved,48,34.55,Met,5.0
TKT04520,2026-01-31 19:25:00,2026-02-01 09:39:10.486436377,North,Refund,Refund Failed,High,Phone,Consumer,Agent_08,Resolved,24,14.24,Met,4.0
TKT04521,2026-09-17 05:55:00,2026-09-18 02:44:09.821035441,North,Technical,App Error,Critical,Email,Consumer,Agent_19,Closed,12,20.82,Breached,1.0
TKT04522,2026-01-17 11:48:00,2026-01-19 00:03:23.671030755,East,Refund,Refund Pending,Low,Web,Consumer,Agent_15,Resolved,72,36.26,Met,3.0
TKT04523,2026-02-08 16:59:00,2026-02-09 23:25:34.224779320,South,Account,Profile Update,Medium,Chat,Consumer,Agent_06,Closed,48,30.44,Met,3.0
TKT04524,2026-02-08 15:01:00,2026-02-11 03:20:00.627578504,South,Login,Password Reset,Medium,Email,Consumer,Agent_06,Resolved,48,60.32,Breached,1.0
TKT04525,2026-05-12 11:12:00,2026-05-14 08:07:33.867971727,West,Delivery,Damaged Item,Medium,Web,Consumer,Agent_08,Resolved,48,44.93,Met,5.0
TKT04526,2026-01-30 07:18:00,2026-02-01 09:44:21.130836828,East,Login,Password Reset,High,Chat,Consumer,Agent_03,Resolved,24,50.44,Breached,1.0
TKT04527,2026-06-07 08:50:00,2026-06-07 16:28:32.887393558,East,Login,Password Reset,Critical,Web,Consumer,Agent_12,Resolved,12,7.64,Met,5.0
TKT04528,2026-07-22 02:06:00,2026-07-22 14:17:39.884706250,South,Payment,Card Declined,Critical,Email,Consumer,Agent_20,Resolved,12,12.19,Breached,4.0
TKT04529,2026-03-07 03:24:00,2026-03-10 15:09:37.882133290,East,Delivery,Wrong Item,Medium,Web,Consumer,Agent_08,Resolved,48,83.76,Breached,3.0
TKT04530,2026-04-18 00:28:00,2026-04-21 09:34:20.670719788,West,Payment,Duplicate Charge,Low,Phone,Consumer,Agent_11,Resolved,72,81.11,Breached,1.0
TKT04531,2026-09-25 07:24:00,2026-09-25 17:02:56.119389478,South,Account,Profile Update,Critical,Email,Business,Agent_15,Closed,12,9.65,Met,5.0
TKT04532,2026-08-10 16:05:00,2026-08-11 11:03:51.491525300,South,Account,Account Verification,Medium,Chat,Business,Agent_13,Closed,48,18.98,Met,5.0
TKT04533,2026-01-18 07:43:00,2026-01-20 22:59:56.655204711,North,Technical,App Error,Low,Phone,Consumer,Agent_13,Closed,72,63.28,Met,4.0
TKT04534,2026-03-31 21:43:00,2026-04-02 00:38:16.486831243,West,Technical,System Issue,High,Email,Business,Agent_14,Resolved,24,26.92,Breached,
TKT04535,2026-06-30 02:30:00,2026-07-02 20:40:24.799470211,North,Login,Account Locked,Medium,Phone,Business,Agent_09,Resolved,48,66.17,Breached,1.0
TKT04536,2026-09-12 03:59:00,2026-09-12 10:17:46.573146774,,Delivery,Damaged Item,Medium,Web,Consumer,Agent_03,Resolved,48,6.31,Met,4.0
TKT04537,2026-09-10 04:25:00,2026-09-11 08:06:05.044160979,North,Technical,System Issue,High,Chat,Consumer,Agent_12,Resolved,24,27.68,Breached,1.0
TKT04538,2026-09-14 18:48:00,2026-09-15 17:19:10.680319574,East,Delivery,Wrong Item,Low,Phone,Consumer,Agent_09,Closed,72,22.52,Met,5.0
TKT04539,2026-03-28 15:12:00,2026-03-30 15:15:43.324360516,South,Technical,System Issue,Low,Web,Business,Agent_12,Resolved,72,48.06,Met,5.0
TKT04540,2026-03-31 08:16:00,,East,Payment,Payment Failed,Medium,Web,Consumer,Agent_11,Pending,48,,Pending,3.0
TKT04541,2026-08-25 11:24:00,2026-08-26 13:39:07.963528060,East,Payment,Payment Failed,Medium,Chat,Consumer,Agent_19,Closed,48,26.25,Met,5.0
TKT04542,2026-03-11 02:37:00,2026-03-13 18:19:10.062309513,West,Payment,Duplicate Charge,Low,Email,Business,Agent_09,Closed,72,63.7,Met,3.0
TKT04543,2026-02-13 02:51:00,2026-02-13 20:07:33.686046260,West,Account,Account Verification,Medium,Chat,Consumer,Agent_05,Resolved,48,17.28,Met,5.0
TKT04544,2026-07-19 08:13:00,2026-07-20 16:58:08.199031680,West,Refund,Refund Failed,Medium,Chat,Consumer,Agent_10,Closed,48,32.75,Met,5.0
TKT04545,2026-06-01 16:09:00,,East,Login,Account Locked,High,Web,Business,Agent_09,Pending,24,,Pending,3.0
TKT04546,2026-03-27 22:14:00,2026-03-31 22:48:48.237446532,South,Login,Password Reset,Low,Chat,Consumer,Agent_01,Closed,72,96.58,Breached,1.0
TKT04547,2026-01-19 23:46:00,2026-01-21 02:38:02.293849480,North,Payment,Card Declined,High,Chat,Consumer,Agent_13,Resolved,24,26.87,Breached,3.0
TKT04548,2026-04-11 11:15:00,2026-04-12 11:15:17.470056416,West,Login,OTP Issue,Low,Email,Consumer,Agent_20,Resolved,72,24.0,Met,4.0
TKT04549,2026-04-05 10:58:00,2026-04-06 21:07:08.292689521,South,Payment,Duplicate Charge,High,Chat,Business,Agent_12,Resolved,24,34.15,Breached,2.0
TKT04550,2026-09-11 15:02:00,,South,Delivery,Damaged Item,Medium,Chat,Business,Agent_11,Pending,48,,Pending,2.0
TKT04551,2026-01-30 11:05:00,2026-01-31 08:32:36.186871723,West,Refund,Refund Request,Low,Web,Consumer,Agent_09,Closed,72,21.46,Met,3.0
TKT04552,2026-09-06 06:06:00,2026-09-06 17:32:47.417371098,East,Payment,Card Declined,High,Email,Consumer,Agent_15,Resolved,24,11.45,Met,4.0
TKT04553,2026-02-02 09:09:00,2026-02-02 13:54:49.491129902,East,Account,Account Verification,Low,Chat,Consumer,Agent_13,Closed,72,4.76,Met,4.0
TKT04554,2026-08-17 10:42:00,2026-08-20 08:25:43.665963438,North,Payment,Duplicate Charge,Low,Email,Consumer,Agent_12,Closed,72,69.73,Met,4.0
TKT04555,2026-01-12 04:14:00,2026-01-12 23:52:41.455823431,South,Technical,Website Error,Medium,Email,Consumer,Agent_14,Resolved,48,19.64,Met,5.0
TKT04556,2026-04-28 03:27:00,2026-04-28 18:25:36.540795982,North,Payment,Duplicate Charge,High,Web,Consumer,Agent_09,Resolved,24,14.98,Met,4.0
TKT04557,2026-06-04 07:29:00,2026-06-05 13:22:18.846101500,East,Technical,System Issue,Low,Chat,Consumer,Agent_10,Resolved,72,29.89,Met,4.0
TKT04558,2026-09-03 01:34:00,2026-09-05 15:21:17.063082351,East,Payment,Duplicate Charge,Low,Phone,Business,Agent_06,Closed,72,61.79,Met,4.0
TKT04559,2026-09-04 13:58:00,2026-09-06 15:30:44.871511988,North,Technical,Website Error,Low,Email,Consumer,Agent_19,Resolved,72,49.55,Met,5.0
TKT04560,2026-01-29 07:57:00,2026-01-30 14:51:11.484649872,,Technical,App Error,Medium,Web,Consumer,Agent_10,Resolved,48,30.9,Met,5.0
TKT04561,2026-06-10 11:22:00,2026-06-10 17:40:10.294071249,South,Technical,App Error,Medium,Email,Consumer,Agent_15,Resolved,48,6.3,Met,5.0
TKT04562,2026-08-23 12:41:00,2026-08-24 05:58:31.812224085,North,Delivery,Wrong Item,Low,Phone,Consumer,Agent_08,Resolved,72,17.29,Met,5.0
TKT04563,2026-07-09 03:09:00,2026-07-12 12:09:08.840326226,North,Refund,Refund Request,Low,Phone,Consumer,Agent_18,Resolved,72,81.0,Breached,1.0
TKT04564,2026-04-27 11:50:00,2026-04-29 02:03:48.052156004,South,Technical,App Error,Medium,Chat,Consumer,Agent_02,Resolved,48,38.23,Met,5.0
TKT04565,2026-09-28 12:35:00,2026-09-29 12:45:44.181975921,East,Payment,Card Declined,High,Web,Consumer,Agent_04,Resolved,24,24.18,Breached,2.0
TKT04566,2026-09-15 13:55:00,2026-09-15 22:45:29.237640410,South,Technical,Website Error,High,Phone,Consumer,Agent_09,Resolved,24,8.84,Met,4.0
TKT04567,2026-06-29 02:12:00,2026-06-29 20:12:04.092057993,East,Account,Account Verification,High,Email,Consumer,Agent_16,Resolved,24,18.0,Met,5.0
TKT04568,2026-06-21 00:54:00,2026-06-22 16:46:16.574038082,East,Delivery,Wrong Item,Low,Phone,Consumer,Agent_05,Resolved,72,39.87,Met,4.0
TKT04569,2026-09-16 08:29:00,2026-09-16 19:04:02.380814224,North,Login,Account Locked,Critical,Email,Consumer,Agent_19,Resolved,12,10.58,Met,5.0
TKT04570,2026-05-15 11:09:00,2026-05-16 04:25:10.361801841,West,Payment,Duplicate Charge,Medium,Web,Consumer,Agent_15,Resolved,48,17.27,Met,5.0
TKT04571,2026-06-20 06:49:00,2026-06-20 15:15:21.621287000,North,Login,OTP Issue,Critical,Chat,Consumer,Agent_15,Resolved,12,8.44,Met,4.0
TKT04572,2026-07-29 20:34:00,2026-07-30 17:58:23.626720486,West,Technical,Website Error,Medium,Phone,Business,Agent_12,Resolved,48,21.41,Met,3.0
TKT04573,2026-08-24 21:56:00,2026-08-27 02:39:36.626100362,West,Refund,Refund Pending,Medium,Web,Business,Agent_16,Closed,48,52.73,Breached,2.0
TKT04574,2026-07-05 16:26:00,2026-07-06 05:42:35.262457021,,Refund,Refund Pending,Medium,Web,Consumer,Agent_11,Resolved,48,13.28,Met,3.0
TKT04575,2026-04-05 12:13:00,2026-04-07 20:33:09.655222700,North,Payment,Payment Failed,Medium,Phone,Consumer,Agent_07,Resolved,48,56.34,Breached,1.0
TKT04576,2026-01-11 18:58:00,,North,Login,OTP Issue,High,Web,Consumer,Agent_16,Pending,24,,Pending,4.0
TKT04577,2026-03-09 04:18:00,2026-03-11 13:03:16.300206687,West,Technical,Website Error,High,Chat,Consumer,Agent_10,Closed,24,56.75,Breached,4.0
TKT04578,2026-07-29 19:05:00,2026-07-29 23:48:03.283274236,East,Technical,App Error,Critical,Chat,Consumer,Agent_18,Resolved,12,4.72,Met,5.0
TKT04579,2026-07-15 04:58:00,2026-07-16 02:12:09.340007110,West,Refund,Refund Pending,Medium,Phone,Consumer,Agent_16,Resolved,48,21.24,Met,5.0
TKT04580,2026-04-08 23:24:00,2026-04-10 17:56:35.014882685,South,Login,Account Locked,Medium,Phone,Consumer,Agent_01,Closed,48,42.54,Met,3.0
TKT04581,2026-04-03 09:20:00,2026-04-07 07:13:39.577763389,North,Technical,App Error,Low,Web,Business,Agent_05,Closed,72,93.89,Breached,2.0
TKT04582,2026-01-22 04:56:00,2026-01-23 12:19:14.721366498,West,Payment,Card Declined,Critical,Web,Consumer,Agent_07,Resolved,12,31.39,Breached,1.0
TKT04583,2026-06-21 06:01:00,2026-06-23 09:11:36.174480016,West,Account,Account Verification,Medium,Web,Consumer,Agent_18,Resolved,48,51.18,Breached,2.0
TKT04584,2026-05-14 09:48:00,2026-05-15 03:43:27.613334413,East,Delivery,Wrong Item,High,Phone,Consumer,Agent_06,Resolved,24,17.92,Met,4.0
TKT04585,2026-01-25 02:06:00,2026-01-25 23:05:16.250135305,North,Login,Account Locked,Medium,Phone,Consumer,Agent_17,Resolved,48,20.99,Met,5.0
TKT04586,2026-07-04 03:16:00,,South,Payment,Payment Failed,Medium,Email,Consumer,Agent_12,Pending,48,,Pending,2.0
TKT04587,2026-03-26 03:40:00,2026-03-26 18:40:16.967089476,East,Technical,Website Error,Critical,Web,Consumer,Agent_12,Resolved,12,15.0,Breached,1.0
TKT04588,2026-02-24 16:34:00,2026-02-27 05:22:15.154838730,West,Refund,Refund Pending,Low,Phone,Consumer,Agent_01,Resolved,72,60.8,Met,5.0
TKT04589,2026-09-08 01:30:00,2026-09-09 09:15:59.683446327,West,Login,OTP Issue,Medium,Email,Business,Agent_02,Closed,48,31.77,Met,5.0
TKT04590,2026-05-24 06:50:00,2026-05-25 08:33:35.112963471,South,Technical,App Error,Low,Chat,Consumer,Agent_18,Resolved,72,25.73,Met,4.0
TKT04591,2026-06-16 00:07:00,2026-06-16 23:00:19.021195914,West,Login,Password Reset,High,Email,Consumer,Agent_14,Resolved,24,22.89,Met,3.0
TKT04592,2026-08-12 09:03:00,2026-08-14 10:11:41.258227192,West,Account,Account Verification,Low,Chat,Consumer,Agent_10,Resolved,72,49.14,Met,5.0
TKT04593,2026-08-08 07:47:00,2026-08-10 13:29:07.834111480,North,Technical,Website Error,Low,Phone,Business,Agent_14,Resolved,72,53.7,Met,3.0
TKT04594,2026-06-28 05:19:00,2026-06-29 03:30:40.928173594,East,Payment,Card Declined,Medium,Web,Consumer,Agent_03,Closed,48,22.19,Met,5.0
TKT04595,2026-04-29 23:37:00,2026-04-30 08:25:08.447524383,South,Delivery,Damaged Item,Medium,Chat,Consumer,Agent_13,Resolved,48,8.8,Met,3.0
TKT04596,2026-09-22 04:28:00,2026-09-25 10:56:34.745588389,North,Delivery,Wrong Item,Medium,Web,Consumer,Agent_19,Resolved,48,78.48,Breached,3.0
TKT04597,2026-05-30 20:14:00,2026-05-31 12:01:56.825725218,North,Delivery,Late Delivery,Low,Web,Consumer,Agent_05,Resolved,72,15.8,Met,5.0
TKT04598,2026-08-03 01:00:00,2026-08-03 15:44:12.252818508,East,Refund,Refund Pending,Critical,Chat,Consumer,Agent_19,Closed,12,14.74,Breached,3.0
TKT04599,2026-07-16 21:27:00,2026-07-17 08:10:02.212700905,North,Technical,Website Error,Critical,Web,Consumer,Agent_05,Resolved,12,10.72,Met,4.0
TKT04600,2026-02-11 13:16:00,2026-02-12 09:52:15.917096195,West,Payment,Card Declined,Medium,Web,Consumer,Agent_13,Resolved,48,20.6,Met,3.0
TKT04601,2026-02-22 18:38:00,2026-02-25 20:13:40.285763077,South,Refund,Refund Failed,High,Web,Consumer,Agent_15,Closed,24,73.59,Breached,3.0
TKT04602,2026-09-08 09:12:00,2026-09-09 09:02:09.191213768,North,Login,Account Locked,Medium,Web,Consumer,Agent_06,Closed,48,23.84,Met,4.0
TKT04603,2026-09-28 15:25:00,2026-09-30 08:33:18.448842962,South,Delivery,Damaged Item,Low,Email,Business,Agent_12,Closed,72,41.14,Met,5.0
TKT04604,2026-05-03 11:00:00,2026-05-04 08:50:32.524047150,South,Delivery,Late Delivery,Medium,Chat,Consumer,Agent_16,Resolved,48,21.84,Met,5.0
TKT04605,2026-09-23 11:55:00,2026-09-26 12:51:17.388443673,South,Login,OTP Issue,Medium,Web,Consumer,Agent_18,Resolved,48,72.94,Breached,2.0
TKT04606,2026-01-29 12:58:00,2026-01-31 02:44:32.768736718,West,Payment,Payment Failed,Medium,Web,Business,Agent_15,Resolved,48,37.78,Met,5.0
TKT04607,2026-02-04 03:13:00,2026-02-05 01:59:59.700287748,South,Account,Account Access,Medium,Phone,Business,Agent_16,Closed,48,22.78,Met,4.0
TKT04608,2026-01-06 08:01:00,2026-01-07 00:31:57.182005533,East,Account,Account Access,High,Phone,Consumer,Agent_14,Closed,24,16.52,Met,5.0
TKT04609,2026-04-21 22:39:00,2026-04-23 17:07:46.947292132,South,Login,OTP Issue,Medium,Chat,Consumer,Agent_16,Closed,48,42.48,Met,5.0
TKT04610,2026-03-18 20:19:00,2026-03-19 02:02:59.015445160,West,Login,Password Reset,High,Web,Consumer,Agent_03,Closed,24,5.73,Met,4.0
TKT04611,2026-05-27 14:14:00,2026-05-31 10:27:13.745161891,West,Payment,Payment Failed,Low,Chat,Business,Agent_02,Resolved,72,92.22,Breached,2.0
TKT04612,2026-03-08 21:12:00,2026-03-10 21:13:41.398567028,East,Payment,Card Declined,Medium,Phone,Business,Agent_10,Closed,48,48.03,Breached,3.0
TKT04613,2026-01-08 08:17:00,2026-01-09 00:36:27.325077409,East,Technical,App Error,Medium,Phone,Consumer,Agent_14,Closed,48,16.32,Met,5.0
TKT04614,2026-05-02 03:31:00,2026-05-02 14:03:47.683760798,West,Technical,Website Error,Medium,Phone,Consumer,Agent_17,Closed,48,10.55,Met,4.0
TKT04615,2026-06-24 11:04:00,2026-06-24 19:48:38.343305313,West,Refund,Refund Failed,High,Email,Consumer,Agent_17,Closed,24,8.74,Met,5.0
TKT04616,2026-06-28 11:09:00,2026-06-28 22:11:19.078884866,East,Account,Account Access,High,Email,Consumer,Agent_18,Resolved,24,11.04,Met,3.0
TKT04617,2026-03-26 03:40:00,2026-03-26 18:35:24.068480379,West,Delivery,Damaged Item,Medium,Phone,Consumer,Agent_03,Resolved,48,14.92,Met,3.0
TKT04618,2026-02-14 04:32:00,2026-02-15 14:51:06.493652907,North,Login,Account Locked,High,Phone,Consumer,Agent_15,Resolved,24,34.32,Breached,1.0
TKT04619,2026-05-16 19:37:00,2026-05-17 04:59:40.261206219,South,Payment,Card Declined,Critical,Email,Consumer,Agent_12,Resolved,12,9.38,Met,4.0
TKT04620,2026-01-16 21:12:00,2026-01-18 07:11:40.641439534,West,Refund,Refund Request,Medium,Phone,Consumer,Agent_16,Resolved,48,33.99,Met,5.0
TKT04621,2026-07-14 04:38:00,,West,Technical,Website Error,Low,Phone,Business,Agent_06,Pending,72,,Pending,3.0
TKT04622,2026-01-09 13:35:00,2026-01-10 15:25:15.004660916,West,Payment,Card Declined,High,Email,Consumer,Agent_14,Closed,24,25.84,Breached,4.0
TKT04623,2026-01-15 04:35:00,2026-01-18 11:14:38.656540850,North,Login,Account Locked,Low,Email,Consumer,Agent_18,Closed,72,78.66,Breached,1.0
TKT04624,2026-04-12 16:44:00,2026-04-14 00:16:18.850761056,South,Refund,Refund Failed,High,Email,Business,Agent_20,Resolved,24,31.54,Breached,3.0
TKT04625,2026-08-14 08:33:00,2026-08-14 19:19:59.536593922,East,Refund,Refund Failed,Medium,Phone,Consumer,Agent_03,Resolved,48,10.78,Met,4.0
TKT04626,2026-04-23 18:31:00,2026-04-24 20:18:34.227610195,North,Payment,Duplicate Charge,Medium,Phone,Consumer,Agent_17,Resolved,48,25.79,Met,3.0
TKT04627,2026-01-01 15:22:00,2026-01-04 20:46:23.452262870,North,Refund,Refund Failed,Low,Web,Consumer,Agent_20,Resolved,72,77.41,Breached,3.0
TKT04628,2026-09-23 10:41:00,2026-09-25 23:40:46.582023973,East,Technical,Website Error,Medium,Phone,Consumer,Agent_06,Resolved,48,61.0,Breached,1.0
TKT04629,2026-07-27 08:24:00,2026-07-27 16:35:32.620295900,East,Payment,Payment Failed,Critical,Phone,Consumer,Agent_07,Closed,12,8.19,Met,4.0
TKT04630,2026-04-20 09:49:00,2026-04-22 11:54:31.099753939,West,Account,Account Access,Low,Email,Consumer,Agent_06,Resolved,72,50.09,Met,4.0
TKT04631,2026-07-19 12:51:00,2026-07-22 10:34:55.815187195,East,Account,Account Verification,Medium,Chat,Business,Agent_12,Resolved,48,69.73,Breached,3.0
TKT04632,2026-01-12 21:04:00,2026-01-14 03:07:26.528610528,North,Delivery,Late Delivery,Critical,Phone,Consumer,Agent_17,Resolved,12,30.06,Breached,3.0
TKT04633,2026-07-07 12:19:00,,West,Delivery,Wrong Item,Medium,Phone,Consumer,Agent_06,Pending,48,,Pending,2.0
TKT04634,2026-06-03 11:14:00,2026-06-03 22:06:32.949052510,East,Account,Account Verification,Medium,Phone,Consumer,Agent_15,Closed,48,10.88,Met,4.0
TKT04635,2026-06-20 20:59:00,,North,Account,Account Access,Medium,Web,Consumer,Agent_05,Pending,48,,Pending,2.0
TKT04636,2026-05-14 16:53:00,2026-05-15 19:36:29.249616572,South,Refund,Refund Failed,Medium,Email,Business,Agent_15,Closed,48,26.72,Met,3.0
TKT04637,2026-01-25 02:07:00,2026-01-28 17:46:46.678355463,East,Login,Account Locked,Low,Web,Consumer,Agent_11,Resolved,72,87.66,Breached,3.0
TKT04638,2026-01-18 08:22:00,,North,Refund,Refund Request,Low,Web,Consumer,Agent_09,Pending,72,,Pending,4.0
TKT04639,2026-07-09 20:23:00,2026-07-11 04:47:55.670383587,West,Refund,Refund Request,Medium,Chat,Consumer,Agent_04,Resolved,48,32.42,Met,5.0
TKT04640,2026-05-21 15:01:00,2026-05-21 20:55:43.670421662,East,Payment,Duplicate Charge,Critical,Phone,Business,Agent_03,Resolved,12,5.91,Met,5.0
TKT04641,2026-02-12 09:02:00,2026-02-14 10:41:07.993934344,East,Account,Account Verification,Low,Web,Business,Agent_13,Resolved,72,49.65,Met,5.0
TKT04642,2026-05-26 08:11:00,2026-06-01 09:45:36.672967362,West,Login,OTP Issue,Low,Web,Consumer,Agent_06,Closed,72,145.58,Breached,3.0
TKT04643,2026-04-02 17:24:00,2026-04-04 03:24:32.587914513,West,Technical,System Issue,Medium,Web,Consumer,Agent_01,Closed,48,34.01,Met,5.0
TKT04644,2026-06-28 20:57:00,2026-06-30 00:08:35.512136725,North,Delivery,Damaged Item,High,Email,Consumer,Agent_10,Resolved,24,27.19,Breached,3.0
TKT04645,2026-02-25 11:53:00,2026-02-27 06:11:35.457719281,West,Payment,Duplicate Charge,Medium,Phone,Consumer,Agent_05,Resolved,48,42.31,Met,4.0
TKT04646,2026-06-04 13:10:00,2026-06-05 20:03:45.723808492,North,Login,Account Locked,High,Web,Business,Agent_02,Closed,24,30.9,Breached,2.0
TKT04647,2026-06-09 06:55:00,2026-06-10 02:50:03.911522620,North,Refund,Refund Failed,Low,Phone,Business,Agent_19,Resolved,72,19.92,Met,5.0
TKT04648,2026-04-21 02:27:00,2026-04-21 15:09:08.894979126,West,Payment,Card Declined,Critical,Phone,Consumer,Agent_16,Closed,12,12.7,Breached,3.0
TKT04649,2026-05-17 16:09:00,2026-05-20 08:25:07.369056436,East,Login,OTP Issue,Medium,Chat,Business,Agent_09,Resolved,48,64.27,Breached,2.0
TKT04650,2026-08-20 00:28:00,2026-08-20 22:00:37.269261654,West,Refund,Refund Request,High,Email,Consumer,Agent_18,Resolved,24,21.54,Met,5.0
TKT04651,2026-08-08 23:04:00,2026-08-10 05:30:48.055046056,West,Login,Account Locked,Medium,Web,Consumer,Agent_17,Resolved,48,30.45,Met,5.0
TKT04652,2026-03-09 05:07:00,2026-03-10 15:44:39.919226516,South,Technical,System Issue,High,Web,Consumer,Agent_07,Resolved,24,34.63,Breached,1.0
TKT04653,2026-09-06 02:41:00,2026-09-09 12:20:23.045209858,South,Login,Account Locked,Low,Chat,Business,Agent_17,Closed,72,81.66,Breached,2.0
TKT04654,2026-01-06 14:28:00,2026-01-07 02:44:04.713622240,West,Login,Password Reset,Low,Web,Business,Agent_20,Closed,72,12.27,Met,5.0
TKT04655,2026-04-04 14:11:00,2026-04-06 04:56:37.786259462,East,Delivery,Damaged Item,Medium,Email,Consumer,Agent_01,Resolved,48,38.76,Met,5.0
TKT04656,2026-09-26 01:00:00,2026-09-27 15:28:45.411912904,East,Account,Profile Update,High,Web,Business,Agent_08,Closed,24,38.48,Breached,2.0
TKT04657,2026-07-16 02:04:00,2026-07-17 23:05:24.712892623,North,Login,OTP Issue,High,Email,Consumer,Agent_20,Closed,24,45.02,Breached,3.0
TKT04658,2026-01-25 18:14:00,2026-01-26 15:11:04.312447506,West,Account,Profile Update,Medium,Web,Consumer,Agent_10,Resolved,48,20.95,Met,4.0
TKT04659,2026-05-28 13:57:00,2026-05-29 21:05:14.817675912,West,Login,OTP Issue,Medium,Phone,Consumer,Agent_06,Resolved,48,31.14,Met,4.0
TKT04660,2026-04-28 07:45:00,2026-04-30 21:13:29.700304921,South,Technical,App Error,Low,Phone,Consumer,Agent_09,Resolved,72,61.47,Met,4.0
TKT04661,2026-03-07 04:02:00,2026-03-08 10:20:36.400439599,South,Delivery,Damaged Item,High,Chat,Consumer,Agent_01,Resolved,24,30.31,Breached,3.0
TKT04662,2026-06-24 20:44:00,2026-06-25 23:46:23.041783014,South,Delivery,Late Delivery,High,Web,Consumer,Agent_10,Resolved,24,27.04,Breached,3.0
TKT04663,2026-03-17 07:52:00,,North,Login,Account Locked,High,Web,Business,Agent_12,Pending,24,,Pending,3.0
TKT04664,2026-04-24 15:58:00,2026-04-25 19:58:41.087014909,West,Payment,Card Declined,Medium,Email,Business,Agent_11,Resolved,48,28.01,Met,5.0
TKT04665,2026-04-21 08:52:00,2026-04-23 01:33:20.015696490,South,Payment,Payment Failed,Critical,,Business,Agent_05,Resolved,12,40.69,Breached,4.0
TKT04666,2026-09-06 08:13:00,2026-09-08 07:00:58.589487456,West,Technical,App Error,High,Chat,Business,Agent_19,Resolved,24,46.8,Breached,3.0
TKT04667,2026-07-22 14:58:00,2026-07-25 04:31:56.064218648,North,Technical,App Error,Medium,Web,Consumer,Agent_10,Resolved,48,61.57,Breached,3.0
TKT04668,2026-05-27 01:21:00,2026-05-27 21:14:35.135344100,East,Delivery,Wrong Item,Medium,Phone,Business,Agent_18,Resolved,48,19.89,Met,5.0
TKT04669,2026-02-04 14:15:00,2026-02-05 09:27:55.804254181,North,Payment,Card Declined,Medium,Chat,Consumer,Agent_09,Resolved,48,19.22,Met,5.0
TKT04670,2026-01-26 14:38:00,2026-01-27 19:06:25.960268625,West,Account,Account Verification,Medium,Phone,Business,Agent_03,Resolved,48,28.47,Met,4.0
TKT04671,2026-08-26 15:22:00,2026-08-28 07:25:50.355509450,West,Technical,App Error,Medium,Chat,Business,Agent_04,Resolved,48,40.06,Met,4.0
TKT04672,2026-01-14 00:11:00,2026-01-15 14:48:12.184999546,West,Technical,Website Error,Medium,Chat,Consumer,Agent_06,Resolved,48,38.62,Met,3.0
TKT04673,2026-02-14 21:26:00,2026-02-17 04:01:02.767775442,East,Login,OTP Issue,Medium,Chat,Consumer,Agent_02,Resolved,48,54.58,Breached,3.0
TKT04674,2026-08-04 07:28:00,2026-08-06 17:31:54.445062744,West,Payment,Duplicate Charge,Medium,Chat,Consumer,Agent_05,Resolved,48,58.07,Breached,1.0
TKT04675,2026-08-21 20:15:00,2026-08-23 20:16:15.147115194,South,Refund,Refund Failed,Medium,Email,Business,Agent_20,Resolved,48,48.02,Breached,2.0
TKT04676,2026-07-12 12:41:00,2026-07-14 17:21:26.731640755,East,Payment,Payment Failed,Medium,Chat,Consumer,Agent_13,Resolved,48,52.67,Breached,1.0
TKT04677,2026-02-20 18:57:00,2026-02-21 12:39:12.277293530,East,Login,Account Locked,High,Phone,Consumer,Agent_01,Resolved,24,17.7,Met,4.0
TKT04678,2026-08-02 00:25:00,2026-08-02 22:10:53.625268465,East,Account,Account Access,Medium,Web,Consumer,Agent_14,Resolved,48,21.76,Met,4.0
TKT04679,2026-05-31 08:27:00,2026-06-04 11:28:59.097308790,North,Delivery,Wrong Item,Low,Email,Business,Agent_20,Resolved,72,99.03,Breached,3.0
TKT04680,2026-03-17 01:01:00,2026-03-18 04:32:49.055618971,North,Technical,System Issue,Medium,Email,Consumer,Agent_11,Resolved,48,27.53,Met,5.0
TKT04681,2026-08-08 03:48:00,2026-08-08 21:15:53.705056474,North,Login,OTP Issue,High,Email,Consumer,Agent_02,Closed,24,17.46,Met,5.0
TKT04682,2026-07-06 10:06:00,2026-07-06 21:58:44.281618417,East,Delivery,Wrong Item,High,Web,Consumer,Agent_15,Resolved,24,11.88,Met,5.0
TKT04683,2026-01-28 17:38:00,2026-01-30 18:16:32.409053124,East,Refund,Refund Pending,Medium,Web,Consumer,Agent_07,Resolved,48,48.64,Breached,4.0
TKT04684,2026-06-29 14:50:00,2026-06-30 20:02:55.568602000,West,Refund,Refund Failed,Critical,Email,Consumer,Agent_05,Resolved,12,29.22,Breached,2.0
TKT04685,2026-09-10 12:40:00,,East,Technical,System Issue,Low,Email,Consumer,Agent_12,Pending,72,,Pending,3.0
TKT04686,2026-05-06 09:54:00,,South,Refund,Refund Pending,Critical,Chat,Consumer,Agent_17,Pending,12,,Pending,2.0
TKT04687,2026-06-26 17:28:00,2026-06-27 16:31:36.566555788,North,Payment,Card Declined,Low,Chat,Business,Agent_16,Resolved,72,23.06,Met,5.0
TKT04688,2026-02-06 17:35:00,2026-02-09 06:35:08.060356242,West,Payment,Duplicate Charge,Low,Web,Consumer,Agent_17,Resolved,72,61.0,Met,4.0
TKT04689,2026-04-09 17:15:00,2026-04-10 11:01:55.142034441,South,Account,Account Access,Medium,Chat,Business,Agent_07,Resolved,48,17.78,Met,5.0
TKT04690,2026-04-08 22:22:00,2026-04-09 07:18:47.785751606,South,Payment,Card Declined,Medium,Phone,Business,Agent_01,Resolved,48,8.95,Met,5.0
TKT04691,2026-05-07 00:00:00,2026-05-10 03:00:43.988325264,South,Payment,Duplicate Charge,Medium,Phone,Consumer,Agent_02,Resolved,48,75.01,Breached,2.0
TKT04692,2026-06-17 19:19:00,2026-06-18 09:50:16.561758079,East,Technical,System Issue,High,Chat,Consumer,Agent_20,Resolved,24,14.52,Met,3.0
TKT04693,2026-03-21 20:19:00,2026-03-22 04:17:07.920904076,North,Login,OTP Issue,High,Chat,Consumer,Agent_05,Resolved,24,7.97,Met,5.0
TKT04694,2026-05-06 02:12:00,2026-05-08 09:09:36.510556460,South,Account,Account Access,Medium,Email,Consumer,Agent_01,Resolved,48,54.96,Breached,3.0
TKT04695,2026-05-30 01:25:00,2026-06-02 19:16:15.884785188,West,Delivery,Wrong Item,Medium,Chat,Consumer,Agent_13,Resolved,48,89.85,Breached,1.0
TKT04696,2026-01-16 22:27:00,2026-01-19 17:40:10.940707513,North,Technical,System Issue,Low,Phone,Consumer,Agent_01,Closed,72,67.22,Met,5.0
TKT04697,2026-01-28 20:03:00,2026-01-30 07:10:36.321027081,North,Login,Account Locked,Low,Web,Consumer,Agent_19,Resolved,72,35.13,Met,5.0
TKT04698,2026-06-22 08:35:00,2026-06-23 10:30:49.883215692,,Refund,Refund Request,Medium,Web,Consumer,Agent_01,Resolved,48,25.93,Met,5.0
TKT04699,2026-02-15 02:54:00,2026-02-16 09:37:00.179540828,South,Account,Account Access,Low,Email,Consumer,Agent_03,Resolved,72,30.72,Met,4.0
TKT04700,2026-08-24 12:42:00,2026-08-25 08:08:29.647065411,West,Technical,App Error,High,Web,Consumer,Agent_05,Resolved,24,19.44,Met,
TKT04701,2026-08-02 17:24:00,2026-08-05 03:53:02.587732227,East,Refund,Refund Pending,Medium,Chat,Consumer,Agent_19,Closed,48,58.48,Breached,2.0
TKT04702,2026-03-26 16:36:00,2026-03-28 15:02:33.479085055,North,Delivery,Damaged Item,Low,Email,Business,Agent_12,Resolved,72,46.44,Met,5.0
TKT04703,2026-08-20 18:48:00,2026-08-21 17:43:28.881194005,South,Payment,Card Declined,Medium,Chat,Consumer,Agent_08,Resolved,48,22.92,Met,5.0
TKT04704,2026-03-26 09:37:00,2026-03-28 01:23:55.036836724,North,Payment,Duplicate Charge,Low,Web,Consumer,Agent_05,Resolved,72,39.78,Met,5.0
TKT04705,2026-03-06 00:48:00,2026-03-07 07:30:11.699705570,North,Payment,Duplicate Charge,Medium,Chat,Consumer,Agent_15,Resolved,48,30.7,Met,5.0
TKT04706,2026-05-14 08:47:00,2026-05-15 01:45:42.911703901,East,Delivery,Wrong Item,High,Email,Business,Agent_11,Resolved,24,16.98,Met,5.0
TKT04707,2026-05-31 02:24:00,2026-06-01 03:38:27.218973472,West,Payment,Payment Failed,Medium,Email,Consumer,Agent_15,Resolved,48,25.24,Met,5.0
TKT04708,2026-04-25 22:43:00,2026-04-28 18:12:15.168603872,South,Login,Account Locked,Low,Phone,Consumer,Agent_05,Resolved,72,67.49,Met,3.0
TKT04709,2026-03-05 12:41:00,2026-03-06 09:09:31.031813308,East,Payment,Card Declined,High,Web,Consumer,Agent_06,Resolved,24,20.48,Met,4.0
TKT04710,2026-06-07 22:57:00,2026-06-09 10:51:43.052911804,West,Refund,Refund Pending,Low,Chat,Consumer,Agent_04,Resolved,72,35.91,Met,5.0
TKT04711,2026-03-18 18:18:00,2026-03-19 12:37:31.630905652,East,Technical,System Issue,High,Phone,Business,Agent_05,Resolved,24,18.33,Met,5.0
TKT04712,2026-05-26 15:28:00,2026-05-27 18:37:27.172110870,West,Refund,Refund Pending,Medium,Phone,Business,Agent_13,Closed,48,27.16,Met,4.0
TKT04713,2026-08-13 13:13:00,2026-08-15 02:53:08.050462546,North,Refund,Refund Request,Medium,Web,Consumer,Agent_12,Resolved,48,37.67,Met,3.0
TKT04714,2026-04-13 05:18:00,2026-04-14 07:40:00.351354072,South,Payment,Payment Failed,High,Chat,Consumer,Agent_06,Resolved,24,26.37,Breached,1.0
TKT04715,2026-03-29 18:30:00,,South,Login,Password Reset,High,Web,Consumer,Agent_05,Pending,24,,Pending,3.0
TKT04716,2026-06-17 11:37:00,2026-06-20 12:07:20.492284140,South,Payment,Card Declined,Low,Chat,Business,Agent_10,Resolved,72,72.51,Breached,3.0
TKT04717,2026-06-19 14:06:00,2026-06-20 09:45:10.015159204,East,Refund,Refund Failed,Medium,Phone,Consumer,Agent_06,Resolved,48,19.65,Met,3.0
TKT04718,2026-05-15 13:02:00,2026-05-16 21:08:56.467667358,East,Login,Account Locked,High,Phone,Business,Agent_09,Resolved,24,32.12,Breached,1.0
TKT04719,2026-02-19 00:41:00,2026-02-19 18:01:16.743391746,West,Payment,Card Declined,Low,Phone,Consumer,Agent_20,Resolved,72,17.34,Met,5.0
TKT04720,2026-05-14 18:36:00,2026-05-16 12:18:55.417228596,East,Payment,Payment Failed,Medium,Chat,Consumer,Agent_18,Resolved,48,41.72,Met,4.0
TKT04721,2026-05-17 08:48:00,2026-05-18 01:58:54.400405083,North,Technical,App Error,High,Email,Consumer,Agent_04,Resolved,24,17.18,Met,4.0
TKT04722,2026-09-02 21:28:00,2026-09-04 03:00:58.374595359,West,Refund,Refund Failed,Medium,Web,Consumer,Agent_13,Resolved,48,29.55,Met,4.0
TKT04723,2026-04-19 04:51:00,2026-04-20 06:10:41.290907599,East,Delivery,Late Delivery,High,Chat,Consumer,Agent_04,Resolved,24,25.33,Breached,2.0
TKT04724,2026-01-21 16:08:00,2026-01-23 17:27:51.743764027,South,Account,Account Access,High,Web,Consumer,Agent_13,Closed,24,49.33,Breached,2.0
TKT04725,2026-03-31 01:36:00,2026-04-01 12:11:10.137585260,North,Technical,App Error,High,Web,Consumer,Agent_11,Resolved,24,34.59,Breached,4.0
TKT04726,2026-04-22 18:38:00,2026-04-23 13:15:32.620203192,South,Payment,Payment Failed,High,Phone,Consumer,Agent_11,Closed,24,18.63,Met,4.0
TKT04727,2026-03-18 22:29:00,2026-03-21 00:20:52.126933489,West,Refund,Refund Request,Medium,Web,Consumer,Agent_19,Closed,48,49.86,Breached,3.0
TKT04728,2026-06-26 01:13:00,2026-06-26 20:31:10.322554528,West,Payment,Card Declined,Medium,Email,Business,Agent_01,Resolved,48,19.3,Met,4.0
TKT04729,2026-05-28 22:39:00,2026-05-30 02:01:30.416088676,East,Refund,Refund Failed,Medium,Chat,Consumer,Agent_14,Resolved,48,27.38,Met,5.0
TKT04730,2026-04-11 18:11:00,2026-04-12 09:00:51.187511233,West,Technical,Website Error,High,Email,Consumer,Agent_13,Resolved,24,14.83,Met,5.0
TKT04731,2026-09-03 12:37:00,2026-09-04 03:51:30.606340902,West,Payment,Duplicate Charge,High,Email,Consumer,Agent_07,Resolved,24,15.24,Met,4.0
TKT04732,2026-04-27 18:20:00,2026-04-28 12:18:31.202380405,South,Delivery,Late Delivery,Medium,Phone,Consumer,Agent_01,Closed,48,17.98,Met,5.0
TKT04733,2026-04-02 03:27:00,2026-04-04 00:17:22.236256410,West,Refund,Refund Request,Medium,Chat,Consumer,Agent_13,Resolved,48,44.84,Met,4.0
TKT04734,2026-01-28 20:44:00,2026-01-29 10:21:11.185694439,North,Refund,Refund Failed,Critical,Chat,Consumer,Agent_05,Resolved,12,13.62,Breached,2.0
TKT04735,2026-01-25 21:25:00,2026-01-27 00:23:22.397120068,East,Payment,Payment Failed,Medium,Email,Consumer,Agent_08,Resolved,48,26.97,Met,5.0
TKT04736,2026-02-27 06:49:00,2026-03-01 06:45:58.415415964,West,Payment,Card Declined,Low,Chat,Consumer,Agent_14,Resolved,72,47.95,Met,5.0
TKT04737,2026-05-14 05:30:00,2026-05-15 10:22:23.903169528,North,Login,OTP Issue,High,Web,Consumer,Agent_02,Resolved,24,28.87,Breached,4.0
TKT04738,2026-09-06 05:43:00,2026-09-07 02:37:59.622442617,East,Delivery,Damaged Item,Critical,Chat,Consumer,Agent_19,Resolved,12,20.92,Breached,4.0
TKT04739,2026-02-07 16:28:00,2026-02-08 01:11:43.995444754,North,Account,Account Verification,High,Chat,Consumer,Agent_04,Resolved,24,8.73,Met,5.0
TKT04740,2026-03-16 12:50:00,2026-03-17 13:57:04.893915590,North,Payment,Card Declined,High,Web,Consumer,Agent_02,Resolved,24,25.12,Breached,3.0
TKT04741,2026-05-22 01:13:00,2026-05-24 22:21:57.134692777,West,Refund,Refund Pending,Low,Web,Business,Agent_04,Resolved,72,69.15,Met,3.0
TKT04742,2026-06-17 04:13:00,2026-06-21 08:22:35.272064707,South,Delivery,Wrong Item,High,Web,Consumer,Agent_06,Resolved,24,100.16,Breached,2.0
TKT04743,2026-09-16 15:58:00,2026-09-18 02:52:49.613212468,East,Account,Account Access,Medium,Web,Consumer,Agent_18,Resolved,48,34.91,Met,3.0
TKT04744,2026-08-13 13:39:00,2026-08-14 17:17:06.265223563,West,Login,Password Reset,High,Chat,Consumer,Agent_01,Resolved,24,27.64,Breached,1.0
TKT04745,2026-06-01 16:25:00,2026-06-02 04:28:22.471755940,West,Technical,Website Error,Medium,Phone,Consumer,Agent_13,Resolved,48,12.06,Met,4.0
TKT04746,2026-01-19 05:31:00,2026-01-21 04:33:22.724358288,East,Refund,Refund Failed,Low,Phone,Business,Agent_15,Resolved,72,47.04,Met,5.0
TKT04747,2026-05-26 23:41:00,2026-05-28 02:08:56.159730741,East,Delivery,Wrong Item,Medium,Web,Consumer,Agent_09,Resolved,48,26.47,Met,4.0
TKT04748,2026-08-29 22:48:00,2026-08-31 16:53:07.949847537,West,Account,Account Access,Medium,Chat,Consumer,Agent_02,Resolved,48,42.09,Met,5.0
TKT04749,2026-08-25 12:26:00,2026-08-27 03:36:58.289764263,North,Refund,Refund Request,High,Chat,Business,Agent_14,Resolved,24,39.18,Breached,2.0
TKT04750,2026-02-04 13:55:00,2026-02-05 03:59:04.717167009,South,Delivery,Damaged Item,Critical,Chat,Consumer,Agent_04,Resolved,12,14.07,Breached,3.0
TKT04751,2026-07-09 07:34:00,2026-07-10 01:37:37.233249213,South,Login,Password Reset,High,Chat,Consumer,Agent_19,Resolved,24,18.06,Met,
TKT04752,2026-01-01 18:58:00,2026-01-02 08:37:00.269899624,East,Payment,Payment Failed,High,Chat,Consumer,Agent_20,Resolved,24,13.65,Met,4.0
TKT04753,2026-06-02 05:12:00,2026-06-02 15:28:35.559186027,East,Payment,Duplicate Charge,Medium,Phone,Consumer,Agent_05,Resolved,48,10.28,Met,5.0
TKT04754,2026-05-06 16:57:00,2026-05-07 07:11:40.651527091,North,Payment,Card Declined,High,Email,Consumer,Agent_09,Resolved,24,14.24,Met,4.0
TKT04755,2026-08-14 03:47:00,2026-08-14 12:08:50.296104889,North,Payment,Card Declined,High,Email,Consumer,Agent_20,Closed,24,8.36,Met,5.0
TKT04756,2026-08-09 13:53:00,2026-08-09 22:46:44.523894850,West,Technical,App Error,High,Email,Consumer,Agent_20,Resolved,24,8.9,Met,3.0
TKT04757,2026-07-30 14:17:00,2026-08-02 13:48:37.982216424,North,Technical,App Error,Medium,Web,Consumer,Agent_17,Resolved,48,71.53,Breached,2.0
TKT04758,2026-01-25 21:08:00,2026-01-26 21:13:52.791251953,South,Technical,System Issue,Medium,Web,Consumer,Agent_16,Resolved,48,24.1,Met,5.0
TKT04759,2026-01-16 13:37:00,2026-01-17 08:57:50.088470049,North,Login,Password Reset,High,Phone,Business,Agent_17,Resolved,24,19.35,Met,5.0
TKT04760,2026-07-01 16:57:00,2026-07-04 18:01:40.369675044,North,Payment,Duplicate Charge,Medium,Phone,Consumer,Agent_20,Resolved,48,73.08,Breached,2.0
TKT04761,2026-05-09 08:47:00,2026-05-09 23:59:09.849057804,North,Payment,Duplicate Charge,High,Chat,Business,Agent_20,Resolved,24,15.2,Met,5.0
TKT04762,2026-02-11 15:49:00,2026-02-11 20:43:28.378195005,East,Delivery,Damaged Item,Critical,Phone,Consumer,Agent_07,Resolved,12,4.91,Met,4.0
TKT04763,2026-08-24 07:06:00,2026-08-26 23:27:27.930274066,North,Login,OTP Issue,Medium,Web,Business,Agent_01,Closed,48,64.36,Breached,1.0
TKT04764,2026-02-03 00:41:00,2026-02-03 23:05:19.266580011,East,Login,Account Locked,High,Phone,Consumer,Agent_12,Resolved,24,22.41,Met,4.0
TKT04765,2026-02-14 07:44:00,,South,Delivery,Late Delivery,High,Chat,Consumer,Agent_20,Pending,24,,Pending,2.0
TKT04766,2026-05-14 04:37:00,2026-05-15 10:48:49.622719074,South,Account,Account Verification,High,Chat,Consumer,Agent_17,Closed,24,30.2,Breached,4.0
TKT04767,2026-01-21 13:55:00,2026-01-22 06:03:52.126788987,East,Login,OTP Issue,Medium,Chat,Business,Agent_15,Closed,48,16.15,Met,5.0
TKT04768,2026-05-02 00:18:00,2026-05-02 14:11:19.344524604,East,Delivery,Wrong Item,High,Web,Consumer,Agent_06,Closed,24,13.89,Met,4.0
TKT04769,2026-03-11 01:05:00,2026-03-11 16:43:12.393391981,North,Refund,Refund Request,Medium,Email,Consumer,Agent_13,Resolved,48,15.64,Met,5.0
TKT04770,2026-02-17 02:46:00,2026-02-19 17:44:03.674674959,North,Account,Account Access,Low,Email,Consumer,Agent_12,Resolved,72,62.97,Met,4.0
TKT04771,2026-02-08 16:59:00,2026-02-09 02:31:27.147036534,South,Login,OTP Issue,High,Web,Business,Agent_03,Resolved,24,9.54,Met,4.0
TKT04772,2026-01-10 06:42:00,2026-01-11 06:47:35.090303218,South,Delivery,Late Delivery,High,Chat,Consumer,Agent_08,Resolved,24,24.09,Breached,3.0
TKT04773,2026-01-30 06:48:00,2026-01-31 00:22:20.177034070,South,Payment,Payment Failed,High,Chat,Consumer,Agent_16,Resolved,24,17.57,Met,4.0
TKT04774,2026-09-01 01:51:00,2026-09-02 06:08:32.491439350,South,Login,Account Locked,Low,Web,Consumer,Agent_15,Closed,72,28.29,Met,3.0
TKT04775,2026-03-29 21:37:00,2026-04-01 06:24:56.928626833,West,Refund,Refund Request,Low,Email,Business,Agent_07,Resolved,72,56.8,Met,5.0
TKT04776,2026-09-01 23:50:00,2026-09-02 07:53:53.899071721,North,Login,Password Reset,Critical,Chat,Consumer,Agent_16,Resolved,12,8.06,Met,5.0
TKT04777,2026-01-15 23:16:00,2026-01-17 00:32:37.572839547,North,Refund,Refund Pending,Low,Chat,Consumer,Agent_11,Resolved,72,25.28,Met,5.0
TKT04778,2026-01-04 09:56:00,2026-01-04 16:00:51.216355927,West,Technical,Website Error,High,Email,Consumer,Agent_04,Resolved,24,6.08,Met,4.0
TKT04779,2026-07-10 10:50:00,2026-07-10 20:48:23.090729649,South,Refund,Refund Request,High,Web,Consumer,Agent_16,Resolved,24,9.97,Met,4.0
TKT04780,2026-06-17 17:42:00,2026-06-18 14:08:33.482875592,North,Delivery,Wrong Item,High,Phone,Consumer,Agent_04,Resolved,24,20.44,Met,5.0
TKT04781,2026-01-09 01:44:00,2026-01-10 10:49:33.950202522,North,Payment,Card Declined,Low,Chat,Consumer,Agent_11,Closed,72,33.09,Met,5.0
TKT04782,2026-04-19 05:23:00,2026-04-20 05:14:18.702192664,East,Delivery,Wrong Item,High,Email,Consumer,Agent_16,Resolved,24,23.86,Met,5.0
TKT04783,2026-05-17 16:31:00,2026-05-18 11:49:55.947894332,West,Technical,Website Error,High,Web,Business,Agent_16,Resolved,24,19.32,Met,5.0
TKT04784,2026-06-03 23:57:00,2026-06-04 07:51:12.487808131,East,Payment,Duplicate Charge,Medium,Email,Business,Agent_07,Resolved,48,7.9,Met,5.0
TKT04785,2026-07-28 07:08:00,2026-07-31 05:46:39.228747313,West,Account,Account Access,Medium,Email,Consumer,Agent_06,Closed,48,70.64,Breached,3.0
TKT04786,2026-09-29 10:34:00,2026-09-30 01:08:29.702044225,West,Technical,System Issue,Medium,Phone,Consumer,Agent_10,Resolved,48,14.57,Met,4.0
TKT04787,2026-05-23 12:09:00,2026-05-25 02:42:24.447831120,West,Account,Account Verification,Low,Chat,Consumer,Agent_19,Resolved,72,38.56,Met,5.0
TKT04788,2026-04-09 14:48:00,,South,Technical,System Issue,High,Chat,Consumer,Agent_20,Pending,24,,Pending,3.0
TKT04789,2026-03-10 18:04:00,2026-03-11 23:24:54.438784767,West,Payment,Duplicate Charge,High,Chat,Business,Agent_15,Resolved,24,29.35,Breached,1.0
TKT04790,2026-09-04 22:10:00,2026-09-05 12:48:14.013074043,South,Refund,Refund Pending,Critical,Phone,Business,Agent_04,Resolved,12,14.64,Breached,2.0
TKT04791,2026-09-18 22:57:00,2026-09-20 00:48:56.289309152,West,Technical,System Issue,Medium,Email,Business,Agent_06,Resolved,48,25.87,Met,4.0
TKT04792,2026-03-20 06:32:00,2026-03-21 08:37:49.110015354,South,Delivery,Late Delivery,High,Web,Consumer,Agent_19,Resolved,24,26.1,Breached,3.0
TKT04793,2026-05-26 03:23:00,2026-05-28 06:16:18.015974408,South,Delivery,Wrong Item,Low,Email,Business,Agent_20,Closed,72,50.89,Met,4.0
TKT04794,2026-04-21 04:17:00,2026-04-21 17:11:58.061288390,South,Login,OTP Issue,High,Chat,Consumer,Agent_12,Resolved,24,12.92,Met,5.0
TKT04795,2026-09-15 08:05:00,2026-09-17 06:22:33.138372048,North,Refund,Refund Request,Medium,Phone,Business,Agent_06,Closed,48,46.29,Met,4.0
TKT04796,2026-04-03 07:25:00,2026-04-03 10:20:09.586325017,East,Delivery,Late Delivery,Critical,Email,Business,Agent_13,Resolved,12,2.92,Met,5.0
TKT04797,2026-01-13 20:03:00,2026-01-15 09:41:40.003379379,East,Technical,System Issue,High,Phone,Consumer,Agent_05,Resolved,24,37.64,Breached,1.0
TKT04798,2026-09-17 17:03:00,2026-09-18 05:00:36.582774156,East,Account,Profile Update,Critical,Web,Business,Agent_14,Resolved,12,11.96,Met,5.0
TKT04799,2026-04-19 05:41:00,2026-04-20 04:34:40.034619754,North,Payment,Duplicate Charge,High,Web,Consumer,Agent_14,Resolved,24,22.89,Met,4.0
TKT04800,2026-07-08 02:12:00,2026-07-09 11:06:28.450891447,North,Login,Password Reset,High,Chat,Business,Agent_17,Resolved,24,32.91,Breached,2.0
TKT04801,2026-04-05 07:22:00,2026-04-13 01:39:36.200719852,North,Refund,Refund Pending,Low,Phone,Consumer,Agent_04,Resolved,72,186.29,Breached,1.0
TKT04802,2026-04-15 04:12:00,2026-04-16 02:45:11.731095288,West,Delivery,Wrong Item,High,Chat,Consumer,Agent_08,Resolved,24,22.55,Met,4.0
TKT04803,2026-01-08 04:24:00,2026-01-08 19:02:46.377991446,West,Account,Profile Update,Medium,Phone,Business,Agent_01,Closed,48,14.65,Met,5.0
TKT04804,2026-03-08 01:32:00,2026-03-09 19:40:43.949658469,West,Delivery,Wrong Item,Medium,Phone,Business,Agent_12,Resolved,48,42.15,Met,5.0
TKT04805,2026-07-10 23:54:00,2026-07-14 21:30:53.373871177,West,Account,Account Access,Low,Web,Consumer,Agent_13,Resolved,72,93.61,Breached,1.0
TKT04806,2026-09-13 02:17:00,2026-09-13 21:06:42.031610288,West,Refund,Refund Request,High,Email,Consumer,Agent_20,Resolved,24,18.83,Met,4.0
TKT04807,2026-01-09 20:31:00,2026-01-10 23:36:11.179657006,East,Technical,App Error,Medium,Email,Consumer,Agent_05,Closed,48,27.09,Met,5.0
TKT04808,2026-04-27 16:41:00,2026-04-28 22:54:45.393709713,East,Payment,Payment Failed,Medium,Web,Business,Agent_07,Resolved,48,30.23,Met,5.0
TKT04809,2026-09-24 05:06:00,2026-09-25 02:16:13.012358664,East,Login,OTP Issue,High,Web,Consumer,Agent_03,Resolved,24,21.17,Met,3.0
TKT04810,2026-04-09 04:25:00,,East,Delivery,Damaged Item,Critical,Phone,Business,Agent_19,Pending,12,,Pending,2.0
TKT04811,2026-06-13 10:45:00,2026-06-13 14:50:36.178127581,East,Technical,Website Error,High,Email,Business,Agent_07,Closed,24,4.09,Met,5.0
TKT04812,2026-05-21 05:17:00,2026-05-22 22:06:57.657152902,North,Payment,Payment Failed,Medium,Chat,Business,Agent_17,Resolved,48,40.83,Met,4.0
TKT04813,2026-09-25 18:56:00,2026-09-27 02:38:42.576600229,North,Technical,System Issue,Medium,Chat,Consumer,Agent_13,Closed,48,31.71,Met,5.0
TKT04814,2026-02-06 15:00:00,2026-02-14 12:49:54.720210914,West,Refund,Refund Failed,Low,Email,Consumer,Agent_19,Resolved,72,189.83,Breached,3.0
TKT04815,2026-03-15 23:21:00,2026-03-18 01:51:48.367703466,East,Delivery,Damaged Item,Medium,Email,Consumer,Agent_13,Closed,48,50.51,Breached,1.0
TKT04816,2026-03-14 07:33:00,2026-03-15 17:34:21.985829839,West,Technical,Website Error,Low,Email,Business,Agent_08,Resolved,72,34.02,Met,5.0
TKT04817,2026-07-18 03:10:00,2026-07-18 13:37:21.416734843,North,Payment,Card Declined,Critical,Phone,Business,Agent_08,Resolved,12,10.46,Met,5.0
TKT04818,2026-05-10 20:10:00,,West,Technical,System Issue,Medium,Web,Business,Agent_13,Pending,48,,Pending,3.0
TKT04819,2026-09-03 13:50:00,2026-09-04 20:40:10.367355685,East,Payment,Duplicate Charge,Low,Web,Consumer,Agent_02,Resolved,72,30.84,Met,4.0
TKT04820,2026-03-01 23:10:00,2026-03-02 16:34:59.164665912,East,Payment,Duplicate Charge,Medium,Phone,Consumer,Agent_03,Resolved,48,17.42,Met,5.0
TKT04821,2026-04-13 18:32:00,2026-04-15 23:46:16.878223125,East,Refund,Refund Pending,Medium,Chat,Consumer,Agent_13,Resolved,48,53.24,Breached,1.0
TKT04822,2026-05-31 03:06:00,2026-06-01 09:17:44.598339711,North,Refund,Refund Request,Medium,Phone,Consumer,Agent_17,Resolved,48,30.2,Met,5.0
TKT04823,2026-06-06 13:38:00,2026-06-09 04:54:45.359560354,West,Payment,Card Declined,Low,Email,Consumer,Agent_06,Resolved,72,63.28,Met,5.0
TKT04824,2026-07-25 17:00:00,2026-07-25 21:01:52.837543099,South,Payment,Payment Failed,Critical,Web,Consumer,Agent_03,Resolved,12,4.03,Met,5.0
TKT04825,2026-06-28 02:11:00,,South,Technical,App Error,Medium,Web,Consumer,Agent_01,Pending,48,,Pending,3.0
TKT04826,2026-07-16 14:31:00,2026-07-17 19:57:50.788507833,South,Login,Account Locked,Low,Phone,Business,Agent_15,Resolved,72,29.45,Met,5.0
TKT04827,2026-08-11 10:34:00,2026-08-12 06:06:01.033891587,South,Payment,Card Declined,Low,Web,Consumer,Agent_08,Closed,72,19.53,Met,5.0
TKT04828,2026-03-30 23:19:00,2026-04-01 16:06:36.648592101,South,Technical,App Error,Medium,Phone,Consumer,Agent_12,Resolved,48,40.79,Met,4.0
TKT04829,2026-08-24 11:30:00,2026-08-25 20:47:53.135430709,North,Payment,Card Declined,Low,Web,Consumer,Agent_07,Resolved,72,33.3,Met,3.0
TKT04830,2026-07-02 11:31:00,2026-07-04 07:21:51.953728012,East,Account,Profile Update,Low,Phone,Business,Agent_16,Resolved,72,43.85,Met,4.0
TKT04831,2026-07-28 18:42:00,2026-07-29 15:09:26.840254521,South,Delivery,Wrong Item,Medium,Email,Business,Agent_08,Closed,48,20.46,Met,5.0
TKT04832,2026-05-10 17:37:00,2026-05-12 18:51:49.024873359,South,Delivery,Wrong Item,Medium,Phone,Consumer,Agent_09,Resolved,48,49.25,Breached,2.0
TKT04833,2026-06-02 09:41:00,2026-06-04 18:27:31.244904580,South,Technical,Website Error,Low,Web,Consumer,Agent_08,Resolved,72,56.78,Met,4.0
TKT04834,2026-01-13 02:50:00,2026-01-14 18:58:36.936619900,West,Refund,Refund Request,Medium,Phone,Consumer,Agent_06,Resolved,48,40.14,Met,5.0
TKT04835,2026-05-02 23:09:00,2026-05-04 06:16:07.650091718,East,Refund,Refund Pending,Medium,Phone,Consumer,Agent_01,Closed,48,31.12,Met,5.0
TKT04836,2026-08-08 13:03:00,2026-08-14 07:31:48.071440578,South,Payment,Payment Failed,Low,Web,Consumer,Agent_16,Resolved,72,138.48,Breached,1.0
TKT04837,2026-04-16 18:02:00,2026-04-18 13:33:19.097498258,North,Technical,System Issue,Medium,Email,Business,Agent_01,Resolved,48,43.52,Met,5.0
TKT04838,2026-03-11 03:00:00,2026-03-12 15:44:17.298980563,East,Login,Account Locked,Low,Phone,Consumer,Agent_13,Closed,72,36.74,Met,5.0
TKT04839,2026-07-14 00:18:00,2026-07-15 04:38:13.645776012,East,Payment,Card Declined,Low,Chat,Business,Agent_11,Resolved,72,28.34,Met,5.0
TKT04840,2026-07-05 20:49:00,2026-07-06 22:07:21.494618776,East,Login,Password Reset,Medium,Chat,Business,Agent_11,Closed,48,25.31,Met,5.0
TKT04841,2026-04-09 18:38:00,2026-04-11 19:07:11.247936878,West,Delivery,Late Delivery,Low,Email,Consumer,Agent_19,Closed,72,48.49,Met,4.0
TKT04842,2026-03-23 14:40:00,2026-03-24 05:59:06.626291793,East,Login,Password Reset,Low,Email,Consumer,Agent_19,Resolved,72,15.32,Met,5.0
TKT04843,2026-03-16 22:00:00,2026-03-17 23:34:52.997228619,South,Technical,App Error,Medium,Web,Consumer,Agent_11,Resolved,48,25.58,Met,4.0
TKT04844,2026-07-11 02:54:00,2026-07-11 21:04:06.494121195,South,Login,Password Reset,Critical,Web,Business,Agent_15,Resolved,12,18.17,Breached,2.0
TKT04845,2026-08-02 20:45:00,,West,Refund,Refund Failed,High,Phone,Business,Agent_10,Pending,24,,Pending,3.0
TKT04846,2026-05-24 00:53:00,2026-05-25 15:15:30.211413193,North,Payment,Payment Failed,High,Email,Consumer,Agent_20,Resolved,24,38.38,Breached,3.0
TKT04847,2026-08-04 11:34:00,2026-08-07 04:12:21.231778243,West,Delivery,Late Delivery,High,Phone,Business,Agent_16,Closed,24,64.64,Breached,3.0
TKT04848,2026-01-15 14:22:00,2026-01-16 04:54:42.176663649,West,Payment,Duplicate Charge,Critical,Web,Consumer,Agent_03,Resolved,12,14.55,Breached,1.0
TKT04849,2026-08-05 23:46:00,2026-08-07 06:36:33.058343356,South,Payment,Payment Failed,High,Phone,Consumer,Agent_02,Resolved,24,30.84,Breached,2.0
TKT04850,2026-02-04 22:21:00,2026-02-08 07:00:07.683090577,East,Login,Password Reset,Medium,Phone,Consumer,Agent_14,Resolved,48,80.65,Breached,1.0
TKT04851,2026-07-02 05:48:00,2026-07-03 02:53:37.903870503,West,Payment,Payment Failed,Medium,Phone,Consumer,Agent_15,Resolved,48,21.09,Met,4.0
TKT04852,2026-09-27 07:22:00,2026-09-28 08:41:53.765268837,North,Payment,Duplicate Charge,Low,Email,Consumer,Agent_08,Resolved,72,25.33,Met,5.0
TKT04853,2026-04-10 13:52:00,2026-04-11 16:57:16.885832251,South,Payment,Duplicate Charge,High,Chat,Consumer,Agent_01,Resolved,24,27.09,Breached,3.0
TKT04854,2026-01-07 09:39:00,2026-01-07 22:54:40.391753763,East,Login,OTP Issue,Critical,Email,Consumer,Agent_14,Resolved,12,13.26,Breached,2.0
TKT04855,2026-01-30 04:41:00,2026-01-31 21:51:49.289141575,North,Delivery,Late Delivery,Medium,Phone,Consumer,Agent_14,Resolved,48,41.18,Met,3.0
TKT04856,2026-05-24 05:59:00,2026-05-25 17:17:15.669822823,West,Payment,Card Declined,High,Web,Consumer,Agent_19,Resolved,24,35.3,Breached,2.0
TKT04857,2026-04-21 15:14:00,2026-04-22 15:23:59.898990009,North,Delivery,Late Delivery,Medium,Chat,Consumer,Agent_08,Resolved,48,24.17,Met,5.0
TKT04858,2026-08-20 13:42:00,2026-08-20 23:46:11.620602508,West,Payment,Duplicate Charge,Medium,Phone,Business,Agent_09,Resolved,48,10.07,Met,5.0
TKT04859,2026-06-28 14:51:00,2026-06-29 22:00:37.535461228,West,Delivery,Damaged Item,Medium,Phone,Consumer,Agent_15,Resolved,48,31.16,Met,5.0
TKT04860,2026-03-13 15:52:00,2026-03-14 18:09:51.326486973,West,Technical,System Issue,Medium,Web,Consumer,Agent_12,Closed,48,26.3,Met,5.0
TKT04861,2026-07-29 10:40:00,2026-07-31 07:21:13.714881550,West,Delivery,Damaged Item,Medium,Phone,Consumer,Agent_18,Resolved,48,44.69,Met,5.0
TKT04862,2026-08-08 17:11:00,,West,Refund,Refund Failed,High,Phone,Consumer,Agent_01,Pending,24,,Pending,3.0
TKT04863,2026-03-21 09:22:00,2026-03-22 10:59:05.436152760,South,Refund,Refund Pending,High,Chat,Consumer,Agent_15,Resolved,24,25.62,Breached,3.0
TKT04864,2026-03-24 08:10:00,2026-03-25 05:09:21.923516702,West,Payment,Card Declined,High,Email,Consumer,Agent_01,Closed,24,20.99,Met,4.0
TKT04865,2026-02-11 05:40:00,2026-02-13 21:42:14.900694550,East,Refund,Refund Failed,Low,Web,Consumer,Agent_01,Resolved,72,64.04,Met,3.0
TKT04866,2026-09-30 07:51:00,2026-10-01 03:14:06.042233230,West,Payment,Payment Failed,High,Web,Consumer,Agent_02,Resolved,24,19.39,Met,3.0
TKT04867,2026-07-10 04:08:00,2026-07-11 17:51:09.065477503,South,Refund,Refund Pending,Medium,Web,Business,Agent_04,Resolved,48,37.72,Met,4.0
TKT04868,2026-06-22 03:54:00,2026-06-23 14:22:00.170352573,North,Technical,App Error,Medium,Email,Business,Agent_17,Resolved,48,34.47,Met,3.0
TKT04869,2026-01-07 18:26:00,2026-01-08 17:06:10.369528838,East,Technical,Website Error,High,Email,Consumer,Agent_02,Resolved,24,22.67,Met,5.0
TKT04870,2026-06-04 18:36:00,2026-06-05 02:20:54.416237067,North,Payment,Payment Failed,Medium,Chat,Business,Agent_07,Resolved,48,7.75,Met,4.0
TKT04871,2026-01-10 23:37:00,2026-01-12 01:20:44.765097704,North,Payment,Duplicate Charge,Low,Chat,Consumer,Agent_10,Resolved,72,25.73,Met,5.0
TKT04872,2026-02-03 13:43:00,2026-02-05 16:05:17.682756258,East,Delivery,Wrong Item,Medium,Web,Consumer,Agent_10,Resolved,48,50.37,Breached,4.0
TKT04873,2026-02-05 21:31:00,2026-02-07 15:57:11.116593970,South,Refund,Refund Failed,High,Email,Consumer,Agent_13,Closed,24,42.44,Breached,4.0
TKT04874,2026-01-06 10:31:00,2026-01-06 22:04:32.356978898,West,Delivery,Damaged Item,Medium,Chat,Business,Agent_05,Resolved,48,11.56,Met,5.0
TKT04875,2026-08-03 08:48:00,2026-08-05 06:54:36.298226584,West,Delivery,Late Delivery,Medium,Phone,Consumer,Agent_07,Resolved,48,46.11,Met,5.0
TKT04876,2026-05-14 21:16:00,2026-05-16 12:11:50.364817640,West,Account,Account Access,High,Email,Consumer,Agent_14,Resolved,24,38.93,Breached,2.0
TKT04877,2026-05-06 02:01:00,2026-05-06 11:49:49.319313181,North,Technical,Website Error,High,Phone,Consumer,Agent_18,Resolved,24,9.81,Met,5.0
TKT04878,2026-06-23 14:51:00,2026-06-25 02:20:17.428753532,East,Payment,Payment Failed,High,Chat,Business,Agent_19,Resolved,24,35.49,Breached,3.0
TKT04879,2026-06-01 00:09:00,2026-06-01 13:59:56.459729889,West,Payment,Card Declined,Medium,Phone,Consumer,Agent_20,Resolved,48,13.85,Met,5.0
TKT04880,2026-01-26 22:19:00,2026-01-28 10:25:00.494249317,West,Technical,App Error,Low,Chat,Consumer,Agent_10,Resolved,72,36.1,Met,5.0
TKT04881,2026-04-25 13:57:00,2026-04-27 01:35:04.830417441,South,Technical,System Issue,Medium,Web,Consumer,Agent_08,Resolved,48,35.63,Met,5.0
TKT04882,2026-03-16 21:36:00,2026-03-17 14:03:11.048116539,South,Payment,Card Declined,Medium,Web,Consumer,Agent_02,Resolved,48,16.45,Met,4.0
TKT04883,2026-06-15 22:09:00,,North,Payment,Payment Failed,High,Web,Consumer,Agent_14,Pending,24,,Pending,4.0
TKT04884,2026-07-08 20:33:00,,East,Payment,Card Declined,Low,Email,Consumer,Agent_02,Pending,72,,Pending,4.0
TKT04885,2026-03-19 12:32:00,2026-03-21 08:31:01.123389873,South,Refund,Refund Failed,Medium,Email,Consumer,Agent_12,Resolved,48,43.98,Met,4.0
TKT04886,2026-03-31 14:45:00,2026-04-01 01:23:07.926763927,East,Payment,Card Declined,High,Web,Consumer,Agent_17,Resolved,24,10.64,Met,5.0
TKT04887,2026-06-25 07:43:00,2026-06-27 03:24:30.313080124,South,Login,Account Locked,High,Email,Consumer,Agent_18,Resolved,24,43.69,Breached,3.0
TKT04888,2026-01-21 11:51:00,2026-01-22 11:29:31.331405576,East,Delivery,Late Delivery,High,Chat,Consumer,Agent_17,Resolved,24,23.64,Met,4.0
TKT04889,2026-02-23 12:07:00,2026-02-24 11:15:11.871970069,East,Login,OTP Issue,High,Phone,Consumer,Agent_15,Resolved,24,23.14,Met,5.0
TKT04890,2026-07-03 11:56:00,2026-07-04 17:42:28.301294096,East,Payment,Duplicate Charge,High,Chat,Consumer,Agent_03,Resolved,24,29.77,Breached,1.0
TKT04891,2026-08-10 23:59:00,2026-08-11 23:17:52.368884636,North,Technical,System Issue,High,Web,Consumer,Agent_19,Resolved,24,23.31,Met,4.0
TKT04892,2026-06-28 20:39:00,2026-06-30 14:30:51.778490025,South,Payment,Card Declined,Medium,Phone,Consumer,Agent_11,Closed,48,41.86,Met,4.0
TKT04893,2026-04-22 01:19:00,2026-04-22 09:38:17.333576662,South,Technical,App Error,Critical,Chat,Consumer,Agent_18,Closed,12,8.32,Met,5.0
TKT04894,2026-08-12 07:59:00,,West,Payment,Duplicate Charge,Medium,Phone,Consumer,Agent_03,Pending,48,,Pending,2.0
TKT04895,2026-08-02 15:01:00,2026-08-03 21:39:02.501243034,West,Login,Account Locked,Low,Email,Business,Agent_18,Resolved,72,30.63,Met,3.0
TKT04896,2026-02-28 14:50:00,2026-03-01 21:06:14.396791558,North,Delivery,Wrong Item,Medium,Phone,Consumer,Agent_04,Closed,48,30.27,Met,5.0
TKT04897,2026-04-19 00:17:00,2026-04-20 15:47:58.851062927,South,Login,Account Locked,High,Phone,Consumer,Agent_09,Resolved,24,39.52,Breached,2.0
TKT04898,2026-06-06 19:48:00,2026-06-07 05:12:59.919858900,West,Login,Account Locked,Critical,Web,Consumer,Agent_06,Resolved,12,9.42,Met,4.0
TKT04899,2026-07-10 03:21:00,2026-07-12 23:10:27.101411979,South,Technical,System Issue,Low,Email,Consumer,Agent_07,Closed,72,67.82,Met,5.0
TKT04900,2026-07-19 12:20:00,,West,Account,Account Access,Low,Chat,Business,Agent_01,Pending,72,,Pending,3.0
TKT04901,2026-07-15 22:49:00,2026-07-17 12:02:10.437202531,North,Payment,Payment Failed,High,Web,Business,Agent_03,Closed,24,37.22,Breached,3.0
TKT04902,2026-02-04 23:09:00,2026-02-05 11:48:41.248103144,West,Account,Account Access,Critical,Phone,Consumer,Agent_15,Resolved,12,12.66,Breached,2.0
TKT04903,2026-09-03 05:18:00,2026-09-06 15:02:46.702978641,North,Account,Account Verification,Medium,Chat,Consumer,Agent_02,Resolved,48,81.75,Breached,3.0
TKT04904,2026-08-25 03:36:00,2026-08-27 04:47:26.480731578,North,Technical,System Issue,Medium,Phone,Consumer,Agent_09,Resolved,48,49.19,Breached,2.0
TKT04905,2026-04-14 17:37:00,2026-04-15 16:29:56.071842272,East,Technical,Website Error,High,Phone,Consumer,Agent_08,Closed,24,22.88,Met,
TKT04906,2026-01-07 04:25:00,2026-01-08 21:22:31.934956737,North,Login,OTP Issue,Medium,Chat,Business,Agent_19,Resolved,48,40.96,Met,4.0
TKT04907,2026-01-01 12:03:00,2026-01-02 06:47:00.617629185,East,Payment,Card Declined,High,Phone,Consumer,Agent_14,Resolved,24,18.73,Met,4.0
TKT04908,2026-08-07 12:54:00,2026-08-09 11:13:17.201907166,South,Payment,Payment Failed,Low,Phone,Consumer,Agent_10,Resolved,72,46.32,Met,5.0
TKT04909,2026-08-18 18:23:00,2026-08-19 13:23:57.269819361,North,Payment,Payment Failed,Low,Chat,Consumer,Agent_11,Resolved,72,19.02,Met,5.0
TKT04910,2026-06-21 06:52:00,2026-06-25 13:26:49.192619098,North,Payment,Payment Failed,Low,Chat,Consumer,Agent_08,Closed,72,102.58,Breached,3.0
TKT04911,2026-03-28 21:15:00,2026-03-31 04:52:30.762817852,North,Login,Password Reset,Medium,Web,Consumer,Agent_04,Resolved,48,55.63,Breached,2.0
TKT04912,2026-02-10 17:15:00,2026-02-12 01:52:40.046818688,West,Account,Account Verification,Low,Chat,Consumer,Agent_08,Resolved,72,32.63,Met,4.0
TKT04913,2026-05-03 06:40:00,2026-05-04 20:08:57.350839936,North,Technical,App Error,Low,Web,Consumer,Agent_10,Closed,72,37.48,Met,4.0
TKT04914,2026-06-27 12:03:00,2026-07-01 10:45:15.519508596,South,Refund,Refund Failed,High,Chat,Business,Agent_15,Resolved,24,94.7,Breached,2.0
TKT04915,2026-03-04 04:41:00,2026-03-06 22:47:23.576220374,East,Refund,Refund Failed,Low,Web,Consumer,Agent_13,Closed,72,66.11,Met,4.0
TKT04916,2026-06-14 18:55:00,2026-06-15 09:45:10.945101883,South,Refund,Refund Failed,Critical,Web,Business,Agent_05,Closed,12,14.84,Breached,4.0
TKT04917,2026-07-06 12:02:00,2026-07-08 21:05:10.679073735,East,Account,Account Verification,Medium,Phone,Business,Agent_15,Resolved,48,57.05,Breached,1.0
TKT04918,2026-07-28 23:21:00,2026-07-29 09:56:00.961822147,South,Technical,System Issue,High,Email,Business,Agent_03,Resolved,24,10.58,Met,4.0
TKT04919,2026-08-15 12:30:00,2026-08-17 13:49:19.274375452,West,Payment,Duplicate Charge,Low,Chat,Business,Agent_03,Resolved,72,49.32,Met,4.0
TKT04920,2026-02-17 04:27:00,2026-02-17 21:17:27.695597193,South,Login,Account Locked,Low,Chat,Business,Agent_13,Resolved,72,16.84,Met,5.0
TKT04921,2026-08-12 04:57:00,2026-08-14 11:00:07.683505336,South,Login,OTP Issue,Medium,Phone,Consumer,Agent_09,Resolved,48,54.05,Breached,2.0
TKT04922,2026-01-03 22:20:00,2026-01-05 00:57:04.250354066,North,Account,Account Access,Medium,Email,Consumer,Agent_02,Resolved,48,26.62,Met,4.0
TKT04923,2026-06-24 09:29:00,2026-06-24 18:49:04.131485563,West,Refund,Refund Pending,High,Email,Consumer,Agent_15,Resolved,24,9.33,Met,5.0
TKT04924,2026-04-09 08:28:00,2026-04-10 12:36:38.459821902,West,Login,OTP Issue,High,Chat,Consumer,Agent_18,Resolved,24,28.14,Breached,2.0
TKT04925,2026-04-26 09:05:00,2026-04-26 16:52:39.001704180,North,Technical,System Issue,High,Chat,Business,Agent_08,Resolved,24,7.79,Met,4.0
TKT04926,2026-09-27 12:54:00,2026-09-28 15:08:15.567551523,East,Payment,Card Declined,Medium,Web,Consumer,Agent_03,Resolved,48,26.24,Met,3.0
TKT04927,2026-09-10 06:04:00,2026-09-12 02:21:55.185221767,South,Payment,Card Declined,High,Email,Consumer,Agent_01,Resolved,24,44.3,Breached,1.0
TKT04928,2026-04-05 09:06:00,2026-04-07 10:58:29.620038939,North,Login,OTP Issue,Medium,Email,Business,Agent_07,Resolved,48,49.87,Breached,1.0
TKT04929,2026-09-30 04:30:00,2026-09-30 18:39:33.980179287,West,Login,OTP Issue,Critical,Web,Consumer,Agent_06,Resolved,12,14.16,Breached,2.0
TKT04930,2026-01-24 12:18:00,2026-01-25 12:09:36.212544856,South,Account,Profile Update,High,Web,Consumer,Agent_01,Closed,24,23.86,Met,4.0
TKT04931,2026-04-26 08:56:00,2026-04-27 08:04:51.383972223,South,Login,Password Reset,Low,Chat,Consumer,Agent_09,Resolved,72,23.15,Met,3.0
TKT04932,2026-05-31 20:57:00,2026-06-02 05:40:58.556399048,East,Refund,Refund Failed,Medium,Email,Consumer,Agent_11,Closed,48,32.73,Met,4.0
TKT04933,2026-02-19 00:58:00,2026-02-19 16:48:15.230640418,East,Delivery,Late Delivery,Medium,Phone,Consumer,Agent_05,Resolved,48,15.84,Met,4.0
TKT04934,2026-07-25 21:14:00,2026-07-26 06:57:18.351425881,South,Account,Account Access,High,Web,Consumer,Agent_03,Resolved,24,9.72,Met,4.0
TKT04935,2026-03-20 01:25:00,2026-03-23 17:11:29.383259142,South,Payment,Duplicate Charge,Medium,Email,Consumer,Agent_09,Closed,48,87.77,Breached,1.0
TKT04936,2026-03-11 12:42:00,2026-03-12 18:10:54.925584589,,Account,Profile Update,High,Email,Business,Agent_07,Resolved,24,29.48,Breached,1.0
TKT04937,2026-01-27 06:29:00,2026-01-28 03:46:59.059267936,East,Delivery,Late Delivery,Medium,Email,Business,Agent_20,Resolved,48,21.3,Met,5.0
TKT04938,2026-09-28 20:03:00,2026-10-03 03:54:03.301849594,East,Payment,Payment Failed,Low,Email,Consumer,Agent_13,Resolved,72,103.85,Breached,2.0
TKT04939,2026-02-19 11:58:00,2026-02-20 15:19:21.723703912,North,Payment,Duplicate Charge,Low,Web,Business,Agent_01,Resolved,72,27.36,Met,5.0
TKT04940,2026-09-04 14:15:00,2026-09-05 16:29:12.412728675,East,Refund,Refund Request,Medium,Phone,Consumer,Agent_20,Resolved,48,26.24,Met,5.0
TKT04941,2026-09-21 02:28:00,2026-09-22 19:32:39.010539813,West,Payment,Duplicate Charge,High,Phone,Consumer,Agent_03,Resolved,24,41.08,Breached,3.0
TKT04942,2026-03-20 09:42:00,2026-03-20 22:35:36.611334232,West,Login,Account Locked,Medium,Web,Business,Agent_06,Resolved,48,12.89,Met,5.0
TKT04943,2026-07-09 02:00:00,2026-07-11 14:28:50.793548764,South,Technical,System Issue,Medium,Email,Business,Agent_11,Closed,48,60.48,Breached,3.0
TKT04944,2026-02-16 12:44:00,2026-02-22 11:00:10.328353842,South,Delivery,Damaged Item,Low,Web,Business,Agent_17,Closed,72,142.27,Breached,3.0
TKT04945,2026-07-08 10:04:00,2026-07-10 06:05:07.757404575,East,Account,Account Verification,Low,Web,Consumer,Agent_15,Resolved,72,44.02,Met,5.0
TKT04946,2026-09-13 04:15:00,2026-09-13 19:01:00.445984176,West,Technical,App Error,High,Email,Consumer,Agent_04,Closed,24,14.77,Met,4.0
TKT04947,2026-08-10 12:45:00,2026-08-12 04:33:26.122121254,North,Login,Account Locked,Medium,Web,Consumer,Agent_01,Resolved,48,39.81,Met,4.0
TKT04948,2026-08-29 14:23:00,2026-08-29 22:03:21.420840957,East,Refund,Refund Failed,High,Web,Consumer,Agent_01,Resolved,24,7.67,Met,3.0
TKT04949,2026-09-26 13:19:00,2026-09-27 08:53:20.331611313,East,Account,Account Verification,High,Email,Consumer,Agent_06,Closed,24,19.57,Met,5.0
TKT04950,2026-01-01 22:12:00,2026-01-02 10:15:40.013525368,West,Refund,Refund Pending,High,Phone,Consumer,Agent_09,Resolved,24,12.06,Met,4.0
TKT04951,2026-02-03 00:58:00,2026-02-08 04:11:06.052185091,South,Login,Password Reset,Low,Web,Consumer,Agent_14,Resolved,72,123.22,Breached,4.0
TKT04952,2026-03-20 17:01:00,2026-03-21 17:17:18.052239669,South,Technical,App Error,Medium,Chat,Business,Agent_14,Resolved,48,24.27,Met,4.0
TKT04953,2026-08-24 18:12:00,2026-08-25 15:26:11.205439155,West,Technical,App Error,High,Email,Consumer,Agent_07,Resolved,24,21.24,Met,4.0
TKT04954,2026-04-08 06:27:00,2026-04-10 16:23:29.614697638,West,Delivery,Late Delivery,High,Chat,Consumer,Agent_06,Resolved,24,57.94,Breached,2.0
TKT04955,2026-03-23 18:29:00,2026-03-26 03:56:51.977974755,North,Payment,Payment Failed,High,Web,Business,Agent_19,Closed,24,57.46,Breached,3.0
TKT04956,2026-07-11 13:05:00,2026-07-13 04:09:02.760800606,West,Technical,App Error,Low,Phone,Business,Agent_03,Resolved,72,39.07,Met,5.0
TKT04957,2026-09-10 20:50:00,2026-09-13 06:01:29.260068720,South,Payment,Payment Failed,Low,Web,Business,Agent_05,Resolved,72,57.19,Met,4.0
TKT04958,2026-02-07 09:52:00,2026-02-07 21:41:03.290256490,West,Login,Account Locked,Medium,Email,Consumer,Agent_06,Resolved,48,11.82,Met,5.0
TKT04959,2026-01-14 20:07:00,2026-01-16 03:12:21.907557582,West,Account,Account Access,High,Phone,Consumer,Agent_08,Closed,24,31.09,Breached,1.0
TKT04960,2026-07-28 22:25:00,2026-07-31 12:43:25.932953059,North,Payment,Card Declined,Medium,Web,Business,Agent_13,Resolved,48,62.31,Breached,2.0
TKT04961,2026-03-30 15:08:00,2026-04-05 01:55:21.344436805,East,Delivery,Damaged Item,Low,Email,Consumer,Agent_13,Resolved,72,130.79,Breached,2.0
TKT04962,2026-02-25 22:21:00,2026-02-26 16:32:36.636077788,North,Refund,Refund Failed,High,Chat,Consumer,Agent_01,Closed,24,18.19,Met,5.0
TKT04963,2026-04-04 09:25:00,2026-04-05 06:45:16.912065314,West,Technical,System Issue,Medium,Web,Consumer,Agent_19,Resolved,48,21.34,Met,5.0
TKT04964,2026-04-03 06:38:00,2026-04-04 19:18:31.481539982,East,Delivery,Damaged Item,Low,Chat,Consumer,Agent_09,Resolved,72,36.68,Met,4.0
TKT04965,2026-03-26 14:58:00,2026-03-31 01:37:52.115615521,West,Refund,Refund Request,Low,Email,Consumer,Agent_04,Resolved,72,106.66,Breached,1.0
TKT04966,2026-09-02 21:56:00,2026-09-04 11:19:54.948255702,East,Refund,Refund Request,Medium,Email,Consumer,Agent_05,Resolved,48,37.4,Met,5.0
TKT04967,2026-01-22 04:52:00,2026-01-23 15:41:03.390977406,West,Technical,Website Error,Medium,Chat,Business,Agent_17,Resolved,48,34.82,Met,3.0
TKT04968,2026-09-29 08:04:00,2026-09-30 04:33:49.630946359,South,Payment,Duplicate Charge,Medium,Phone,Consumer,Agent_07,Resolved,48,20.5,Met,4.0
TKT04969,2026-05-02 13:22:00,2026-05-04 19:48:25.075157020,East,Payment,Card Declined,Low,Web,Consumer,Agent_18,Resolved,72,54.44,Met,3.0
TKT04970,2026-05-08 23:55:00,,East,Delivery,Wrong Item,Low,Email,Business,Agent_13,Pending,72,,Pending,3.0
TKT04971,2026-04-23 14:49:00,2026-04-24 16:54:45.481452698,North,Delivery,Late Delivery,Medium,Phone,Consumer,Agent_01,Resolved,48,26.1,Met,5.0
TKT04972,2026-09-30 04:03:00,2026-10-02 00:29:51.594163386,South,Delivery,Wrong Item,High,Email,Consumer,Agent_14,Resolved,24,44.45,Breached,2.0
TKT04973,2026-05-10 15:59:00,2026-05-12 23:08:55.497235474,South,Technical,System Issue,Low,Email,Consumer,Agent_14,Closed,72,55.17,Met,5.0
TKT04974,2026-05-12 19:37:00,2026-05-15 01:07:06.182940715,South,Payment,Payment Failed,Medium,Email,Consumer,Agent_13,Resolved,48,53.5,Breached,3.0
TKT04975,2026-03-26 13:35:00,2026-03-28 04:45:35.588063935,West,Delivery,Late Delivery,Low,Chat,Consumer,Agent_18,Resolved,72,39.18,Met,5.0
TKT04976,2026-03-22 04:32:00,2026-03-22 20:55:21.959836404,West,Login,Password Reset,Low,Chat,Consumer,Agent_08,Resolved,72,16.39,Met,4.0
TKT04977,2026-03-10 08:39:00,2026-03-11 16:28:17.935543624,East,Delivery,Wrong Item,Low,Email,Consumer,Agent_01,Resolved,72,31.82,Met,3.0
TKT04978,2026-05-28 19:11:00,2026-05-29 23:52:38.709592069,West,Login,Password Reset,Low,Web,Business,Agent_15,Resolved,72,28.69,Met,5.0
TKT04979,2026-01-16 23:16:00,2026-01-18 01:42:04.988775768,West,Technical,App Error,High,Phone,Business,Agent_17,Resolved,24,26.43,Breached,3.0
TKT04980,2026-04-15 09:27:00,2026-04-16 16:57:53.284526906,East,Technical,Website Error,Medium,Email,Business,Agent_17,Closed,48,31.51,Met,4.0
TKT04981,2026-06-14 10:37:00,2026-06-16 04:23:25.773790436,North,Payment,Duplicate Charge,High,Phone,Consumer,Agent_02,Resolved,24,41.77,Breached,2.0
TKT04982,2026-07-20 02:38:00,2026-07-21 18:54:50.188886360,West,Technical,System Issue,Low,Email,Consumer,Agent_14,Resolved,72,40.28,Met,4.0
TKT04983,2026-07-16 10:51:00,2026-07-19 06:34:20.428247856,South,Payment,Duplicate Charge,Low,Phone,Business,Agent_01,Resolved,72,67.72,Met,5.0
TKT04984,2026-07-04 02:55:00,2026-07-06 01:04:12.731601700,South,Technical,App Error,Medium,Web,Consumer,Agent_02,Closed,48,46.15,Met,5.0
TKT04985,2026-09-22 10:19:00,2026-09-23 00:21:44.349327596,West,Payment,Card Declined,High,Phone,Consumer,Agent_07,Resolved,24,14.05,Met,5.0
TKT04986,2026-04-10 03:30:00,2026-04-12 21:14:11.549433717,West,Payment,Duplicate Charge,Medium,Email,Consumer,Agent_01,Closed,48,65.74,Breached,4.0
TKT04987,2026-08-02 07:26:00,2026-08-05 04:12:46.350761397,East,Account,Account Verification,Medium,Web,Consumer,Agent_10,Resolved,48,68.78,Breached,3.0
TKT04988,2026-06-11 09:45:00,2026-06-12 00:29:43.193458269,West,Technical,System Issue,Medium,Email,Consumer,Agent_18,Resolved,48,14.75,Met,3.0
TKT04989,2026-06-06 02:46:00,2026-06-08 15:18:03.785787564,North,Delivery,Wrong Item,Low,Email,Consumer,Agent_03,Resolved,72,60.53,Met,5.0
TKT04990,2026-09-08 07:39:00,2026-09-08 17:31:04.169811648,East,Delivery,Late Delivery,Critical,Chat,Business,Agent_18,Resolved,12,9.87,Met,5.0
TKT04991,2026-04-07 15:15:00,2026-04-08 19:07:10.977593833,South,Delivery,Late Delivery,Medium,Phone,Consumer,Agent_19,Resolved,48,27.87,Met,3.0
TKT04992,2026-01-18 23:00:00,2026-01-19 21:39:15.515676770,East,Refund,Refund Request,High,Email,Consumer,Agent_13,Resolved,24,22.65,Met,4.0
TKT04993,2026-04-07 22:07:00,2026-04-08 21:04:59.027676026,West,Payment,Payment Failed,High,Web,Business,Agent_02,Closed,24,22.97,Met,5.0
TKT04994,2026-01-01 20:56:00,2026-01-07 10:45:34.917798619,West,Account,Account Verification,Medium,Web,Consumer,Agent_03,Closed,48,133.83,Breached,3.0
TKT04995,2026-08-04 22:30:00,2026-08-06 02:05:23.764001431,North,Refund,Refund Request,Low,Web,Consumer,Agent_04,Resolved,72,27.59,Met,5.0
TKT04996,2026-05-12 20:05:00,2026-05-14 02:44:55.225757250,North,Account,Account Verification,Medium,Chat,Business,Agent_17,Closed,48,30.67,Met,5.0
TKT04997,2026-09-17 22:37:00,2026-09-19 14:29:00.244481822,East,Payment,Card Declined,Low,Email,Business,Agent_08,Resolved,72,39.87,Met,3.0
TKT04998,2026-05-05 17:32:00,2026-05-06 14:28:53.438758886,South,Technical,Website Error,Medium,Web,Consumer,Agent_08,Resolved,48,20.95,Met,5.0
TKT04999,2026-03-23 11:53:00,2026-03-24 05:40:38.735295320,East,Payment,Card Declined,Medium,Chat,Consumer,Agent_03,Resolved,48,17.79,Met,5.0
TKT05000,2026-06-20 18:36:00,2026-06-21 09:34:14.892867966,East,Delivery,Damaged Item,High,Web,Consumer,Agent_15,Resolved,24,14.97,Met,4.0
TKT03407,2026-02-15 04:58:00,2026-02-15 15:07:51.834853015,South,Payment,Payment Failed,Critical,Phone,Business,Agent_03,Resolved,12,10.16,Met,5.0
TKT00758,2026-05-22 09:19:00,2026-05-24 01:58:46.341973530,East,Delivery,Damaged Item,High,Web,Consumer,Agent_11,Resolved,24,40.66,Breached,1.0
TKT03625,2026-07-16 16:13:00,2026-07-17 06:34:51.670420146,South,Delivery,Damaged Item,Critical,Web,Consumer,Agent_03,Closed,12,14.36,Breached,3.0
TKT04545,2026-06-01 16:09:00,,East,Login,Account Locked,High,Web,Business,Agent_09,Pending,24,,Pending,3.0
TKT03236,2026-06-26 08:14:00,2026-06-29 10:19:56.038777605,East,Technical,App Error,Low,Chat,Consumer,Agent_14,Closed,72,74.1,Breached,1.0
TKT01869,2026-08-15 13:34:00,2026-08-15 21:52:29.393181154,West,Refund,Refund Pending,High,Web,Consumer,Agent_18,Resolved,24,8.31,Met,4.0
TKT02917,2026-09-24 02:43:00,2026-09-24 13:04:32.506951122,West,Delivery,Late Delivery,Medium,Email,Consumer,Agent_02,Resolved,48,10.36,Met,4.0
TKT03336,2026-02-27 23:42:00,2026-03-02 09:35:55.157895092,East,Technical,App Error,Medium,Chat,Consumer,Agent_08,Resolved,48,57.9,Breached,3.0
TKT03528,2026-07-20 14:58:00,2026-07-21 16:48:01.027881027,South,Technical,System Issue,High,Chat,Consumer,Agent_16,Resolved,24,25.83,Breached,4.0
TKT02828,2026-08-15 13:21:00,2026-08-16 08:26:20.097950874,West,Refund,Refund Failed,Low,Chat,Consumer,Agent_03,Resolved,72,19.09,Met,4.0
